identifier,personName,birthDate,gender,knowsLanguage
b84d119e-02e2-4aa7-9edf-4ce81c4dbb4a,Shawn Green,1990-03-17,Other,nl
1fe92146-b4c9-4305-88fe-5048c15b88b2,Taylor Rios,1983-11-14,Male,et
03ee36c3-2b3f-419f-bba9-fbb0d8c6827b,Alexandria Jones,1981-11-16,Female,et
9218df37-2e0f-474a-8025-f85dd8faf66c,Joshua Barnett,1997-12-23,Female,de
119aa71b-f6bf-47b5-9f46-fe0222087f22,Sheila Johnson,1983-03-05,Other,nl
b878690b-cde0-4275-9b89-04b3ad44c92c,Jordan Lopez,1981-07-17,Male,et
268a694e-bd40-4db2-a091-0f2597af2762,Chase Snyder,1977-03-30,Other,et
2d4e1ddc-b640-4705-abd2-ab3df5179bf6,Ronnie Gibson,1987-10-14,Male,de
17965755-16f2-4c25-b3e3-d5b2edd655b2,Linda Cain,1995-10-02,Female,nl
f0f9ba5c-f1fb-4e30-8106-c3fdd1ebc473,Robin Johnson,1975-04-30,Male,et
04a5b104-36fb-4c42-95f9-1f5052a2703d,Karen Jackson,1996-10-09,Male,nl
3708940a-35fd-4999-a684-4c60d6bcfb6b,Ms. Allison Knight DVM,1963-06-28,Female,de
efc32591-eec7-4728-8d19-4f9ff4cd2c8e,Jamie Griffith,1966-12-09,Other,nl
86d88dfa-8644-47d4-9f93-023b2b0d0b28,Timothy French PhD,1990-08-09,Male,et
6173fade-5928-4966-99c2-f9c5b8e87ae6,Sandra Sandoval,1978-01-11,Female,nl
881fe7d2-4929-4064-a3b6-303298816488,David Harrison,1987-04-19,Other,et
f725b007-e192-499f-8d89-17df03e645b9,Stephen Miller,1993-10-10,Male,et
b10a02f0-3c9f-45f6-9a1a-dca196622773,Loretta Torres,1999-02-06,Female,et
d1cfcb3f-4b37-4149-8426-cd16f72f18bf,Austin Wade,1973-09-28,Female,et
b3aae80a-8215-4c65-af96-4166e821351b,Ashley Tyler,1961-03-11,Male,nl
986b3c74-64f1-4da1-9533-df0d54b45872,Catherine Ramirez,1999-06-28,Female,et
0d1f7157-c155-4e3b-a9ea-24cbb2d8af99,Kevin Cooper,1983-08-03,Other,de
6546a097-f546-4de5-a78d-d499b7f1e1ef,Karen Mitchell,1974-07-10,Female,et
00d3470f-abed-43b1-89e6-6c0421125186,Michael Petersen,1970-02-12,Other,de
a8f6dc78-6605-463f-a21b-cd13bf1bbc2b,Grace Adams,1997-10-01,Other,nl
bbfd1135-290a-4d07-aefc-486379fb1b86,Pamela Bowers,1990-04-20,Other,et
c734627f-1c37-46f5-ad1d-134f91ee4f41,John Pineda,1993-06-19,Female,de
09692c8d-469b-4933-afc1-dcb19dd1ada7,David Baker,1985-06-24,Female,et
791931e9-5d61-4584-929d-4e8c68cad7a1,Brittney Rios,1964-02-15,Other,nl
e744b3ad-951e-4379-b9c8-4ddd63db2a60,Cody Mitchell,1995-08-15,Other,de
bcf280e4-ccb7-4d20-b6c7-861461b89cc2,Tony Rogers,1984-05-24,Male,de
56986738-71cf-4c86-88e2-8883d1073e33,Terry Hoffman,1997-02-22,Female,nl
1a2a322d-5a23-40e9-9a94-07742393fe5e,Hannah Miller,1978-02-22,Female,de
ff300d96-7436-467d-8a6a-9be02fabf1db,Sarah Myers,1978-04-06,Female,nl
8b6a86c0-299a-4c03-852e-3f483072b3e3,Ronnie James,1979-11-17,Other,et
5b7feec3-ad43-4e14-9a2f-c72117fe41c3,Caitlin Wright,1972-04-28,Female,nl
0791488b-e0db-48b2-bd62-f4ce0c640f49,Cheryl Webb,1963-07-23,Other,et
872296c7-87c2-415d-8c35-6c8374003a2e,Susan Williams,1986-03-21,Male,et
26d6ec32-3848-4348-afa4-5063b191aeca,Cody Stephenson,1977-05-15,Female,nl
199d9679-fbb3-486e-abed-cda1972f5943,Sabrina Brown,1959-12-12,Other,de
f3bf298c-ae30-4cef-849c-550d3e3f979c,Shari Ramirez,1987-06-28,Female,nl
f6e68035-3612-42fe-80da-c72e4365c89a,Patricia Mitchell,1961-07-29,Male,de
960ad3a1-e1bd-44e6-8771-6ddfe7a4d2f7,Michelle Garcia,1982-09-08,Female,de
99880164-8b01-4cc5-85a1-350b996ac4d8,Barbara West,1984-10-12,Male,de
24344145-7f9b-4492-a977-d9fcea2464d9,Sandra Hall,1960-03-13,Other,et
2256a104-6b8d-491c-b6d0-bbd9e5ce89f8,Cheryl Schmitt,1982-11-24,Male,et
0ac1f2aa-9453-48a3-9d38-bed2c7c854e1,Allison Lee,1980-10-10,Other,et
01d4c080-c6d4-41f2-b5da-4791f99ccbfe,Janet Herring,1988-08-30,Other,et
e1432e73-04ef-4ca7-a196-1f7a1d67829c,Victor Wilson,1998-06-07,Male,et
111004d0-3dd0-463c-bbbd-cd207c9814b7,David Hill,1971-11-05,Male,nl
9415e92f-1d72-4ac3-9c76-4a47b3ac1729,John Hughes,1987-08-02,Male,et
cca6216f-9350-466e-8cd6-5e9848ece305,Anthony Shelton,1998-11-06,Male,de
4aa7a7fb-f399-480e-9451-80ee6a7d6b1c,Jessica Cole,1964-08-20,Female,et
bba7f3ab-601f-4788-8384-a61b9dc7ee45,Dr. Amber Allen,1989-07-07,Other,et
b1d8c383-1272-492c-b64c-dfba05915bf5,Heidi Benson,1984-01-10,Female,et
19f4ea14-d540-4af7-b1b3-8ddb10c70842,James Hampton,1982-05-07,Male,et
e5816dfc-d0eb-4f91-a716-d7150ce384e3,Kelsey Smith,1983-06-16,Male,et
e2c4af37-e756-4ebf-81e4-cfd0564522bb,Danny Ruiz,1984-08-17,Male,de
197841d4-e706-45d2-aa96-e79f1140b40c,Michelle Meyers,1994-10-30,Other,de
84eaee51-311d-4bd3-b066-787f71c0f077,Stephen Mathis,1964-05-09,Male,et
8889daf9-6c06-4266-bfe0-826c42f123e6,Kevin Kaufman,1998-10-18,Female,de
8c227625-efd8-4200-bf98-b2fdc452e610,Erin Woods,1961-06-13,Female,nl
fa84d79e-88b8-4b81-9f05-785370696824,Martin Warren,1969-08-01,Female,et
851a811a-6601-4459-87b8-a4b6fc164e12,Teresa Rodriguez,1977-01-30,Other,de
f8027f47-3679-43c0-8f0b-f061bd4d330d,Lisa Edwards,1992-07-30,Other,de
d9dfe7be-1ddb-4a6c-b7a2-7fb32a9570b8,Jose Clark,1997-08-30,Male,et
5646bd7d-aee2-493c-9f01-8c743df7fe6a,George Boyd,1985-03-16,Female,nl
59d66239-0166-4796-a975-d06b0043af98,Cynthia Morales,1959-06-16,Other,de
3e98b054-2b71-4653-b3ad-e4d96ed66248,Joshua Flynn,1961-03-17,Other,nl
9355ac4c-61fd-4e44-9d58-e098a14a3bf0,Dana Williams,1974-08-19,Female,et
67ddb936-3e0f-4a71-9f7c-4f1a1e94d967,Alexander Anderson,1979-04-09,Other,nl
1d09f845-0757-4743-bf5f-eba8f2f4d6c1,Michele Jones,1960-09-30,Other,nl
dc4dc502-a5ef-40cd-8ac1-f2c897f31293,Randy Rice,1997-08-05,Other,de
23984285-e82d-4545-8584-7c7b35672a2e,David Stone,1974-06-24,Female,nl
6333d1ec-8c85-4a14-9ef0-2a9098407d45,Gary Carter,1959-09-20,Female,nl
280a063f-9e83-4a1f-a12a-7e7234fceff5,Ashley Le,1972-02-09,Other,et
e6e5b8a4-3a43-4c61-89b5-026b4757cb16,Donald Jackson,1981-08-30,Other,nl
12fd3550-ff88-43ce-a49c-c66396cd2a09,Lisa Meyers,1989-09-11,Female,de
27e13b47-fa11-4dc5-a8e3-cb0ac3c8ad84,Courtney Lyons,1970-01-18,Male,de
7d6a840f-e5b7-4b77-a9a4-3d8d0a76ef0d,Patrick Marshall,1979-01-13,Female,nl
b5eb125d-d828-45f0-8e36-9e2150357bc4,Vickie Hill,1995-03-18,Female,et
9fc7e9a9-4e62-430b-a800-c6f73776b599,Katherine Rodriguez,1980-05-21,Other,de
e34ea0c6-e83b-4e1f-992f-7f93098b55a7,Tara Mason,1977-06-09,Female,nl
bd84ac7c-068c-4375-9fac-a4a1d8fa61f9,William Lutz,2000-01-24,Male,nl
d9955c24-bbde-4b2b-96ec-c5a77dac37ea,Dr. Ashley Park DDS,1965-02-06,Male,de
44049ac4-f112-4897-8f2e-a9d01efb7ecb,William Torres,1964-02-15,Female,nl
c951ab85-3f65-4cfe-8878-228cd15e5685,David Buckley,1968-07-31,Female,nl
7c1691b4-3bbf-4d08-bca0-9ca1733c2b58,Lisa Johnson,1975-04-28,Male,et
0307b970-02ce-465d-b52c-08a482b2a2ae,Martha Jimenez,1960-12-29,Female,de
486d4a98-c6c2-4d08-b4b6-7809e2d21f8b,Sandra Brown,1990-04-01,Male,de
bcbf9090-e461-4a49-a214-8ddf4f7a6286,Nicholas Wood,1989-10-05,Other,nl
d94a5b7d-6666-49ff-ac5e-d6c63b0c6e22,Steven Hunt,1959-06-29,Male,et
2a835718-0d49-4483-8a44-7865a5ee8e69,Linda Knight,1980-05-17,Male,et
8d76d5d7-a707-4610-96f8-5401f4c33994,Morgan Jones,1988-02-08,Female,nl
bb790b4a-393f-4a83-be0d-a720e17bcec5,Jamie Moore,1969-09-20,Female,et
0de1eedb-6036-4ec4-be05-4bf517ae33ff,Kyle Manning,1985-12-06,Male,nl
41c52128-0555-4221-8aac-f91caa798d9b,Justin Jones,1966-10-07,Other,et
d46ff5d4-0917-4692-abc8-c0e3af9c64ef,James Ball,1966-05-02,Female,et
dd5a4625-7539-4c29-9f4f-f6d711c275d6,Carol Miller,1962-06-04,Other,de
3199cf3d-4024-45a7-a4d6-7ef20c3b21f3,Jennifer Brooks,1969-05-15,Other,et
02f6ef8e-f8a8-470e-80fc-4c999150b640,Robert Robertson,1962-12-06,Female,et
6481c434-6fd0-438e-bfbf-f0ff704530ad,Andre Price,1998-10-14,Other,de
4694572e-4aab-4296-a866-365afb4d9ca6,Erika Hill,1994-06-22,Other,et
1db98691-1c7e-4395-840b-e549f7ebf8cd,Joshua Harris,1975-01-23,Male,et
0e1bebee-5052-4fb0-b33a-463cd3e01f89,Courtney Johnson,1985-11-16,Other,et
3145bb7c-933d-4798-bb0f-b9990777a678,Roy Campbell,1970-11-27,Male,de
525ce2ea-854b-414e-b147-d5c07c7e845d,April Coleman,1985-02-06,Male,et
d3d6bff2-ec12-4349-b86f-a276b7834f3d,Savannah Mann,1994-04-12,Male,et
2687d2f9-fa49-495e-8886-6fc636b92227,Thomas Fisher,1961-12-17,Other,de
67744de2-2c6e-44f3-b3ca-e1f93b2d8bb2,Justin Nelson,1980-02-13,Male,de
75a09dcb-9366-4b23-831d-604b24ef7197,Pamela Gordon,1970-10-26,Female,et
928cd65a-fb80-4f4f-9a70-94dc6a29abfc,Cameron Bullock,1987-11-17,Male,et
10de99f3-c3c6-4930-af97-d437f1831c1a,Carl Fisher,1973-06-08,Male,nl
511f69b8-8822-4f9e-ab3c-45fb6b94a0c5,Tracy Brown,1986-11-20,Male,de
71e50582-535b-4d81-8250-457fc4d91d9e,Karen Walker,1970-04-29,Female,et
36aeb559-b28b-4985-9865-d61161891f61,Corey Owens,1998-06-27,Other,de
c2a79b57-6c81-4f39-aead-a2e29350a953,Janet Byrd,1981-07-13,Male,et
00da5e70-027d-48dd-98bb-b0a9dfcff5af,Ashley Roy,1986-01-14,Male,et
377c33f5-c35a-4e65-8d4a-d056a9f0fccf,Bill Hamilton,1995-07-09,Other,et
7442d9eb-d81c-4d72-bb18-4fa6740a1cd1,Melissa Gomez,1985-10-18,Male,et
c18a71cb-16e0-4001-bf8e-08b7a0ceb53c,Mr. Seth Cook,1971-01-01,Male,nl
4417d108-e256-4d3a-a90c-85a21ac2a40f,John Johnson,1993-05-12,Female,de
4881918a-376a-43ae-a245-cf08dec1244e,Michael Frank,1963-05-16,Male,et
92355e65-7255-40d2-9922-cb0f29055c9a,Gregory Rowe,1966-10-04,Other,de
99ecd0c4-8422-4dc4-a19e-8e35e6a600ff,Donald Harrison,1962-01-30,Female,nl
d9a9ed18-49ef-4314-9826-8ba21af01a6b,Brenda Parks,1991-09-12,Other,et
60c50be5-3980-41ec-b286-5561dffe77d3,Stephanie Price,1972-12-22,Male,de
afa05c08-ecff-46d5-b3d3-4a6139eb331f,Mrs. Anne Richardson,1997-04-19,Other,et
dc61e992-8cca-445b-a623-ebd0a278cffa,Glenda Scott,1973-12-03,Other,et
fc3856f9-2f1d-4b37-a747-07ac086e6da6,Richard Butler,1966-09-08,Female,nl
65c8d5a4-52f6-4978-ab94-7864bfca3d56,Jennifer Barker,1993-04-05,Male,de
7855d5eb-85d8-4d58-99ad-17ad8c0f36bb,Diane Strickland,1972-06-07,Male,et
c90b4a64-e657-4eba-8f19-347b4607c009,Micheal Perez,1975-04-26,Other,et
c33fd7f7-59cb-4836-9c36-8f6dbfb1b73b,Amanda Daniels,1959-08-20,Female,et
2c15d6bd-45ce-4d3c-a75e-e5a9dddc046d,Mrs. Lindsay Shaffer,1973-06-18,Male,et
49935154-1061-4764-9835-bbe1c038bf33,Michael Grant,1977-11-18,Male,et
01fadd66-313c-4238-9361-7ed49699bfdc,Olivia Hanson,1998-12-07,Other,de
64ffc93f-c687-4f35-9e27-df45d46a985d,Rachel Robertson,1986-03-15,Female,et
0ed4218a-e1bc-43e3-99f4-5e5495a5e6ac,Susan Washington,1960-12-29,Male,et
87d11c29-4767-42cf-b145-8ebb9f01cf8c,Timothy Huerta,1959-08-22,Other,nl
22d29ad7-becb-4985-8468-19a2036d10dd,Jasmine Cannon,1989-11-25,Female,de
a426c7d6-f035-4a2e-917c-d8debf27270d,Donna Boyd,1967-08-14,Female,de
e773f183-43b3-4eff-846d-ca8d7a9055d7,Joshua Bryant,1983-01-07,Male,nl
4712c4a1-8288-4123-8fd8-bca07e2b4180,Amy Kelly,1975-05-23,Other,nl
7a4928ed-2ee8-45df-9f61-a8a2997655ee,Charles King,1961-06-24,Female,et
133f10a2-163c-4e1d-b72f-3bde631453f4,Donald Guzman,1982-12-13,Male,de
ff6bec97-8ad0-4b51-861c-c922740ef505,Katherine Evans,1972-09-25,Male,de
36036e5a-2ec9-496a-80af-4c2483528106,Vicki Donaldson,1981-09-04,Other,et
f749f051-ce39-4625-a5e0-d3c40f290b18,Roger Wolf,1966-01-11,Female,et
70dff046-ffb9-428e-bb65-7767a5da33e3,Michelle Owens,1999-02-06,Other,de
3d7ac4a5-c7f5-47ec-bf8b-50512f3dd453,Melissa Norris,1978-07-07,Male,de
1654fe52-641b-48a8-9853-ffbcbeb81fde,Jesse Carter,1969-01-01,Other,nl
da3cf272-96c5-4115-949e-d29a7e5e5f22,Brandon Thompson,1962-10-25,Male,de
88a22644-d2d8-40ac-9c4c-2d13fc904ddb,Emily Freeman,1995-12-15,Female,nl
5e356814-9b4c-40a4-9c2a-062e3584c3a4,Roger Meyers,1984-01-06,Male,de
91f0a00b-aa56-49c1-8706-5664a4af2273,Connor Young,1995-09-26,Other,nl
f351608f-edf4-4529-a57a-9c82aeae8da7,Kenneth Harmon,1962-09-21,Female,et
2f8f1d68-acd1-48cf-83f4-89dcb17d3b86,Karen Mays,1981-10-04,Male,de
d424fccf-f66a-40a3-92f7-c54c6771cd8d,Randy Carter,1965-12-12,Female,et
8e20caca-e360-4eda-a21e-d037f544cb4f,Lynn Weaver,1970-01-22,Female,nl
88985a53-4969-4b80-81a8-dbff1d48809d,Shelley Burns,1999-05-06,Other,et
2899e90f-314f-47e3-b0d5-717de58d16fa,Kelly Morgan,1976-04-14,Female,de
55e95db1-7920-44b0-8211-eba1151aa67b,Rose Rivera,1997-05-05,Male,nl
53b99ece-e5bf-4b86-af4d-d329b472f925,Sophia Harrell,1971-04-04,Male,de
b4f49f86-6f13-43f3-a7ca-e51fe8f638f7,David Miller,1968-07-05,Male,nl
f5b72da3-77d7-424e-8188-4cd3e03454e4,Sarah Mcdaniel,1994-06-04,Other,de
607c87df-8db5-45ed-a383-8aabc54deeda,Cody Lloyd,1967-11-18,Female,et
df15f365-74ad-4a83-972a-0c0e88d74b49,Kristin Nichols,1981-04-25,Female,et
2a2e19d9-235b-4555-80c2-dc08f6f46b02,Sonya Sawyer,1997-07-09,Other,de
5a07ec9a-72d8-4c63-9214-5715f7794e50,Benjamin Ayers,1976-08-15,Male,de
e215dba8-10d3-4228-9712-dd213cd5f568,Anne Sampson,1977-12-09,Other,nl
b25c3303-b8c7-4897-968a-22d75eb60291,Linda Pittman,1975-10-15,Female,et
d7c98ced-7495-4496-b937-4e659f9a40e6,Angela Wood,1973-05-31,Male,nl
943b2d70-bc26-4f3a-87ed-b957d44d2642,Caroline Harris,1972-05-14,Male,et
ab77cb87-8c4f-4370-b3dd-c13a7113b9d3,Cassandra Hernandez,1974-04-13,Male,nl
2d9e3366-4262-4e48-8a17-e18ea41df089,Gregory Holmes,1987-07-20,Male,de
4994fc58-1037-4004-94c8-814ec6e3ac57,George Morrow,1998-12-24,Male,de
5459a109-eda9-4ce3-bd77-13449d68155a,Ashley Kemp,1959-09-17,Female,nl
afc1a39c-e302-4319-8975-29260df9d636,Alyssa Williams,1996-10-26,Female,nl
34714604-1114-4112-ab8e-8e886e2d5785,Frank Aguirre,1976-09-11,Male,nl
262dab33-8a42-4595-b6e5-729692cce859,Elizabeth Chan,1996-01-26,Male,de
1ea0f50f-fa57-4379-aaf4-f4d0ac08af2d,Mark Knight,1960-01-04,Female,et
ab5d4dfe-9eda-487c-80b4-1fee54776ae4,William Bailey,1973-12-28,Other,et
9ae2ec0e-d809-43a0-bdd3-73117869157d,Christopher Harris,1961-09-21,Male,et
f771141a-172d-48d3-a6b9-506ffcce5ea5,Mr. James Mccann,1996-03-07,Female,de
8140116a-0e15-43b9-aad0-cd646db491ef,Dawn Smith,1991-06-21,Other,et
17415390-0383-478c-ae09-b65178e0882b,Johnny Flores,1968-09-05,Other,de
36d3d862-dc8d-4843-9e3f-9eb026bcf48a,Krista Maddox,1992-03-04,Female,et
f6919caf-c8de-4d03-9b70-a8f662f0a848,Steven Smith,1989-07-04,Other,nl
ae51643e-9444-4514-9bac-c235634db5c2,Julie Gonzalez,1975-02-21,Female,nl
fe9f1c81-1658-4c4c-aea5-24120b7cbe8b,Gilbert Martin,1970-03-27,Other,et
c9c8e1f4-8f98-47e7-8f5b-54b69b240792,Miss Karen Stokes,1979-09-24,Other,et
fd4ff9d0-7b03-4250-8844-da6fe655c3c3,Jennifer Velazquez,1980-06-24,Female,de
d5e6b68c-68bc-4dc5-b058-07a70a3028a6,Jennifer Paul,1991-04-23,Male,et
2dba7639-1f74-42a8-93b5-2c66dfeed49f,Amanda Wagner,1974-09-27,Female,de
b5f6ac58-2f7a-414d-8133-8086d5fad65d,Mr. Nathan Jacobs MD,1970-04-08,Female,et
8f4dc7fd-ca33-4ee7-b318-76add2fb0c0e,Claudia Watkins,1991-01-18,Other,de
00474d3b-3836-4d35-a033-8ba54f756eff,Tara Copeland,1992-10-14,Female,et
b7071e52-2cbc-4d49-ab06-5d64234a5c47,Dawn Anderson,1964-06-08,Female,de
ba03b424-eaa9-40e4-a0ed-54e4022ea6d9,Tyler Schroeder,1997-11-26,Other,de
3cc61e47-607a-4f4b-be48-320c22d1db52,Andrew Dunn,1974-04-17,Other,de
883db756-be83-447b-b9fd-87571ad257f6,Andrea Miller,1985-05-06,Other,de
be1b885c-4528-4081-a516-1a13757bfaf6,Deborah Miller,1993-11-24,Male,et
78150b10-51e7-4811-9323-cb9208356ac7,Daniel Arnold,1973-07-05,Other,nl
deda5cd0-31ce-496d-b441-81ec78d9c68b,Carol Webster,1976-10-25,Male,de
620db629-33be-433e-81a0-fb2b2d3ef01f,Steven Jones,1973-01-11,Male,et
b1c519ff-64b2-407c-8d15-e4a488fa964a,Michelle Martinez,1968-12-19,Male,nl
c28d7434-a541-4a4f-8b35-37155a7af57b,Megan Osborne,1983-01-14,Female,et
6262f02c-2f46-4003-92cc-42b1d35e651d,Joshua Smith,1962-09-15,Male,et
5d46cee5-1f28-4730-a65e-c08e5277b1d5,William Garcia,1972-09-19,Female,nl
17ea3224-df78-44e8-b8e4-03f41cef2ed7,Madeline Moran,1979-08-28,Other,nl
3d00a942-59ff-42d2-bc62-e5d4a24d1ff4,Meredith Smith,1959-09-13,Other,nl
58136911-2f6d-4c6f-bb52-950b593b05d6,Daniel Camacho,1991-03-05,Male,et
15cd5b3f-2ee6-4632-91a6-5f7e593c769d,Amy Coffey,1987-12-21,Other,de
3c2eb529-533f-410e-a925-1a6bd5e7fd13,Stephanie Hutchinson,1981-02-23,Male,et
50463dca-4b7d-41e9-8eb0-0e647b3deac0,Alicia Wagner,1961-06-28,Female,nl
45237c7f-ccbb-4ccf-b0f6-927645dd034e,Lindsey Arnold,1980-08-09,Other,et
014de060-ab94-4665-b3b4-aa33f3247312,Shaun Jones,1981-08-16,Female,de
7d18cd7a-a45d-4f73-928b-dddb6f0b0ffc,Kenneth Gomez,1973-03-28,Female,nl
a9c8f157-44c6-4558-b6ad-5ce78f6eac32,Victoria Jones,1968-08-30,Other,et
442f4f75-7f76-4e05-abd3-3f5acd13b341,Jennifer Miller,1991-03-13,Female,et
24d1ef23-d773-4e03-bdbb-abed09be3ba0,Jason Davis,1993-11-12,Other,nl
386c4a4d-65d9-4352-81a4-32c730fe697f,Mr. Robert Holmes,1980-03-10,Female,nl
e8d22880-f829-4d12-a16e-7eef03a4b12b,Michele Cook,1970-06-30,Female,nl
e49703e6-dd2c-4644-a4d4-c712afb87efb,Mark Nichols,1964-11-05,Other,et
deff3219-7455-4364-ba80-8acb074b68af,Kenneth Miller,1976-07-10,Other,et
e56d6c41-0f55-4626-ac86-08cf6dc0b90e,Rachel Frost,1974-12-18,Female,de
be4d34e7-ddeb-4b79-8c36-94774a589e5a,Jessica Clark,1962-05-03,Other,et
c8f37321-336e-4a9c-9ffb-1b7c2b484f0c,Holly Munoz,1977-10-04,Male,et
2dbc7cf8-47a4-4bbc-a93d-4c2db9183c04,Noah Mcdaniel,1996-01-17,Female,de
b6c59c89-eac3-4b2f-b37c-28df5bb9b95b,Peter Jones,1972-08-01,Male,de
32d61c3c-9548-4a8a-9a76-2794bf392fa4,Kimberly Jones,1982-08-30,Male,de
0392e2fc-5e69-4185-b51f-5feb146c3606,Kimberly Hill,1961-07-14,Female,de
a31d73f7-379e-47f0-aa11-73a7809548f5,Cindy Molina,1966-05-27,Other,nl
9bf0d2a9-70a6-4ece-9e67-27cc394a9978,Joe Miller,1978-12-18,Other,nl
9cecafd1-fd36-4bf4-85ab-2a309c6f23c7,Gina York,1990-11-25,Other,nl
1be7c27f-194f-4f0c-b1ca-b1541cc5fab2,Justin Francis,1995-04-01,Female,de
0f815b32-2a3a-49cf-887b-6c7c9213599e,Gregory Ellison,1989-08-27,Female,et
d06b476e-5355-4109-a8b3-405d59d99701,Matthew Noble,1964-12-25,Other,de
df4475a7-544f-4b97-bcf2-262293728acd,Diana Phillips,1998-04-26,Other,de
58b243c0-bae3-4e7f-8239-77c67e0e538e,Sherry Cowan,1972-03-18,Female,et
d2f43484-14cb-4468-b119-84f8da7e6ba4,Sharon Rivas,1980-11-29,Other,et
17a8fb6f-87a2-4475-8094-e73cfae78eb7,Christine Cole,1999-01-19,Other,nl
4f04714c-714e-47f6-8ea7-4f83efaac2b6,Wyatt Miller,1972-09-17,Female,de
b697407d-ea81-4c62-a8d0-d328bfb8acbe,Adam Bell,1995-03-01,Other,de
9c2b4d4c-ca7f-40cf-b485-16db0376fedf,Zachary Oconnell,1960-01-22,Female,et
7234a9f6-17ed-45e1-a687-24f4a7e2a1fc,William Brown,1966-10-25,Other,de
53d69a8c-b794-443f-944e-d56374bf8b3e,Kenneth Robbins,1998-06-05,Female,et
f01ccbe2-3287-496f-aef6-d8c389d0dee9,Keith Livingston,1995-04-15,Other,nl
19dc80b2-ebee-411c-aa36-05199fea5aa9,Thomas Garcia,1993-06-08,Female,et
abeb1920-d922-4870-86e4-09d3a814b534,Karen Cohen,1996-08-26,Other,et
46176c53-6b01-4aa9-a239-3a81c47e6b29,Sandra Smith,1989-10-03,Other,de
24dd9fd3-305a-43fc-bdac-32a7cc12c55c,Kimberly Mills,1987-04-28,Other,et
eff967f7-46ed-4862-ba0e-7eaeaa629c3e,Anthony Ibarra,1989-10-22,Female,et
d6195266-9087-4788-bec9-b2a1f628f690,Jessica Jacobson,1979-05-20,Female,nl
06c300a7-f2a3-42dd-a619-f49c76044118,Cheryl Rodgers,1965-01-15,Male,et
5b78f97b-3568-49e6-ad59-df0693e9e9bd,Christopher Stewart,1967-07-24,Other,nl
90b41df3-29d8-401d-b658-111a1e8a1bf6,Judy Williams,1965-02-27,Male,et
cec23762-bf7c-4d9a-8f12-52ea93a108f1,Willie Estrada,1980-09-23,Female,nl
ffe1a041-a396-499a-83cf-a29f3a5e991b,Todd Nelson,1977-11-12,Female,nl
4cadc65b-a3b2-47d1-b64b-9c77261d0229,Laura Lee,1966-10-05,Male,de
bf0bb058-541c-43ec-b34b-8336a27ba644,Joshua Roberts,1986-06-03,Male,et
bc36fa0d-cc96-4951-806c-499c1d0a6bd3,Melinda Lee,1973-10-18,Female,nl
e2d61ef1-dfb3-4c63-9105-41a8ccab09da,Lisa Sutton,1982-02-19,Other,de
9d46ac90-fb8b-4961-b5a0-6841371f2417,Kristina Taylor,1999-06-10,Male,et
514d9162-f1b4-4d5d-b8c2-043e31ab6131,Mary Kennedy,1965-11-12,Female,et
aef4b136-a4a0-43d9-a1a3-270b1c0d0d4b,Teresa Clayton,1985-04-05,Female,de
631da244-a76f-418b-b3cf-2334f57c7baa,Brian Wright,1973-05-08,Male,et
27c9cad0-a497-47fa-ad92-25273f776c1f,Mary Butler,1982-12-02,Other,de
bb8922a8-18f6-49be-a17f-8abb5f351b27,Brooke Salazar,1981-07-27,Male,de
71dbdf32-3dfc-4406-b0ae-dede82ecd659,Warren Mcfarland,1978-07-06,Male,et
792589f5-5cb0-4802-828c-2557fc6c8f1e,Robert Logan,1996-01-21,Other,nl
faf509af-d334-4b74-a5d0-ed96cae2053e,Nicholas Hays,1963-02-05,Female,de
8ddfd266-f9af-4c5a-940d-a75165599e5f,Timothy Phillips,1998-11-29,Female,de
3f410b3a-2493-4829-ae7d-609ac7a9ccac,Jennifer Weaver,1985-08-11,Female,de
dde046d2-e4eb-46eb-a936-8bb745ea198c,Whitney Evans,1992-01-18,Male,et
8960b388-5154-469f-86f5-c3e0c3b82238,Hunter Stanton,1993-12-09,Female,nl
65a4c117-14a5-46ae-862d-6826337a190f,Heather Cannon,1963-04-04,Female,nl
a09a5ae5-c286-4396-9023-9b414c7ad4c1,Laura Stephens,1992-02-06,Male,de
9c1315b9-4246-4ad8-96cf-e7d7265b0e2f,Jermaine Davis,1984-09-24,Male,nl
4f861a7c-0958-49f7-a10a-22d984a01681,Sara Walker,1966-05-01,Female,et
9358df7f-4576-4838-8d53-b26a4f3455db,James Davis,1965-08-22,Female,et
b6d815c8-d385-48f4-b596-a3d91e385e0d,Joshua Meyers,1961-05-24,Other,de
e0144dc6-7007-479c-a529-f8d2bbefa7b7,Mike French,1997-02-19,Male,et
b91e88a3-a5c0-4bd1-ac6f-4eb7702cd372,Matthew Gamble,1967-05-28,Other,nl
225b3160-930b-4206-bdb9-8fa5529f9830,Samantha Jackson,1980-07-30,Male,de
f9964ce4-e96b-470d-af6f-19dc28067701,Amanda Jenkins,1985-10-23,Female,nl
f47b6801-82b6-4743-bec3-549bdc9fc789,Rebecca Perez,1960-07-12,Female,et
f8d8aa35-0662-4d25-b1dc-69d9f266ca38,Heather Sullivan,1992-08-25,Male,et
b0472333-e1eb-485f-b837-ae57fc942434,Michael Washington,1970-03-09,Other,de
8666745b-019f-4768-b836-71c32258e52c,Nancy Wiggins,1999-08-26,Other,nl
9718249b-5130-4d58-bac3-8a289d9bc00f,Lori Perry,1970-11-26,Female,de
f3a52128-803a-4a5a-be0a-7b9897f9d551,Mikayla Nelson,1975-10-23,Other,et
948cec0e-791c-4c09-be5a-c65c1d3a3a2d,Nancy Collins,1980-10-31,Male,nl
812e0392-94a4-4efa-a8dc-ebfb1f3ab3c2,Ricky Diaz,1995-08-31,Male,nl
2c0848d2-5614-4ee9-8b2e-0c0ca632b041,Brandon Graham,1997-10-16,Male,nl
e933dd92-4545-41c9-a782-bbced51eed76,Heidi Mills,1960-09-15,Other,et
8db3b86e-2c55-4b06-b7f8-0b4da1328a13,Justin Mendez,1977-11-30,Male,de
0fab2ba6-c8d7-4195-a8c3-bb899d3141ba,Alicia Murphy,1960-09-16,Female,nl
cd38c0a8-719e-4fe9-bc4f-18cb93bb031e,Colleen Sutton,1968-04-22,Other,de
36283e54-8deb-46a9-a8a9-92bf5c170c5a,Amanda Suarez,1992-04-12,Male,nl
14ac5940-8e7a-4a66-8bb4-85bdb7d794a6,Bradley Miles,1989-08-04,Other,de
b07c6e71-e9cf-40bf-8a88-3099fe8f5069,Lucas Larson,1972-07-25,Female,et
c3f884cf-c97f-4ea9-b835-83a6f243cf16,Stephen Murphy,1990-01-23,Female,et
cd8b061c-3c68-4a3e-b26d-a92178c632f4,Olivia Cameron,1972-12-04,Female,et
a3ce98bf-1834-4d46-a9df-9d9756d90e08,Daniel Levine,1979-01-27,Female,et
2d9030e3-001c-4f71-8561-fb1e9e3e653a,Amanda Ramirez,1997-12-28,Other,de
86615a3e-a11d-4922-83cb-7a8d4bb10dc9,Kevin Fernandez,1961-09-06,Male,de
2462c92f-6a8a-42aa-b431-2fbdcb9693e3,Brian Vazquez,1973-11-25,Male,et
47bceec1-ccae-4252-96cf-f1908e84f56e,Danielle Miller,1974-09-29,Other,de
5f6ce363-6b90-4633-88a5-74df67e4598f,Ariana Gardner,1983-01-16,Female,de
21cd5ced-aa47-4ba5-8bd8-07506ab43621,Jennifer Barry,1978-06-15,Other,de
2885e5b9-7c46-48f4-b910-2226a8a84175,Abigail Thornton,1983-03-04,Female,et
520c15d1-20f9-45af-8c0e-38f5d6b4d4a4,Caroline Roberts,1961-07-19,Male,nl
7c6446c3-147c-41ad-a66e-1653b6d773ab,Austin Bray,1993-09-02,Female,de
6ec8c616-29ee-48d8-80e9-55afc154784b,April Smith,1982-02-26,Other,et
3f5447e8-4ec0-4d8f-9185-8c3935d9c56c,Michael Smith Jr.,1962-10-14,Male,nl
395e7c05-c23c-4076-9173-4909edf53388,Thomas Murphy,1969-11-16,Other,de
0e75601d-3e14-472e-85c6-554712c8431d,Tonya Warner,1981-04-27,Other,de
848489e1-af06-4b31-930b-1781df27fbf8,Melissa Campos,1995-12-27,Other,nl
1f9363c5-478f-41db-9a86-78f491799fef,Alexis Perkins,1990-08-27,Other,de
ebebf71c-20b0-4284-a386-35ace66e4df3,Robert Morgan,1986-06-03,Other,de
6c38ad39-9309-471e-9430-067d7eddaec1,Timothy Vargas,1982-10-19,Female,de
d43e28e4-d973-4723-938d-495cd862f72a,Alexandra Miller,1967-09-01,Other,et
4f228557-d4cc-425d-a314-1aecb7701f17,Jessica Scott,1975-08-06,Male,nl
d337f163-69dd-404c-81a6-e36156777b91,Richard Martinez,1962-04-02,Female,nl
c46ec789-dad1-4e60-a03b-82fdc5cc4d26,Donna Hill,1969-03-09,Female,nl
5d35d152-8aa2-4f5c-85ec-93e0efdbe745,Toni King,1960-09-20,Other,nl
3c1a8da6-07fa-415f-818f-5596ce4732c9,Thomas Cruz,1983-10-02,Other,nl
036ab80c-acfb-42e2-b673-f323aecdbc19,Brandon Page,1987-12-10,Female,nl
21f8a1d9-ca87-48d1-abec-9b71abdfffb8,Lisa Morales,1992-04-07,Female,nl
5edda134-3b64-4f36-a6d8-1f21e474c3d6,Angela Patterson,1979-01-06,Other,nl
47bcd6d4-c67c-46e6-8b4a-be42b6313f8a,Jessica Morales,1987-02-26,Female,de
ec93a554-965c-4155-9378-f200db24eae1,Shannon Figueroa,1990-07-31,Female,nl
e6870a9c-332b-4dc5-bdd9-39f2858b6ccf,Justin Lopez,1982-09-24,Male,et
4ff3323d-b566-43cc-97a2-65af9b2de157,Daniel Holmes,1961-07-24,Other,et
005a8bd8-c6d7-4a3f-a772-34e47ba9c774,Lisa Nunez,1974-09-19,Other,de
c3bc9a0e-a3e6-415a-aeea-871e12071245,Gregory Johnson,1962-03-01,Other,et
43b4f0dd-ae07-4d22-a3c5-6f1b0b10c800,Victoria Moon,1986-11-10,Other,de
04f42d78-5248-47ce-aae8-23583b851725,Jacqueline Hamilton,1962-02-22,Male,et
92a01650-675c-462e-952c-b7cbeb0e6b67,Cynthia Moon,1966-01-16,Female,de
4a732fb4-fee2-4dee-ae21-ddf2bab2fa1b,Elizabeth Martinez,1976-03-19,Female,nl
22bc0872-c321-4841-aa0f-fa365fbed958,Angela Gardner,1969-04-19,Other,de
2dee524f-4f2e-4e18-a853-dcc9c1d65ccc,Erica Lamb,1983-11-29,Other,et
87359c4c-cd99-41c9-b755-0ce680c69732,Yolanda Taylor,1996-06-01,Female,nl
d882ba71-c670-48b5-9df9-194b24a2d638,Robert Moreno,1975-08-01,Female,et
e6a2b2ad-12cc-4c6b-afd4-db686a8e892e,Gregory Fernandez,1962-12-12,Other,et
c2190d6f-92be-4f7f-b6de-e339b27a09bd,Rose Wells,1977-08-27,Other,et
da14fddb-356b-4a96-aedf-22ddc83e002a,Donald Morris,1960-07-28,Female,nl
d7e3ba57-ca07-4a67-9ca5-7c822df850c8,Christopher Olsen,1990-05-24,Female,de
4d85ed13-aed5-4e40-9319-39ee33ba8d06,Colleen Cooper,1975-05-30,Female,de
1d1e455a-2fea-4ebb-abce-a2fc663841cb,Dana Paul,1985-04-14,Male,nl
40acf803-fee7-4daf-a2ad-329b9e9c6ccd,Jack Bishop,1969-03-12,Other,de
c665fd1e-294c-40de-9027-d27b57b5fe7e,Patricia Bautista,1966-04-04,Male,de
411b97ae-a2f7-4445-a1e5-a0f8c6c3a411,Lisa Moore,1988-08-01,Other,et
ce5831b7-e3da-40b6-9328-ece006d5abd9,Jenny Bailey,1973-03-14,Female,nl
67f95cb4-6044-4a2c-9fef-bfd1eda2e63e,Matthew Jackson,1993-07-01,Female,nl
727cc9e6-3904-4182-9a43-b266601e40bf,John Lewis,1978-06-08,Male,de
e34b824a-5d71-488d-a2a0-da088ba116d3,Luke Faulkner,1998-02-01,Female,nl
6eb8f2f2-6968-4ce4-8645-11ec8f14e2f9,Shelly Burgess,1985-06-22,Female,nl
9a8cfedc-bb54-4a1a-bcfa-6aedabd73d6f,Diana Murray,1992-09-30,Male,nl
601e6607-6590-489d-b44c-c4c8db86b5ab,Peter West,1993-03-22,Female,de
58a550c1-e4b4-45e0-9fec-ace9aace7a2d,Sean Evans,1973-04-16,Male,nl
d163d082-ea1e-4ed8-9eb6-a42599f58f7a,Jill Castro,1972-04-18,Female,de
22c26ddd-f02b-4439-a06b-aca993558bca,Howard Hamilton,1976-11-28,Female,de
354049d6-82ba-4396-bf6d-cd1aa8b2eb7f,Debra Brown,1996-05-18,Female,de
948551a6-5402-48ed-bb56-1d1973418c71,Michael Bentley,1962-04-20,Other,de
12e00905-d492-4f25-aedb-c324bdff359f,Carl Anderson,1959-06-25,Male,nl
555f146f-fd04-4de8-a5a0-afdde24c52d5,Steven Boone,1973-03-30,Other,nl
4f1f2303-a90c-4d0b-9c1f-809b86f716eb,Eugene Fernandez,1973-03-03,Other,et
47f8ae3a-41ed-4aa7-bfe3-2033cb833fc9,Christine Gomez,1974-05-25,Male,et
fad27d88-8d89-4690-9df3-ff42fa5587f7,Jason Holmes,1982-06-17,Female,et
71813db7-6c20-4fe0-a6e5-c4f92268315e,Anthony Hernandez,1986-08-31,Male,de
30c86488-eb3c-4c6e-acc0-2325322ba1ee,Derek Hawkins,1971-04-26,Female,de
7ee132a3-cfbd-4b03-91e4-7df05a9910f1,Brian Clayton,1971-09-27,Male,nl
efba6ac5-f0ac-45ff-9bf2-158f31a1139f,Kenneth Stewart,1960-10-08,Female,de
f23d3d44-b93f-4bf9-bdda-07f4522b4d3c,Ashley Cunningham,1972-01-26,Female,de
92d84f6a-ff86-45ba-88e2-9629bf0780d2,Carla Church,1963-09-13,Female,de
1475161e-0cd7-4ea5-87b0-08f8c24005ce,Larry Harvey,1961-12-10,Female,de
c5c32fa9-f1b7-4d13-94ba-9c0e19e020cb,Joseph Villanueva,1981-12-30,Male,et
9d6f40ae-88e9-448f-a993-3d8a0f6849ad,Kimberly Clark,1970-10-12,Other,de
89efe203-4389-4c73-993e-499cf5411e71,Nicole Moran,1987-08-15,Male,et
1a5ba8a3-4631-42ca-8ac5-fe85f69bc353,Eric Fox,1980-11-02,Male,de
c570e7d0-af1d-413e-8a9a-018b3b6b7446,Gabriella Hicks,1987-12-22,Other,et
07cb488b-7a25-4687-b3a4-322b0865ccf5,Jessica Brooks,1964-11-14,Male,nl
4dd2f9e1-f9e4-47d4-a34d-b2033de94ef1,Jennifer Goodman,1975-12-30,Female,et
2f34b0c7-94d2-430e-8d26-b4044d622793,Karen Bailey,1986-11-26,Male,et
e4b2db65-5dc2-48d2-8cce-baca5950a488,Daniel Mercado,1990-10-29,Male,nl
eb193fd2-5bbd-4887-8978-95eb36e08d73,Bonnie Williamson,1961-07-03,Male,de
124bfc73-93ae-432d-8820-ff3a9dca382c,Samuel Brown,1986-09-21,Female,et
3ea559a7-8b1a-443a-bce8-93f5d030ba0d,Regina Nelson,1985-09-02,Other,et
3adda5db-f5e6-48f0-8809-e301bbff023b,Morgan Lewis,1982-04-25,Male,et
105ecec4-3b3e-45c2-a74b-06470279582a,Elizabeth Fox,1975-07-05,Other,et
1bc7e1ca-dddc-41aa-b519-436750dcea11,Tammy Thomas,1995-08-22,Female,et
51adc898-b018-4051-aa68-e59627b69e7c,Russell Jenkins,1972-08-29,Male,et
efd68d63-ab20-4487-8612-bc723af6e23c,Gary Dawson,1962-01-28,Male,nl
00afecfa-6ea0-41cc-9ec7-d2715034e9ff,Travis Young,1968-08-20,Other,de
ef8d6a23-77fa-4939-8ff5-fa080b3cdb8a,Jennifer Davis,1977-10-27,Female,nl
2be622bb-8f3d-4b39-9573-e216946d558f,Michael Martin,2000-01-11,Other,nl
88046218-219c-45dc-a934-b325375a8bc0,Katherine Berry,1988-12-31,Female,nl
aa8ff9eb-862c-4b1a-8cdf-1cbae4fa786e,William Alvarado,1990-11-23,Other,nl
cf7976e2-b13a-4272-8a0c-60881a9bc4f2,Kimberly Stevens,1960-12-05,Male,de
4c9455c3-e9d1-49ed-994a-b08d54f41e7c,Erin Stafford,1989-07-31,Other,nl
4158fd4c-0f20-4c42-b2eb-d73d5210917f,Darren Wang,1968-10-29,Male,de
90e23e20-4326-4b19-b288-49bfa037c88b,Tonya Rodriguez,1983-07-10,Other,nl
aeb7abd8-eb6f-4bf8-8d5a-a4e444900cf7,Vanessa Kelly,1988-02-26,Female,nl
ee9cca17-63bf-4b99-b6bd-e95c3308c2fe,Gina Rodriguez,1971-06-18,Other,et
9ba1a0e1-ed50-414e-b721-e6ec045f8dbd,Abigail Elliott,1977-03-04,Other,nl
926f7656-61eb-4c5e-8379-249e02b479e1,Robert Hall,1974-11-17,Male,et
c28450d8-763a-406c-bc92-6a11d52b7425,Joseph Trevino,1974-01-08,Male,de
462fe9e0-2c37-4027-a444-3472c716b4b8,Crystal Anthony,1964-04-28,Other,nl
6aa6897a-213a-4a4a-9d36-ac5f6f5ebd0b,Ashley Carter,1983-09-09,Female,nl
c14909d4-9065-4adc-8516-e79783d2d01e,Alec Graves,1975-05-04,Male,et
186ed0c7-b3e0-4be3-87e5-9251fea180d4,Jason Molina,1976-04-24,Female,de
2573473c-cc1f-499b-ad93-525f13b76328,Tony Powell,1960-08-02,Female,et
68d73dc4-26f7-4cca-a85d-13193fb964a7,Stacy Johnson,1961-05-24,Male,de
8325c1d7-7eb9-4719-80ea-beb970a63517,Joseph Thompson,1974-12-03,Female,de
a2e90190-a193-49ae-ae37-649b7ad728d6,Stacey Maxwell,1966-11-30,Other,nl
35baaefe-712f-43f9-a8bc-dadfff3ae831,Wendy Davis,1988-11-04,Male,nl
b4c6e023-9e1c-4121-a64a-b4f57beef784,Amy Lane,1976-07-10,Other,de
ff3b4880-c97b-4122-ba7e-eb983b4d2653,Elizabeth Andersen,1966-10-08,Other,nl
36b372c1-d4aa-422d-b041-ee2b15e6f209,Valerie Kramer,1972-03-18,Male,nl
af7f1e6d-3ec6-4031-8853-2b75924c38e5,Sharon Thompson,1983-05-26,Other,et
df9aa645-111e-4b67-8e9f-b733acb951db,Andrew Phillips,1977-07-01,Female,de
46cd1316-6b3b-4268-ad72-6c30141acd50,Julie Sanchez,1991-08-19,Male,nl
dddc21c8-3bc4-48e9-875e-e59710f3f405,Mark Powell,1992-12-11,Female,nl
5c5bf958-ecee-4bc4-964a-98f41419dcce,Matthew Kaufman,1983-06-11,Other,et
2148bbd5-c5c7-44e5-b5c3-9c58d7d83b05,Courtney Miller,1964-06-05,Female,et
54b492f2-4790-4a66-bcca-6ec476e08038,Cameron Roberts,1994-08-10,Other,et
8dd2922e-303f-47b9-971f-379b4fd16914,Donna Nicholson,1990-09-14,Female,de
6ade45e3-d804-46cf-be3f-4bb27895be4d,Michelle Barrera,1961-08-21,Female,nl
53b9bf8c-bd03-487f-9717-ab6722a4a660,Sean Fisher,1989-08-09,Other,et
ca8abcf8-0d9f-474e-a0e9-238517a5f05b,Dawn Lee,1988-03-28,Other,de
3a2b4beb-ac77-4482-a6c0-4fda3448fd57,David Clark,1991-03-13,Other,de
00f276c9-41cf-41a1-bdc5-515ab78331b9,Michael Johnston,1962-05-01,Female,nl
a7f9c197-22fb-47fd-a61a-bf8e92bffcda,Tyrone Garcia,1977-08-23,Female,nl
544501d8-b07f-4939-92f0-d71499adabab,Brandi Duncan,1970-09-17,Other,de
5ed8cf72-9c0b-4bdf-94ce-af9b47817cc6,Mark Bishop,1978-11-18,Female,et
e4b49605-1fd4-472c-b944-834a87e60bb3,Susan Bush,1982-02-01,Female,de
85048d9b-89a2-4954-8791-4603d47b3f01,Sandra Martin,1960-03-17,Female,et
e49fb89a-0c07-4c83-af54-1f8d255f97dc,Diana Johnson,1967-09-22,Female,nl
b9641b2b-3e51-4fc9-ae59-eb3da0d887f4,Elizabeth Martinez,1972-06-24,Other,et
672ee6d8-fe2f-4a90-8e4c-62064e2cb497,Douglas Jensen,1971-03-27,Other,et
4dddc0a4-2496-4423-9c00-2b08585a2f78,Sabrina Reed,1992-11-22,Male,nl
ccc4b853-261a-40f4-ac51-3f50b821c896,Luke Martinez MD,1964-12-07,Male,et
e21e4b7f-b36e-4329-bfe1-145e392ef516,Rachel Bishop,1996-08-03,Female,de
16c7f379-4132-42ac-8fb4-4a78c9193878,Keith Anderson,1981-10-13,Female,et
5ef15442-7012-4df5-bf50-48acf2533686,Lisa Hernandez,1986-03-12,Other,nl
6dcfb027-4faa-408e-acef-2b9ca419e3e9,Melissa Oliver,1993-01-31,Male,et
5cffc1d5-f0fc-4adb-8435-cd68cfe5b6aa,Douglas Andrade,1990-07-29,Male,nl
c558cc74-6240-432f-b231-5900e9aabd16,Gabrielle King,1968-12-26,Male,et
4ec28e2b-cceb-46b2-89a7-2e86779e195b,Henry Gonzalez,1993-10-22,Male,et
4ea6f747-9d76-49ad-b948-e2a3d3177258,William Shepherd,1984-07-30,Other,nl
a6daf3da-3700-4f21-8dba-1e5bf4a507b1,Travis Salazar,1965-09-02,Other,et
94882dec-df24-4168-8a73-ab95f4a2e800,George Castaneda,1979-10-27,Male,de
f803abb6-cd8e-4696-934e-c0ebc660f13b,Kathryn Odonnell,1967-07-22,Other,de
9c43a7a2-ba21-41b9-91b5-a8fd04eef3ab,Danielle Jackson,1978-10-26,Female,de
f40d0f12-d441-4869-9202-de49bbf9a566,Travis Davis,1970-09-07,Female,de
f6f94606-36d0-46fa-bc43-a9344ed90a87,Curtis Anderson,1967-08-31,Female,de
ba438516-e711-4ff9-8e6a-d8a8a17dacb6,Aaron Roberts,1971-10-11,Female,de
5a37955a-83e5-4f91-bb14-bfbf3c8d5aa5,Michael Melton,1979-07-10,Other,et
972c6ae2-7ccb-48c7-a747-c24dc7da38ba,Megan Fernandez,1979-09-24,Male,de
8f76781e-2215-44aa-9e5c-fe61f1e5023e,Andrea Clark,1992-03-08,Female,de
bf9a0701-25c8-4ccf-8c05-a4c404b6b8bb,Scott Kent,1968-05-28,Other,nl
3d2e1f14-3ac3-4d0a-b050-2fd9033300c0,Tracy Fischer,1989-10-11,Male,de
222e3622-a1a0-4c41-b143-1f31ee5c7a9e,Stephen Gross,1989-06-19,Female,nl
d64b2c59-aa3c-4492-8aa6-769956fa2c9f,Zachary Ellis,1992-07-02,Other,nl
a683c786-bef2-407e-9119-0fc7fa0ae81d,Jason Armstrong,1971-09-06,Male,nl
7f15a0c4-2556-4cae-9458-7aed733acdea,Shannon Monroe,1988-11-25,Female,de
f2ad7be7-4e8c-4beb-9ba6-8ab3464e36e6,Valerie Chavez,1966-05-23,Other,de
a5b520e3-c920-442a-8a0e-7c65c722e7b2,Sharon Peters,1969-02-24,Female,nl
bdbd0190-48c6-49d2-97ae-a1be119a7034,Stephanie Pugh,1983-05-13,Female,nl
bf4124dd-dea9-446b-991f-9bde2e66214d,Hannah Love,1998-01-30,Male,nl
c087f07d-df06-489c-8efd-f25fabf67a29,Donald Anderson,1968-02-18,Female,nl
4cf7bf47-fa07-4600-b2a0-9d833236d814,David Collins,1969-08-09,Other,de
1847b3f9-1c58-4588-bc73-44bb7e1f8d5c,Stephen Cummings,1968-09-22,Male,de
0dc513b6-27cc-4237-8352-976d2b99c4ac,Phillip Gross,1986-01-18,Female,et
55c194ba-8096-40fb-8389-ac8f7a583f75,Alfred Smith,1998-03-03,Other,nl
a54d0586-b74b-49ef-a481-0b99ca8fb164,Douglas Boyd,1969-10-31,Other,nl
b82febc6-f666-4db5-90c6-d79950a80ee1,Michael Hahn,1967-09-09,Male,et
5a27a23b-88f0-4439-9a46-b65a8dd14deb,John Tanner,1988-09-01,Female,de
21debb8e-627e-43d6-9820-d56117fe3da5,Melvin Greene,1984-03-05,Other,et
e0efdcb2-b254-4bc7-b06b-4ef130ee39ea,Douglas Rasmussen,1971-03-07,Other,de
7d26fea8-d463-4658-b3f7-8143cb0d1551,Charlene Duncan,1962-12-03,Female,nl
1a030d4e-315f-4158-9af1-f9409c83f469,Joe Parker,1976-09-01,Other,et
74a89419-fac1-4ae9-acee-f8e2be9c1b80,Brandy Baird,1992-11-16,Female,et
ab0df02a-8fd3-412a-a77a-31d9059e4e73,Glenn Cordova,1970-04-06,Other,nl
3eec887e-2079-47ba-ac39-bca5ba59affb,Catherine Mcmahon,1988-09-04,Other,et
3bc81168-bb53-41db-ba37-5adc2918431e,Mark Bowen,1961-08-07,Other,et
c46a36cd-dc69-4533-bda4-8b50f17ca74d,Sarah James,1977-12-08,Other,et
bb6a1441-9698-4408-8176-a0846177bd37,Taylor Lee,1965-05-10,Female,nl
818277e2-1f72-4c8d-af1e-7d87604e799e,David Le,1973-08-09,Female,nl
12aa822e-faf1-4768-856f-7348aba2cf6b,Joe Dean,2000-03-05,Male,de
c77ee9bb-4c7c-4ee1-88f4-6b1f2552cfea,Seth Walter,1965-09-06,Other,nl
933b2df8-51a0-431d-af65-b114a0819201,Jennifer Ray,1985-01-15,Other,nl
3628fee2-da1f-4186-8d15-be9adcbdfa5c,Brandi Acevedo,1988-07-12,Other,et
b94cff8a-e336-403c-8fbd-d3f73d675430,Calvin Barr,1998-09-21,Other,nl
975f9d69-e7ca-4851-a94e-68757ad2f1c6,Claudia Perez,1974-06-10,Female,et
982ca596-3a1c-480d-b77e-82d89d5c713e,Ms. Lori King,1974-12-13,Other,nl
57665bcd-e35e-4a3e-88fd-32072bfacfbe,Joanne Coleman,1993-06-13,Male,et
9ecc67c8-9419-4567-bce1-63adb69235f1,Kara Martinez,1966-05-05,Male,nl
c007a33e-7001-44c9-82d9-81f6c99a8cdd,Robert Coleman,1994-02-17,Other,et
2194309c-5f9d-4c1b-8858-327c902eb773,Brian Rogers,1983-09-29,Female,et
3e0dfd28-17ef-4ccc-8af7-6da17b7035e3,Melanie Mcgee,1995-09-16,Other,et
091eca72-0278-4963-b9be-384524584b39,Katherine Hunt,1991-10-13,Other,de
81af9a76-126f-44dc-9e78-b27af0696899,Darren Myers,1973-12-11,Other,et
010bd4fe-5789-4404-b84b-f63b4f3ef6b2,Jose Stout,1979-06-06,Male,nl
627ee75d-c2ef-48a1-9e2f-32153ffac0d9,Douglas Liu,1997-01-12,Female,de
4d7c110a-0275-48f1-9964-a2d3c5a34e28,Pamela Tucker,2000-02-11,Male,et
81d3ff9d-fc61-4488-8440-15b55e0131d2,Martha Yang,1969-12-04,Other,de
a73641da-0b90-413e-b296-950344803ee4,Theresa Houston,1965-02-27,Male,et
4713f704-eaf9-4d32-acba-3be7ed522764,Clifford Blair,1977-08-06,Other,et
156cb7fa-fa7d-40b7-809b-282805e72a36,Sarah Smith,1970-08-13,Male,de
c92073bd-b911-4e37-86f2-a59bef191444,Howard Morris,1993-07-16,Male,nl
baa9e1bd-c631-478c-8e03-1945cce730c3,Keith Harper,1966-11-15,Male,nl
6b4df986-e6fd-4451-9946-6dbd2174ef99,Teresa Smith,1983-09-19,Male,nl
0e633410-bab5-45e1-8553-96f6fc5ba1f3,Antonio Moore,1971-09-07,Male,de
beb49094-1141-4853-9209-afeec45c8646,Michelle Torres,1996-10-01,Male,de
700982ed-64b8-4640-bc21-47e219c8e6a7,Amanda Smith,1994-12-08,Female,de
6c5dcf08-77ba-4c3b-99f7-04d8a778bf93,Johnny Williams DDS,1999-02-26,Male,de
613f1e69-ad26-4ad8-afdd-eee464a5d3ba,Ronald Price,1978-03-05,Other,et
fb366f4c-6e51-4e45-8552-17da04f1bf72,Justin Nguyen,1968-01-12,Male,de
6b08c072-d9d0-4c3f-bc1c-99e295a75e2f,Derrick Coleman,1979-04-29,Other,nl
c4b2d266-3764-47b6-90a6-8172f9449054,Ms. Holly Fernandez,1982-06-01,Female,nl
d7385185-0d76-4a16-a605-8ad21e4b45b5,Richard Mullins,1994-10-27,Male,de
b0834b58-91d3-4e14-8f26-6902f574855f,Willie Scott Jr.,1998-01-05,Other,de
fff9ae30-1bf9-4bcb-b535-7b2c8e1936f2,David Baird,1971-08-31,Female,et
f8596fdb-2458-4070-9ea4-df837f0ad20b,Kayla Foster,1991-09-20,Other,et
a7ced951-d923-4205-864f-94bf0ef8e629,Maria Williams,1993-08-31,Female,nl
dbed6167-84d9-4357-9123-52053b9f3f0d,Ashley Hubbard,1997-01-04,Other,et
698b3a44-d995-4086-8ccc-bce0e01dad41,James Robinson,1981-06-12,Male,de
39a7c94b-6226-4a5f-9fc5-4dbc70405b27,Daniel Henry,1975-08-04,Female,de
376acba9-139c-47c9-91bf-d715febe8ad0,Tammy Harris,1967-01-12,Female,et
59f748fb-04bf-40f7-bb23-bf3fff9d948e,Kristen Peterson,1960-10-03,Female,de
f4633bf8-137c-4ab1-8e97-9d86637aca1d,Tonya Walker,1973-12-10,Female,de
c64dbc43-672a-472d-b5bb-a6f59f03c06d,Scott Moyer,1979-08-17,Other,nl
37a49641-c50e-450b-bee9-050ff4d545fe,Debra Meyers,1973-11-26,Other,et
f5943dda-1b67-4e6a-9da8-c911a87f9715,Jerry Garcia,1961-01-27,Female,nl
a19ba579-33cb-4771-af57-aa50e74d326c,Heather Frazier,1985-11-20,Female,de
b24a85c0-e68f-4449-b8f4-e8d860c347f0,Christopher Goodwin,1971-02-01,Male,de
ae7f1201-293f-4355-9522-d82dc46b3233,Annette Meadows,1963-09-09,Female,nl
b2272afd-8e6f-4ea2-8116-933ea39bca8b,Adam Fernandez,1987-11-13,Female,et
405cef06-5000-4b54-83cc-8bf96862e03f,David Martinez,1968-11-19,Male,et
1d0f4614-4d90-438e-ad69-a131d20c131f,Matthew Barnett,1978-04-02,Female,de
3480604b-abfe-4497-b807-3bcaf78477c7,Ernest Sims,1969-09-24,Male,et
5c31345f-31cf-4731-8c27-3afa399852a0,Anthony Turner,1989-12-14,Male,et
c5781724-6dd7-4797-b86f-cb8240cf1dc9,Lisa Edwards,1983-12-04,Female,nl
bd132d80-a915-490f-9ac8-595c1589043b,Kevin Reeves,1963-07-07,Other,de
04346272-f0e9-478d-8e22-aab6f4c179b0,Rachel Chan,1996-03-19,Other,et
e2ff5ee7-9857-4c2b-b190-0919345787d6,Kyle Howell,1984-03-05,Female,et
d232fe1c-7852-4cf2-b67c-ba723b613fd0,Allen Thompson,1987-12-27,Male,et
0cce0637-c7ff-40a1-8239-4ef28c184ba0,Carly Dickerson,1999-01-11,Female,nl
9404af75-ed55-4e87-8d8f-d72008e2745c,John Arellano,1997-04-19,Female,nl
3e785337-0b44-4616-99bf-6a4d109af842,Allison Johnson,1982-03-29,Other,et
e7ccccb8-2469-416d-89cf-0ce59bbd13c8,Jeffrey Green,1972-09-22,Male,nl
5807b2ec-7a9b-4ff9-8d74-719def6be95b,Larry Holmes,1985-09-08,Female,et
a7300fed-38b1-4612-8b90-e338aa1d9c69,Darlene Miller,1968-03-03,Female,nl
e13dbf7c-4220-409e-9c6a-bf0c7be25bf5,Leonard Conley,1986-08-18,Other,de
758467b7-65d4-4a6c-a258-1cec772004e6,Catherine Morales,1974-10-14,Male,nl
b662db22-eb1f-4589-b6dd-d60b1e1ea1c8,Susan Kramer,1982-10-04,Other,et
a0369a76-4f28-47e9-bf7c-bbe257f2e9f3,Ms. Victoria Sanders,1994-06-15,Other,et
2194402f-c96f-48d1-abf2-bae3571e3b15,Robert Smith,1965-04-20,Other,nl
a727f52d-6d9e-4ad6-828b-4601c928eb58,Hannah Walsh,1983-03-09,Male,de
efc1dcf5-8f98-4cfc-aa53-bc6300a594c2,Mercedes Robles,1981-07-31,Other,de
32896e5a-2082-4e07-8d20-2c191b182713,Aaron Brown,1991-04-04,Other,de
88245966-07d8-497f-8bd2-9564b3627aa9,Christina Barnes,1990-09-23,Female,nl
44bbdf16-a646-4efc-9b5a-80a869d10c63,Ashley Schneider,1982-03-12,Male,et
946f3114-afe2-498f-b00b-b2bc40dc21ee,Mark Harris,1976-11-07,Other,de
1b499929-88fd-48f0-ace1-6255bc7c5ff9,Jodi Fox DDS,1997-09-16,Other,de
c235aac2-4400-4147-925c-8e5c6f18b96e,Melinda Wilson,1988-04-29,Other,de
c62b2086-7d9f-43ba-9d7b-cf83e442107d,Jennifer Johnson,1978-12-14,Male,et
74013792-5680-4847-9512-4e04647a0ae6,Michael Meadows,1995-04-30,Female,de
b1ce9a72-a417-49a6-bd5c-54ba2753e96a,Bradley Harrell,1981-10-25,Male,de
1a64c95a-4ab7-4791-b58e-c763aabf6b9f,Ashley Schneider,1995-11-02,Female,de
c26074bb-e423-4ba5-a079-abffb2ba64cc,Ryan Johns,1960-06-30,Other,nl
0e1d0ad4-2fe4-45cc-beb5-31cce23e4a50,Stephanie Joseph,1978-11-07,Male,nl
0a5d8c19-6255-4d3a-a962-d297977977cf,Jessica Walker,1974-06-11,Male,de
5a5f1e8b-32aa-4158-b718-205b8a92847e,Daniel Johnson,1977-12-31,Other,nl
4ab4fe44-4a7b-4a70-a786-760ab936a47e,Erin Flynn,1990-11-29,Female,et
46314a85-af27-4a81-b817-998d299f6520,Michael King,1998-07-18,Female,et
93e08b7d-a309-4c01-8b9e-d3e3fa450fed,Paul Barr,1998-08-15,Other,de
8f7edf7d-61eb-4eb5-a9a9-b75b816528c0,Grace Meyer,1989-01-17,Other,nl
e05428f1-2640-4022-b170-9f2548e79f40,Richard Beck,1999-07-11,Male,nl
b77c993f-829d-471c-8b05-5b9e5ac1ea8e,Amy Hurley,1993-03-19,Other,et
6260ecfa-cc10-4d0e-96a6-6bc9077d275f,Jesse Johnson,1963-06-06,Male,de
2a337b45-6649-4b59-bfa2-ec7fb10c22ff,Elizabeth Rodriguez,2000-04-06,Female,nl
78c60e26-e92c-4fcc-985b-44935379db38,Troy Winters,1966-08-13,Male,et
5a31024e-e051-4157-a70e-490d84c75c4f,Melanie Brandt DDS,1971-06-07,Female,de
5c768a81-58b1-4456-8494-8a27d446c176,Melissa Mosley,1998-06-07,Female,et
83312093-ee83-407a-934e-079ce957946d,Adam Smith,1974-01-18,Other,et
81e814e4-0602-4470-9c58-1f715f2f7375,Kathleen Espinoza,1989-03-02,Female,et
6a8fb025-e2b7-4c7d-99fa-da69fa6580d0,Melissa Roberts,1991-02-18,Female,de
b2a968d9-e58b-43a9-b4c0-6ffeaf58eace,Taylor Wagner,1995-08-31,Other,de
27b01097-f497-475e-b7b2-7723138a3038,Jason Mercer,1971-12-24,Male,nl
cb64fc9d-450d-44a0-ad11-9eeaecce3a43,Cindy Scott,1965-04-22,Male,de
b11461e1-48cb-4414-81e2-c9465253d8ce,Mark Hunt,1986-07-05,Male,et
c107521f-fecd-4ba1-b8f6-08dd1d8e5850,Kerry Rodriguez,1961-12-12,Other,nl
224c4d42-ee21-47c6-9bf5-7caff7600c05,Elizabeth Baker,1983-08-19,Female,et
82e679c6-24bb-4e8a-b6e3-01001eee405e,Christopher Mullins,1974-04-23,Male,nl
64f152f7-c5a8-466c-9cab-ac3762b4d7ff,Rebecca Schmidt,1968-08-17,Male,de
0bd38bda-dbd3-44dc-beec-7a626a05e5d1,Melissa Stephens,1972-02-21,Male,nl
7484ba26-d169-48c0-a79a-c22854c05fd1,Jade Burgess,1999-08-06,Male,de
f597eb69-868c-4b28-a8a5-370dd93addda,Benjamin Shepard,1972-10-27,Female,nl
cc1dfe93-533a-4456-b9db-c245fb87d8e0,Jeffrey Pham,1986-06-13,Other,et
3584b620-7ce8-4032-b1ce-5ae795d851f2,Justin Campbell,1962-02-26,Female,nl
97a922a2-6978-4d27-ac3b-f3bf30fa6589,Nathaniel Smith,1981-05-17,Other,et
d495410f-a416-4925-a4b5-091e0e32bb53,Wayne Williams,1981-11-10,Female,et
9ee273a2-436e-4cc6-b4b6-7f012a634640,Stephanie Singh,1982-03-04,Male,et
caffeb66-c4a6-405b-9cb8-728d4ab4f878,Stephen Hammond,1976-10-11,Male,et
f63ab426-dc0d-4f3c-84bf-7ef1dfd92a97,Kyle Whitaker,1973-04-21,Female,nl
af0ce8d5-f33a-4bfc-9f36-b30397d7c604,Michael Lindsey,1978-12-22,Other,de
db426f9d-bb3c-49f4-82fb-70a41d50ad8c,Robert Harris,1996-03-07,Male,de
f5ccb675-0dbe-4695-9bcf-8ce1d6f0e060,John Vargas,1998-07-13,Female,nl
f786c02b-64f9-4283-897b-f25725768565,Michelle Carter,1998-04-18,Female,nl
59092e09-0dbc-4fc5-b278-30c1bade494e,Lisa Perez,1977-03-06,Male,et
516c7ae3-8535-4458-97b0-d1e203d820d3,Victoria Barker,1962-07-30,Female,de
e8ca9f92-e799-40d0-8875-b9798baebf55,Tammy Allen,1974-02-02,Male,de
af7d2aec-8aa9-48cc-9a54-a2a56412fc6b,Tracy Johnson,1984-05-07,Female,nl
d82c3bad-07ee-46f5-bcc8-0f67536fe36e,Edward Contreras,1967-07-07,Female,de
4af589fd-3b3f-4f53-b226-61fdd79520aa,Amy Odom,1998-12-14,Other,nl
96897c13-6a1f-4b46-9c19-40e2c2e99432,Mary Jones,1974-05-27,Female,de
bdd85c97-bd9e-401c-b6ac-5d3182a85b78,Keith Perez,1979-12-27,Female,nl
4f699d5e-aa41-4416-bfc7-d512c78dc24d,Steven Dyer,1993-08-08,Other,de
44a3ed06-9968-48b2-84db-2b3b80aaa24b,Eric Newton,1971-05-07,Other,et
1d92e616-e52c-46d5-8307-c03cd77cfd90,Julia Hill,1991-06-23,Female,et
5d637363-f92e-4675-a1ae-a2e22ebdb2dc,Mary Hess,1959-12-02,Other,de
999582b0-1609-4f12-8837-b93303bfd4bd,Sarah Hardy,1984-06-24,Other,et
17acb389-0e72-45c8-ac86-d60d97e7f99a,Maria Greer,1994-07-04,Male,et
09818f5c-a50b-40c3-a9ca-e38312f671b0,Matthew Williams,1989-11-04,Male,nl
f9850730-c5df-490b-97ec-3395c904d78b,Destiny Bradley,1968-02-12,Male,et
6912a927-c527-47bf-894f-9fce17186d17,Michael Wagner,1978-05-01,Male,nl
f7e042ea-d325-46a7-a529-d2db26f733b4,Donald Garcia,1996-05-24,Other,de
a602ebbc-90fe-40e7-afb3-39b6c67baf0d,Robert Sanchez,1978-07-24,Other,et
d0cc4371-99b6-472d-9e22-665ea0727777,Matthew Archer,1994-04-21,Male,nl
73de75de-64b3-450a-8692-46019e5e41e5,Nichole Carey,1963-02-11,Female,et
3394c196-b17f-457f-9d85-84c98cb90bc7,Michael Taylor,1999-01-02,Other,de
56d3a243-6f1d-4d3c-8dd0-31c9bd54770c,Elizabeth Oliver,1993-04-14,Other,et
2bb10b5d-36bf-4aad-a790-8a1b8fff1be0,Holly Garcia,1980-10-09,Male,de
469e5ab2-714f-43f9-b41b-41bfc863e9a6,Russell Johnston,1959-08-23,Other,et
234bbe59-7ec8-452d-9e2d-2fb4fdfd610a,Brandon Martin,1984-11-02,Male,et
2be6a796-3dad-4bb0-ba39-0f961915a2ea,Diana Ellis,1988-04-29,Male,nl
0cdaca47-cea5-484e-ba87-7e460e3967b7,Peter Miller,1984-01-24,Other,et
3d544b98-75f1-4940-9bad-2844377bd151,Gabriel Levine,1997-11-24,Other,et
a3c9a21e-badb-4d25-890d-126aaf7ed1c1,Jeremiah Hughes,1991-11-25,Other,de
f8028884-0163-43b0-b08c-0d5ce2cd8635,Benjamin Williams,1984-10-25,Male,nl
09727c3a-6b57-466c-b908-36e29fd7ce64,Karen Underwood,1978-03-15,Male,et
f739535e-246a-4a25-bc11-07a6f5abeba8,Jason Vincent,1991-09-11,Other,et
435659a8-db5c-4cd0-b8b6-39dbaa3e37fd,Crystal Hunter,1959-11-22,Male,de
2059cd20-266e-43ee-b37f-54c57a66886d,Margaret Lewis,1962-05-13,Other,et
6bd59947-b34e-48ff-a2aa-0969366519a1,Michelle Ramirez,1997-08-31,Female,de
c80bc530-9908-4b8b-9de6-a85050e8d2b5,Matthew Rodriguez,1963-05-01,Other,nl
d0059684-ecfe-4806-8541-3a07326955a1,Dr. Danny Byrd MD,1970-10-18,Female,nl
8abbebc1-f229-4a80-8685-f2e2a4eb4c75,Larry Martin,1974-02-13,Male,nl
f3137a72-eafe-48ae-9ac6-a4d6833b4b8d,Timothy Miller,1963-12-24,Female,de
8124f70c-c897-4233-8e03-e94c9b105403,Jessica Hudson,1977-05-02,Other,de
0d11a0e8-9e5c-491b-a5a0-d78046b6970d,Elijah King,1970-12-28,Male,et
2be3edac-6267-4089-8eea-27a560bd1b70,John Miller,1974-09-21,Female,nl
014340b1-9683-4c6c-975c-6c8d2f75d823,Jennifer Juarez,1999-10-19,Male,nl
83afb6a5-8fdb-4e1c-b70d-e075634165c6,Mark Roberts,1968-05-29,Male,nl
a0a03e20-8a2b-483c-9c24-ef8fa2e7bdb4,Laura Cook,1996-01-17,Other,nl
56192246-19b7-46c1-9aeb-1fbc196b3c22,Elizabeth Roy,1992-11-07,Other,nl
3a390eb8-91e5-4204-9391-179863126ff3,Christina Foster,1966-07-16,Male,nl
d8de99a0-8cd0-4c82-a09b-5169072bdcfb,Hannah Gallegos,1964-06-04,Other,nl
f7750af1-a922-4f50-b43d-1075edff9703,Ronald Maddox,1979-08-09,Female,de
a62d7ff6-4c7d-4e1e-b470-a4421b60b9ef,Mary Stanley,1966-12-22,Male,de
437a83a1-662f-4cb0-892b-984c6530ab46,Adam Yu,1992-12-20,Male,de
a0be6ac0-010e-4920-97da-03ce95a9248a,Pamela Jackson,1969-08-27,Male,et
ffee86ae-333a-470a-b557-9b2eef6a91a9,Brandy Sanders MD,1964-06-14,Male,nl
e8932907-767a-4bdb-8826-2933ca7cafb9,Eddie Green,1959-08-07,Female,de
a69e49b2-1802-4988-974c-40b314e97406,Stephanie Kelly,1961-08-13,Female,et
50f8768f-b8f6-44a9-8bb8-a3971705b698,Christopher Clark,1976-02-07,Male,nl
4742adef-d0f2-48f8-afda-6b3a5e75e267,Brian Young,1985-07-29,Other,et
c7742f6f-73cf-4561-8dac-d5335bf42cae,Ana Miller,1961-12-21,Male,de
593297f5-0559-400b-8d5d-fd0c5b89860d,Ricky Bruce,1973-09-09,Male,et
3cd7fd44-c8f9-4585-9805-c3f566aa5ddf,Angel Graham MD,1960-09-23,Male,de
5f755ba1-5aa1-48f8-846e-d6d5ade6ef76,Deanna Smith,1968-12-31,Female,de
5304395e-6678-40c1-96a7-66c7d8d71728,Melissa Green,1989-07-27,Other,et
e311da73-fce3-4e29-8a78-b854421183e8,Michelle Liu,1990-01-26,Female,nl
deae11e3-0aaa-4f95-af2c-eb958c803657,Edward Patterson,1966-09-28,Female,nl
61c2de42-8eeb-4e64-bb8e-b03848ac7add,Mark Grant,1995-06-05,Other,et
3cd5bf28-f85c-42f4-9a47-f697e37f0848,James Little,1990-08-21,Male,nl
784c39fd-9087-405a-bc0b-430d11139fa2,Scott Terrell,1960-10-08,Female,et
f86a42d6-db50-4184-9b61-398553fa10a2,Jessica Steele,1968-04-10,Male,de
07bc5630-293d-4b14-8254-d151bf9a75dc,Courtney Baldwin,1976-07-07,Male,de
0fde45c5-ddf5-452d-9ad0-53de6fd6f23f,Jenna Raymond,1978-10-14,Other,de
c7074b28-0b87-4a66-a884-71547a6828fa,Dwayne Rodriguez,1972-11-14,Other,de
accfe5b6-393e-40da-af6f-fe8dc240e268,Joshua Estrada,1983-11-29,Other,et
9200567f-5fc8-44ed-9eaf-d724c59432e6,Jon Cannon,1970-10-28,Female,de
e8973c55-b86b-46b7-a0cf-e9f5d88009f8,Hannah Jennings,1983-06-13,Other,nl
2580d2a2-3f96-4bd9-b93a-0f7be5810335,Christian Hernandez,1960-12-04,Male,et
ae128959-bf4e-4039-b191-59a27e481e2b,Tara Sanchez,1964-01-25,Female,nl
9b9fe63f-aedb-44c9-8a46-ab7f11cbb930,Matthew Jenkins,1977-05-19,Male,nl
6ba7fa7e-2282-40c0-b7dd-eba814318eb0,Mariah Scott,1962-12-24,Male,nl
c29d6457-e69f-4844-a6bf-1f3d7da0d24e,Joseph Stevenson,1966-07-01,Other,et
4ca5db45-a745-4a9c-b980-4e26e0ab32a1,Tanya Malone,1976-06-08,Male,et
1bf9a01f-db8c-456e-a976-9bbb405a081e,Janice Fuller,1972-01-21,Female,de
1acc2106-eafb-41d5-816d-758de359e6a8,Angelica Thompson,1999-05-14,Other,nl
fd6c1701-0faf-4cff-ac68-686700a89d2b,Suzanne Hernandez,1988-06-12,Male,de
c39f5d89-1b04-4dea-a075-547de5a10523,Brandon Richardson,1975-01-16,Other,et
7ae2a4d5-bb03-4a5b-8301-bbf723b6bedd,Erik Scott,1962-03-18,Male,de
29f4862d-a0fc-49c7-93e4-a54f9a4a9ab9,Carl Long,1992-06-03,Other,et
bfe95dfe-7822-47dd-a3de-42bbd777a742,Tammy Delgado,1980-01-26,Male,de
0d36850f-d081-4458-ae49-12a53a540dc4,Lee Walsh,1996-11-30,Male,nl
3f6c0115-4187-40e6-b891-6566acf9797e,Matthew Beasley,1986-12-09,Other,nl
e5789099-2fa2-475c-834d-a02f224fe185,Travis Brady,1997-10-21,Other,nl
c4d8ce94-8d0c-426d-895f-f8b1305a152b,Kim Hines,1990-08-10,Male,et
6488666f-820d-4cda-9161-a86b4d8d2c6b,Louis Rivas,1965-02-11,Male,et
a98a3a44-c409-40a1-b2b6-25e3fbeee42b,Michael Hall,1969-08-28,Other,et
db443cb0-a505-44a4-9bc4-bf1e537178fc,Kevin Dixon,1966-12-10,Female,de
c5dcb543-98ba-415a-9477-a3293f591601,Christopher Mccormick,1964-11-30,Other,et
ecbfc278-995a-4815-9468-014d89530710,Tracy Reed,1982-12-25,Male,nl
ee22b796-2f06-4857-8b7b-cab8eea10231,Sherri Farley,1964-07-26,Male,de
28fccf42-fba4-4a1e-9459-3a40d5a4d471,Allen Matthews,1962-04-17,Male,de
c656ab28-3ad0-449a-aefd-24b79095e1e8,Matthew Woods,1962-11-11,Female,de
17d9d1f3-d6ab-4ef8-908e-3802ffee6114,Jeremy Paul,1963-11-24,Other,et
28e0e024-7878-4ea9-897b-49a68d4ebd1c,Sandra Moses,1966-03-03,Other,nl
be0aff9b-9c03-4975-b752-169b2012f95d,Anthony Bates,1967-04-24,Female,nl
aca773ae-175f-46df-acc9-ff36e3d33625,David Murphy,1969-10-06,Male,de
1b6d74b6-9e23-4886-b2b9-4f926a6ec94e,Martin Lopez,1967-03-23,Other,de
21e8cdc7-b6dc-46e0-af1d-9a830ed04474,Mikayla Solis,1988-04-01,Female,de
69de6c8c-bb7d-4b40-a8ed-1d62b4ddc480,Michele Swanson,1971-03-15,Male,nl
53466992-bd6a-45bc-9a9a-2be269c819c1,Christine Lopez,1970-09-06,Female,de
301a533c-ccf7-42ab-9621-338f1f5947a5,Nathan Pope,1983-09-29,Female,et
f80f5349-2997-450f-ab07-781e9a986251,Tara Johnson,1990-07-05,Other,nl
979467fc-437e-4dae-9bf7-b1a84a03010b,Vincent Jones,1978-12-28,Male,et
d0637fde-e4c8-4c60-9817-a3494a623a6f,Jay Chapman,1983-07-09,Male,de
bf320b63-6f7d-48e7-bf7e-a5005d1fd074,Richard Nielsen,1994-11-20,Male,de
37323580-ab3e-4a43-95e8-52df26b800f9,Sue Kelly,1967-07-06,Female,de
a5f47427-f99e-4981-909f-186a3befa239,Kaitlin Webb,1968-12-30,Female,et
732a47f8-819e-473a-a4f4-eddc0f0a6ad7,Kelly Bates,1986-04-29,Male,de
24d4603c-76de-44f6-a4bb-8ce881b031e8,Ebony Lee,1967-11-14,Other,nl
aac49ad9-bd6e-43f2-969a-8b69e3aaa11f,Katie Booth,1962-05-26,Male,nl
7e7a5de8-0ac6-4aa7-9140-85c9eb4b3e84,Mary Mcgee,1967-05-08,Other,et
a552a789-a734-45e3-9c7a-0b85d354af53,Angela Juarez,1968-02-10,Female,nl
6a472bb0-9a95-477c-9fe7-9d1ea72f8e26,Angela Flynn,1962-08-26,Other,de
615d8384-20c8-4438-9f8a-3c3f2f8414d7,Susan Cox,1997-11-18,Female,de
599b4ba8-1a70-48d2-8431-157c6bc00e3e,Shawn Carson,1964-04-26,Female,nl
643f4961-19d7-47d3-8d00-7d952ccc9e95,Jonathan Macias,1961-09-16,Other,de
f3ae1168-21c5-44f2-8f54-440c45c67a50,Dr. Daniel Sharp,1961-12-09,Other,nl
96b48852-557c-4443-afc1-ab8f4c94d5f9,Destiny Jacobson,1987-12-06,Male,et
d54b0447-f58c-4dd0-9283-2e777483211c,Julia Swanson,1983-09-17,Male,et
09f7e90a-4612-452f-b003-548ce65cd862,Stephen Ortiz,1998-04-22,Other,et
dc6d2f05-340b-4749-9ad3-042769c37da5,Randall Anderson,1995-11-09,Male,nl
1f3a402f-fc28-463e-847f-7e5e376f7272,Linda Nguyen,1999-10-12,Male,et
afa2c8dc-30ef-4d06-a884-753eb13959d5,Sarah Gordon,1960-02-11,Female,et
27d608b0-9051-415c-83e2-38ea2ecc022d,Nathan Ramirez,1988-03-28,Female,et
80545833-4478-4cd3-a288-0283cd1bff4e,Hannah Curtis,1981-10-22,Male,de
daba7dcc-766a-4878-a161-b4989ec93c86,Jamie Sanders,1979-04-02,Other,de
391be65f-42c7-435e-a897-760d39572df7,Pamela Summers,1982-07-19,Male,de
0bd293e3-ee6e-4267-a278-aafc9c62e74b,Zachary Willis,1977-03-04,Other,nl
98ab13fb-7bec-46d3-8e53-51744b37ccf4,Gabriela Welch MD,1982-12-12,Other,de
98a4fb80-94ac-44aa-89fd-0914dddf51ef,Seth Morse,1998-05-26,Other,de
b604acba-44be-4bae-9786-3b9ad3179fc8,Lucas Blevins,1986-03-26,Other,de
fced33bc-8a40-419d-a111-2cd263e80dcc,Kaitlyn Hebert,1976-08-02,Male,nl
41213df3-3d9c-4f48-ac9f-297d1ba05618,Robert Mccall MD,1961-04-30,Male,de
522458cd-8b62-4c03-a11d-a92d86f8a551,Steven Rivera,1995-03-31,Other,nl
c0e6f035-2ed1-4181-b218-dbaa7701097b,Laura Chambers,1959-11-11,Male,de
fb96f056-34b3-41d2-9982-792a1142c10a,Kara Ramirez,1998-12-12,Other,de
f2eed8dc-4dba-4e98-adce-448bf9ddc2fc,Henry Williams,1960-07-30,Other,et
2924b555-2ef0-4586-bb3b-a73531d8d43e,Kerri Cochran,1984-04-15,Other,nl
06414474-72f5-4b1e-89c1-2ef1297ba112,Angela Turner,1985-07-13,Other,de
1c034061-ce54-4f49-9e61-4becfd018864,Jessica Smith,1985-01-22,Female,de
7d46fe19-0c24-4d2b-b3db-7aec7239df0e,Victor Hill,1960-03-29,Other,et
2dd38964-4eff-45fc-b829-d4e0b0b5de28,Charles Owens,1963-01-18,Other,et
8b50deed-ef03-4dbb-bf9a-429977548eab,Jason Thompson,1968-06-07,Male,de
104303bb-a128-403a-936a-44cf0000f623,Lawrence Olson,1982-04-16,Female,nl
4b5ad1f0-5bf9-4168-99df-ff88bb1ee5ab,Amy Schroeder,1965-08-25,Other,de
3dd6aca6-f0d9-4c77-b6ae-726c3cb1a7d2,Rebecca Palmer,1998-12-15,Other,et
df7aa713-518e-40ee-867c-e3a514e68969,Victoria Johnson,1965-07-08,Male,nl
84c79fc2-7262-4046-a989-c8441ce5cb7f,Leah Short,1974-01-07,Male,et
df367afb-3443-4711-842a-ce47bcb85b8f,Timothy Robinson,1988-03-22,Male,nl
22eb463b-ff66-4871-bcb1-1037923b6b02,Sarah Barber,1992-03-21,Female,nl
86314954-9a41-462c-86d2-944263d65317,Mary Duncan,1986-03-05,Other,nl
f7f733f1-a1ab-4d11-bdf0-8684b7786f2b,Douglas King,1975-11-06,Female,nl
6ad29a04-87b9-412a-bfa4-e76284ed2864,Eric Munoz,2000-02-18,Female,nl
ee7bb7ea-ab81-42c7-bbe3-ea00b751ad98,Krystal Hayes,1968-09-18,Other,nl
496460cc-27df-46fc-b4a5-fa0c41c3a962,Samantha Hamilton,1998-10-12,Female,et
e5c5c920-deb3-475d-98f4-782056c8703c,Jamie Cochran,1968-05-18,Female,nl
5ffc2ce3-ff27-4934-9b46-dd8818d9c29f,Rodney Saunders,1997-11-28,Male,de
e45a8c8a-dbe5-46b9-b584-9a177a547834,Christopher Harris,1961-04-15,Male,nl
d50938f1-1912-4750-9842-d6973cef5ed1,Deborah Mcintyre,1960-10-02,Female,nl
9e51d72e-f057-41a2-8b0a-8898a332b358,Christine Fischer,1960-03-14,Other,de
de9a6188-6d9e-46ed-9a8d-fbb149349404,Christina Mcgrath,1969-06-05,Other,de
302e3962-b0f5-4bb4-a72c-1d30bcd3e1e2,Kelly Thomas,1979-09-19,Female,de
872e6179-67ef-4c19-92e2-1faeec232adb,Candice Hernandez,1982-04-07,Female,et
0255b97f-2b68-47ce-9980-ea86c8cfd8f6,Pamela Horn,1984-11-13,Other,de
65f22c33-a240-41aa-b339-a20437e55636,Corey Mcdaniel,1972-05-04,Other,et
bdd907a3-4305-4816-8716-329796ec068d,Lisa Foster,1996-09-05,Female,et
0b749d4f-2ac8-4509-b568-ca65c8821ff1,Barbara Simpson,1973-10-14,Male,nl
478d73fe-cf14-4994-9f0b-c4dda51b6e47,Ronald Walters,1981-06-27,Male,de
344626b2-94ab-4799-abe4-3e4d7a6ebbc1,Andrew Norris,1959-11-22,Other,de
6218a07b-d9a2-495a-b4a3-e7d61904c278,Colin Wilson,1990-05-25,Other,de
f104ee32-8eee-468c-9a3a-74e6535bf82f,Colleen Hubbard,1989-11-05,Other,nl
83c6aabb-fb9e-46cd-b494-1bfbcedaf20b,Ethan Jones DDS,1976-03-03,Male,et
504f46e2-2fe5-42e9-8f62-b2febb7a3f33,George Bell,1984-11-10,Female,et
6c96ea64-5321-4766-ab42-01056fd302c6,Thomas Stephens,1962-05-13,Female,et
9850bd5a-faed-4627-9310-a9bcaa26909e,Lee Moore,1982-06-19,Other,et
a1171df5-da68-4daa-9e17-75c9ebb9d6ef,Kaylee Brown,1961-01-22,Other,nl
7cf6fd99-5802-4b4d-b2e2-1332a2f3febc,Jessica Herrera,1971-06-22,Other,de
f05f04cf-3089-40f8-9b66-7c713d512bba,Sandra Garza,1973-12-28,Male,nl
0cf48296-a0e5-47a5-9fd5-4ec3872f21e8,Debbie Brooks,1959-10-05,Female,nl
cd873b6d-01fa-4ef3-b2a8-35dcb55a0796,Antonio Herring,1974-04-10,Female,nl
01033fb3-9b02-483f-b680-e5e51e3f38c0,Crystal Willis,1976-01-09,Female,de
181de8cd-214f-4b80-aece-ce3aa278cbf9,Raymond Mcgrath Jr.,1996-08-29,Male,de
32289fa0-7aac-4a1c-9424-0798574d9123,Brett Taylor,1989-11-22,Other,de
9dc000e8-9063-4e06-8b9e-c84c4343372b,Angela Rowe,1982-11-27,Male,nl
33f683e0-d7a9-4cc3-b49d-6413fd8c2efb,Kimberly Jones,1999-08-20,Other,de
397fc52e-f32e-403f-a5db-e71d03b0a104,Diana Ross,1964-10-16,Male,nl
8883a51a-f0ae-4ea2-a113-a45dbd502fe8,Holly Prince,1992-02-19,Female,et
5b4eac99-7c1e-47ca-bcb6-bfd936b86146,Dennis Reilly,1978-11-28,Male,nl
c2e0c556-779f-4043-9c4f-6b704b9f0612,Pamela Torres,1968-10-15,Other,de
0620531d-2cd7-4057-bebd-bc97e6456ed6,Michelle Davis,1994-10-05,Other,et
9fb04801-389c-4557-8092-076a91475202,Jennifer Lopez DVM,1974-01-21,Other,nl
e3c7d4f3-5dac-46ef-8e85-eff5442b2098,Elizabeth Leonard,1975-11-08,Male,de
5f73e15a-6a8f-42d9-b3a8-50e11102b4a6,Richard Frazier,1990-12-16,Other,et
df5af133-26ec-4488-a474-e4a656fa3407,Anthony Alexander,1971-12-19,Female,de
7a0537bf-e815-4835-a8db-006835a20deb,Rebecca Forbes,1965-10-01,Female,et
505b7b87-25e0-45a1-a1c7-ec9308e54d65,Anthony Bentley,1993-10-04,Male,de
a9e86653-6058-44f9-b8fe-6f144a5599cf,Danielle Deleon,1968-05-20,Female,nl
c22d3d86-b962-423e-b629-a46644eacd04,Tina Johnson,1983-06-11,Male,de
182dd202-e197-4193-8bc3-e42978062b5c,Andrea Ruiz,1970-06-24,Female,de
1eeec0d8-2c2d-47b9-a239-4190e27484d0,Mr. Robert Aguilar,1975-11-21,Female,et
b2113c57-6787-404d-a6db-3a3c09cb54f7,David Madden,1988-08-04,Other,de
dcfa20cb-80c6-40b3-92c0-5d8126bd421a,Jason Brown,1967-07-23,Female,et
9836fd74-dbe7-40d3-b9d6-e19673586131,Shannon Carter,1968-11-29,Other,nl
779d8987-4b52-402a-be59-b168a2b8dfb4,Courtney Watson,1978-02-26,Other,de
6b6dfc9f-bc7b-4afd-9571-5b335f158daf,Norman Tucker,1973-03-09,Male,de
2d1d89cd-aea1-468f-92ac-1a638ea3e5df,Samantha Torres,1982-08-27,Female,de
b0737772-4cc1-443c-9fa8-98b6d377734e,Melissa Castillo,1972-03-10,Other,nl
9df8e874-3ff4-4058-a82e-9968cf208c42,Jordan Bailey,1965-03-30,Male,et
9bf4cd60-472e-4065-a7c6-e828eefef11a,Heather Gonzalez,1977-06-15,Female,nl
ed169673-716c-4626-9b79-e962f8a56e12,Peter Richardson,1978-09-06,Male,nl
6e92871d-b11d-45e2-8e49-9a08968181c0,Cody Hill,1961-03-20,Male,de
317978c9-9d55-41b2-a376-9d1da0979add,Kyle Harmon,1963-02-09,Female,et
607e6e1d-50a3-4685-8670-add6abedcc2a,Michael Garrett,1991-07-09,Female,de
3bec5e3f-c3c4-4f18-957c-01e89b0d2404,Joshua Bradley DDS,1960-02-15,Other,et
7921c326-b74c-4795-a1b4-603d7b795674,Kimberly Hall,1964-03-31,Other,et
5a46b5f7-37e6-4042-a61f-115c03731f7d,Cynthia Foster,1993-10-23,Male,et
6b3bca6a-190d-4f0d-806f-8bff2d584043,Stephanie Evans,1982-10-14,Male,de
55270ae6-b9e0-4139-8b0c-296fa9929cf5,Nicole Brown MD,1993-09-26,Female,de
fe8295f3-94b5-41e0-a821-ce4ba1667902,Deborah Blake,1995-06-30,Male,de
6f3bf8cb-c3a3-44d4-b069-54181eba1b4d,Emily Cooper,1961-03-28,Male,et
95442998-6d39-40c6-ab48-757eda325c6e,Tammy Skinner,1983-01-02,Male,de
c03c9f0f-0d77-4cd6-860a-fb5d6e54a530,Terry Fuentes,1993-02-07,Male,de
3660ac01-4346-474e-a5ad-475e2cbaa04a,Jennifer Lawrence,1996-02-20,Female,de
3cb9aa16-1817-4885-8ed5-09c672d2b5d8,Lisa Horton,1993-08-24,Male,et
caca7631-fca9-4542-a624-4ded3b35d65b,Jessica Miller,1960-05-06,Male,nl
0902e136-2681-4e0e-9a55-14fc96c2aed5,Edward Fernandez,1985-04-14,Male,de
28a3d6f4-27c7-40e5-8221-e25412099263,Elizabeth Jacobs,1990-09-22,Other,et
28cee2e9-8a23-4741-bcbc-550562629dde,Kristina Wood,1976-04-07,Other,nl
eaefa8a4-a8d5-4e2b-9c66-c0dc8dc113a5,Stephanie Powell,1964-08-29,Male,nl
ee2e2fa2-ff2b-4a03-a19a-b9ad96fc18c6,Michael Allen,1994-12-16,Male,nl
3b1bc911-0c9d-4e88-bad3-e9cd242ace5c,Robert Vazquez,1973-03-23,Other,nl
a1ee0564-996d-45a8-b59b-86f67fd3e44f,Robert Miller,1962-07-23,Male,nl
24ae5777-d9c6-42ec-9fad-04008cd41162,Jill Hayes,1961-01-31,Female,et
da8d5847-8d47-42f9-bea8-e3ba2c02ea2a,Aaron Levine,1983-08-09,Male,et
f1bb0fe0-6eb7-4d75-b6a5-c5315c34eca4,Jacob Bell,1983-08-10,Other,et
7a3d7c70-bb55-4a41-bfdc-5044af82996b,James Adams,1993-12-24,Male,de
106fc013-d158-4561-96a6-cd7c18fc2b4d,Rachel Brown,1975-05-11,Male,et
6e464b20-71ad-4de8-92e1-f4936022bf59,Keith Peterson,1998-08-15,Female,de
0ed939a6-1987-40c2-91d5-f5bb640bb3cc,Lindsey Franklin,1977-10-25,Other,et
60f9f2b9-9ee2-436f-bb74-660af7f1af5f,Mr. Dustin Santos Jr.,1971-06-22,Male,de
5d64be6d-dc5c-414e-bfd8-2455a04b22d4,Shirley Martinez,1968-02-27,Other,nl
1b23a661-ebf7-45d0-813c-36b19a268370,Lawrence Smith,1986-01-05,Male,et
198110e2-db0a-405e-8635-9ddeefb99fe8,David Copeland,1970-12-18,Other,nl
91d11d06-b6bd-4a3b-903c-238f0c91a480,Carlos Johnson,1965-03-31,Male,et
b71519db-d56d-4b31-a817-ebf1281a8cfe,Shaun Thompson,1960-02-06,Other,et
aeee6105-8b67-4ff7-8653-ef180596df35,Jeffrey Moore,1959-05-10,Male,et
783c125c-1789-43cf-8cc4-55801ba451fb,Judith Wilson,1967-11-09,Female,nl
9fcbc2e9-98f2-4434-a9a9-f410b1759e79,Kyle Gibson,1970-06-19,Female,et
c2f58956-9775-424f-9ce5-c8d83a127af6,Richard Thomas,1979-04-15,Other,de
ccf575a8-0a4d-4de5-87d3-6c5cd856addf,Timothy Stevenson,1971-03-04,Male,et
c0ec4d71-38dc-41d5-b362-9bd23381a4b9,Christopher Baker,1971-07-09,Female,nl
8dd4a4f0-cf5a-4ff7-958c-e070d3b28533,Michael Harvey,1966-01-17,Other,et
010c0571-6f91-4a44-9e46-fc2fd630c7ee,Cynthia Vargas,1994-04-15,Male,nl
9ec39aef-2685-4718-8d5c-f36cd19981ef,Shawn Stone,1975-12-04,Male,et
efb18925-bb4e-415d-a4b5-523dd71448e1,Destiny Moore,1959-12-28,Female,et
84db3875-1997-437e-9b3f-613d4f08fdc1,Alexander Hughes,1983-11-06,Female,de
fa51fc3d-429b-488f-8a6e-ec58f793b0fd,Kathy Knapp,1982-01-18,Female,et
d7d0e788-8b73-4530-9144-47f32ef22a34,Emily Hensley,1991-07-03,Other,et
7cfcc63a-82fa-4326-a650-5c1e33a59c61,Paul Adams,1960-02-17,Male,nl
6aa10fee-c6b9-4b57-83d2-d00a1a0253c2,Anna Tucker,1996-03-24,Female,et
2fa67af3-1cd3-4c75-8089-432b1e834e4a,Brian Burton,1969-10-04,Female,et
a88a96ca-4a8c-4f0a-a9e5-7340fdc60cf4,Kathleen Pham,1975-09-21,Other,de
d405b332-14a6-4a95-8267-386c331c1e11,Dustin Pena,1996-11-13,Female,et
2a245e30-f9f3-4b32-b3c7-19e41ac92c71,Natalie Barr,1995-03-31,Male,nl
5e336978-6199-47ed-b959-7fb1caee80ea,Casey Werner,1981-08-17,Other,de
dd996624-85c2-4b40-9f09-eba49aa371ae,Russell Silva,1974-02-19,Other,nl
e71e83cb-3478-4e3e-8f0d-fa07a5af6883,Michael Chang,1983-07-10,Female,de
c81155af-b25a-4c8e-89b5-df6555c27fc4,Michael Shepard,1990-03-12,Female,et
c3d74ff3-4d75-46f3-993c-efef8cd4af5a,Chelsea Davis,1971-05-21,Female,et
826c9f2f-e5ec-48b3-b1f3-6b6cc1cf07ee,John Mcgrath,1966-05-05,Female,de
70657c81-ab93-40db-85da-2f7ecedcc449,Lauren Jensen,1987-03-26,Male,et
9e163813-8972-4889-bc11-3fc91f1aa326,Laura Schultz,1964-09-22,Female,nl
db6f6def-23fd-43fa-ac46-90eb7dce31a4,Kimberly Porter,1996-02-02,Female,de
c12b2682-8ea9-4d5d-906f-c5f1b744ed49,Christopher Black,1971-03-07,Female,et
480b8dfa-18b8-4670-af5f-254f5ae518b9,Eric Alexander,1982-03-06,Other,nl
0e2964cb-4614-4c21-9750-82ffa8b2f275,Eric Trujillo,1979-05-04,Other,nl
cfd50a66-e730-4a4e-8954-92f530456619,Ruben Meyers,1972-03-31,Other,de
f8cb7328-8451-4469-936d-903af34c5106,Erin Wilson,1983-02-08,Other,nl
650a55a0-253f-41ad-890c-b5c136ca868d,Michael Lambert,1984-03-08,Female,de
a5b13d08-55f8-48bb-9695-1770eb21d7da,David Wright,2000-03-05,Other,de
af20c016-88b8-40af-bf77-c7f244401996,Chase Mitchell,1974-05-01,Female,et
5a261b22-95f6-49dc-9c67-db64bd35f344,Christopher Cooper,1963-01-24,Female,et
aba55918-992e-4367-aa5f-0dc9ad6d7da5,Mark Duran,1961-11-13,Other,nl
4b2e24a2-a5c0-4ab7-ab15-87e0773b0651,Stephen Cunningham,1993-03-11,Other,et
71c220b0-0d97-496c-9ccb-f1dc1676c93c,Aaron Walters,1985-08-07,Female,et
71577700-0a78-4cf5-89f1-cfe1bb524056,Joseph Stewart,1968-06-06,Other,de
ea68f390-7479-4e76-8b17-538c98eacbad,Amy Stein,1989-11-20,Other,de
beb2d716-50a2-4f8e-b7ed-8fd685a46efd,Connie Weber,1974-01-20,Other,et
f4664b68-2dc6-442d-9b95-4bc31a83c6a3,Jack Gibson,1979-01-17,Male,et
3600ca8e-66d9-45d0-8adb-021e46ba1c9b,Matthew Ross,1998-10-25,Female,de
cc585ed8-1411-4b74-8e7b-fea551018f68,Roger Marshall,1999-11-10,Male,nl
