identifier,text,city,postalCode,country,changed
3640c91e-849f-44fb-afe9-fc49cb0c506c,Lukassteeg 84,Oud Zuilen,5579 YN,Netherlands,True
7f3dcbcd-844a-4fd8-9e83-84ff972d6c30,Anne Stravenue 82,Adreiside,45067,EE,True
cda5da71-9698-48de-9e67-572791001f76,Kaasik Field 107,Reetbury,64161,EE,
4e2ea4b7-c7ea-4383-85ee-81e7ae337ee1,Pimstraat 126,Lengel,3250 EH,NL,
d410d8a6-0433-45b8-9d11-f5b4001454e7,Cornelius-Mitterer-Ring 83,Sankt Valentin,3787 ,AT,True
ce889d34-48fa-4652-b1bd-f9b309d1135b,Stefanie-Suppan-Ring 31A,Hainburg an der Donau,5910,AT,True
24c30f52-8481-4dac-8bb0-2b6b334a6a19,Sutt Route 145,Lake Raivo,33773,Estonia,True
01504319-4051-4a2b-b99f-ed1fddee4f4e,Justin-Gross-Straße 126,Ternitz,4294,AT,
4d7cee6d-2113-45ea-a603-39322993d856,Noorweg 85,Sint Janskoloster,9210 KF,NL,True
4ae71aab-b539-4359-b868-e61dcba917b5,Kyanboulevard 125,Vorden,9898 VS,Netherlands,True
9e21f5a6-b48d-45da-b8b5-28c025f0e1ca,Vito-Tanzer-Ring 46,Frohnhleiten,6578,AT,True
10f2a2ca-ce5f-4d0f-92ac-62a7a2300392,Jekaterina Island 140,South Elena,57329 ,EE,True
9c8de53a-5ccc-411f-b0de-9995b3bf3e21,Lindseyhof 123,Stiens,8173 CV,Netherlands,True
05a3d883-1cee-4216-86b1-8c4d77d717a2,Sergey Forge 83,Elenafort,10405,EE,
4e747555-7c48-4286-b4bf-0e3f13821c9d,Timpad 65B,Meterik,9641 EG,NL,True
1afa2c84-9734-43d0-91b1-9037508d294c,Zakarialaan 46,Wetsens,5380 XN,Netherlands,True
c33dc8fb-7526-4748-b91c-bc1b38d4a409,Olga Key 51,West Anna,34769,EE,
bc4500df-8523-4e86-b421-82bad6da888f,Sophiepad 68,Tonden,6650HE,NL,True
2e138187-5556-403e-b5a3-0999e598e68d,Jessica-Bachmann-Straße 83,Zwettl,9873 ,AT,True
67755649-5174-402e-911e-8a17bc4ec57a,Haslauerplatz 84C,Bregenz,4948,AT,True
027ac2ba-204d-4101-b33d-0da1beaf26c5,Nikiforov Mountains 28,Aderport,41550,Estonia,True
3ed1798c-1c2d-4c7b-a186-bda0c48823fe,Helmstr. 61,Ybbs an der Donau,8336,Austria,True
6a390dfa-83e0-4316-9c06-90ef9580ba52,Laura Ville 32,Lake Peeterfort,56464,EE,
93ad153b-1897-4be3-a089-5b5f460cbc8c,Zettlplatz 114,Hainfeld,7929,Austria,True
7021c769-bd8d-4d27-9271-5b496b5360d1,Bilalring 122C,Echteld,7621 AK,NL,True
24cecb1a-7a96-4954-b5d9-471082010e51,Reichmannweg 137,Frohnleiten,2476,Austria,True
d9bb1cb7-10cd-4ccd-afc2-a14fc62438d8,Steinkellnergasse 54B,Waidhofen an der Ybbs,2963,AT,True
46ca2b99-5b83-4f7a-8610-268c87fa184b,Laas Stream 41,Annuschester,41165,Estonia,True
156a6d0e-1c8a-46ad-b26e-2196a4a0e3a6,Lara-Schön-Weg 67,Rottenmmann,4634,AT,True
7ca80109-e92a-4d60-ab49-06741492e3b0,Benjamin-Tischler-Platz 73,Radenthein,7127,Austria,True
fed175a7-fac7-4ae6-b9e7-995d53452349,Franz-Marx-Straße 1,Oberndorf bei Salzburg,2976,Austria,True
610ee7bb-7f2e-4085-8252-8f63b72dfc23,Mikastraat 133,Venhorst,1059 KC,NL,
f2c7c001-020a-4172-8cb0-5d4850339c44,Alexander-Kopf-Weg 18,Grieskirchen,9040 ,AT,True
e363e355-bc92-491e-b746-39b8be5e88dc,Marek Fords 19,New Viktoria,59270 ,EE,True
692dd979-8865-4f81-8f32-69bc75f4b9df,Aino Cape 70C,Vainmouth,72093,EE,True
5a36952f-6da6-4716-ba45-44d55c973bf6,Britthof 19,Renesse,9458SS,NL,True
5672a65f-2076-49cc-8de8-c704e57a2761,Felixstraat 76,Oldenzijl,4196 EO,Netherlands,True
83533545-e51c-4042-bfe2-495c4af854e9,Gerritring 67,Egmond-Binnen,6400 YE,Netherlands,True
c0ebfc2b-9f35-4425-bcdb-0d3f223cc3dd,Annemijnboulevard 149,Bvenkarspel,1203 IS,NL,True
2f445def-0a33-4318-8d2d-659ccf33efa3,Mikepad 33,'s-Graveland,5492 CV,Netherlands,True
d4cc0c27-76ed-4070-9e73-62947b378a36,Daniweg 69A,Angeren,9800 AU,NL,True
1335e84e-ed86-404e-ab8d-d9710da4ef07,Anna Inlet 146,Langtown,76772 ,EE,True
5674c45f-0ead-4f6b-a0a3-cf49ce8dcc26,Viktor Points 24C,Viksburgh,72061,EE,True
1c35d225-bb91-4b6c-84c5-6f20c66da9b9,Riina Gardens 123,Tõnuland,95547 ,EE,True
81ca0fe5-cf62-41ad-a3fd-198ea609e084,Oras Locks 130,Maiefurt,41478,EE,
7371abf1-f77f-41e3-bc88-693987c8fb04,Tarmo Lake 92,East Sergey,30532 ,EE,True
d081c8f3-5675-41c7-abb3-ea87a4cfd350,Ossipov Road 24,Põderberg,78693,EE,
2c0ce4f8-a1c0-4c8c-954a-0640d4352533,Rein Trail 98C,Sillasteberg,66820,EE,True
ef6cfda3-70b3-4ca6-b3d6-207a5d775203,Priit Street 91,North Romanfurt,31917,Estonia,True
15f31e2d-e149-4cf2-b0ac-e9c48df032b5,Anu Isle 106,Port Viktor,23734,Estonia,True
0f1f55ea-305c-486d-b5dc-f6f63628bb35,Nõmme Hollow 68,Lake Andreshaven,70072,EE,
559205d7-e5f5-4e0f-8f32-aaaf1caa76f9,Matvejev Orchard 138,Indrekmouth,67144,EE,
864cd68a-a0a4-4304-b3a9-778e37dcb9f7,Pavel Radial 80C,East Juri,74582,EE,True
a1ece2aa-2519-4602-acfe-487044dc7634,Priit Mount 91,North Irinaborough,12187 ,EE,True
45e689e6-1470-4818-8337-31df51c1a317,Rosenberg Crossroad 115,Anneshire,31221,EE,
75d1b6f6-61b1-4ae2-82aa-3ef4c3d5a0ee,Aino Divide 11,Annaview,19618,EE,
7c95a1a9-e57d-4d80-ac8b-fc7977487d1a,Isisring 85,Grootschermer,2812 AU,Netherlands,True
b9d3e8a8-348d-42aa-a3b7-cb7619bcac27,Beratbaan 11,Helvoirt,9135MC,NL,True
bad22bca-5837-4160-8329-77f39c23c7dd,Juliesingel 112,Schaijk,2940 CD,Netherlands,True
bedd2c5e-4949-4869-afbf-720bf72f6774,Suzepad 34,Punthorst,2368 YL,NL,
7a544fb3-f312-4473-94d0-5a079310e948,Liseboulevard 99B,Jouswier,4694 LZ,NL,True
40b700dc-51a6-4221-b4b0-de2ed586698e,Aliciahof 116,Vuren,2498UD,NL,True
d55bc93f-a548-40ae-93f8-5e07502d1e9a,Stenpad 39,Drreumel,5051 YZ,NL,True
f15a1879-c509-49d2-94df-80d6e06061f0,Sennalaan 52A,De Zilk,5250 EI,NL,True
1f17d5d6-7f89-4a19-ba5c-1e165a3f41e0,Calvin-Mitter-Straße 50,Wörgl,1110,AT,
e2b4bd17-2fdc-437a-9f98-485a018a1adb,Elina-Wurzer-Platz 107,Rotteenmann,4988,AT,True
80dabeba-9bb1-40d5-804e-cab58ca3d743,Nikolina-Kucera-Straße 39,Fürstenfeld,9237 ,AT,True
104b6380-e3a2-4fa6-837b-a23e3d8ac530,Konstantin-Koller-Ring 94,Leooben,7362,AT,True
96323cf6-3498-4046-b51e-f0c7d124675e,Josef-Haderer-Ring 12,Herzogenburg,9244,Austria,True
27e4b1c2-b2f5-424b-ab9a-00325ba78210,Alara-Reif-Weg 88,Enns,2160,Austria,True
cebe0fb5-c209-442d-93da-ee1912f008eb,Foidlstr. 65,Kerms an der Donau,6060,AT,True
b40d05fc-df93-4097-b472-72bfc382cb78,Fernando-Polzer-Platz 77A,Ferlach,6055,AT,True
d7e35525-eacb-4fd3-8e5e-7fb2a7efcb51,Petra-Falkner-Straße 107,Schwanenstadt,1006,AT,
3eb81d87-9c63-4df8-a90d-bf0d45bc57f1,Nikolai-Scheucher-Ring 93,Gänserndorf,8049,AT,
cd982a4c-be4d-4b12-90f2-4439534cb3d2,Manuel-Schwendinger-Weg 5C,Altheim,2279,AT,True
2a414685-618a-4633-a1fc-6251342f063c,Madeleine-Teufl-Ring 6,Rottenmann,2285,Austria,True
e063fadb-88ec-4304-bcbf-79b257cf540a,Nikola-Schwab-Ring 3,Jennersdorf,4114,Austria,True
996e1d6d-b19c-4976-9cb5-56a21cd78be0,Haasstr. 75,Neulengbach,1341,AT,
45214986-807c-4fcc-b2d7-096f5b827f3b,Jennifer-Bernhard-Gasse 77C,Judenburg,8262,AT,True
136cd892-35f4-4fe6-93e1-031e079fe886,Neumayerplatz 30,Traismauer,9714,Austria,True
0a05d42a-a670-475a-b9c0-f83049af13d8,Blauensteinerweg 102,Ternitz,7599,AT,
6f422da5-a911-46ea-9488-ea7d8e539b7f,Sarap Crest 87,Suoth JÃ¼ri,41096,EE,True
421f3118-c589-42ab-a758-a91d28095ff0,Valeri Locks 82,Ãlleiew,82106,EE,True
56b4ee31-5898-46cb-aee7-d7135063536d,Raadik Junctions 95,Maleton,24650,EE,True
b2156971-6180-4ae9-aafa-a0937cc3446e,Gontšarov Square 129,Jaanusburrgh,44952,EE,True
c5041911-432c-4f8d-80ad-d18656eea6b1,Müür Park 111,Enebury,74120,Estonia,True
5be4137b-e774-4ca2-b5a4-c82068297299,Katharina-Stecher-Ring 136,Groß-Enzersdorf,5588 ,AT,True
515ab7af-a282-4eea-a1dc-90c723b1c580,Walterplatz 132,Feldkirchen,2486 ,AT,True
28b01c5b-de36-4c10-9e9d-9866c7809a8e,Urbanstraße 86,Mattersburg,6922,Austria,True
09e52d0d-8f0e-4d52-91b4-87ce5ebd03db,Reischlstraße 16,Amstetten,9831,Austria,True
e61b4084-d418-4854-858f-2c34d80e633b,Rosa-Sorger-Straße 82,GffÃ¶hl,7399,AT,True
dc4048fa-045c-4302-8a79-0571bb25ea07,Calvin-Kasper-Straße 46,Dürnstein,6578 ,AT,True
7d31e428-bea3-4636-a692-8babc3c9995a,Fleischmanngasse 147,Köflach,1969 ,AT,True
28a2949b-83c0-42c7-b656-ec25acdc9e69,Elyas-Pieber-Gasse 121,Schrattenthal,5709,Austria,True
a88d6873-ccb8-470a-87b7-df2ac679254d,Dana-Edlinger-Straße 95,Kufstein,2617,Austria,True
82743e45-a4af-4007-89cc-8b2bc69c2997,Claire-Posch-Ring 75A,Marchtrenk,7718,AT,True
f695642f-4ada-4166-af4f-6209b7ce1688,Meikelaan 31,Bakhuizen,2328 GS,NL,
d6b83466-ef47-4bbf-b490-f75293ab1921,Charlottebaan 71,Rijswijk (GLD),4124 IT,Netherlands,True
f386f21a-ff96-4479-95f6-f72284eacf2f,Milahof 74,Onppenhuizen,7639 KX,NL,True
8c618d6c-d200-4eff-becb-38d718ecf040,Stefring 97,Ansen,8813 TF,Netherlands,True
11086832-bd5a-4352-80b3-c884e19b66bc,Tijslaan 138,Eindhoven,2501 AW,NL,
b5d3aa28-3396-40bc-870a-622dcfa30e7d,Fennasteeg 133,Westerbroek,8337 QD,Netherlands,True
dacacce7-1e9d-42f3-ba9b-4baad2c7dc97,Aydenstraat 36,Zijdewind,2212BB,NL,True
b34e77ba-6e7f-4d7b-b2fa-f4cbe02f9e94,Suzeweg 129A,Achtmaal,7277 QZ,NL,True
6fb9824b-c21a-48be-b3c3-e5b6903cd8d1,Merlehof 84C,Haren Gn,2740 RV,NL,True
a8ca1067-2ae8-4f0f-b834-a80be8bc1afd,Noortjesteeg 33,Makkmu,1350 SM,NL,True
0573e3f6-7f06-4e99-8920-79b357ae4947,Bastiaanpad 40C,Kuitaart,8918 NH,NL,True
c6ff1f26-7f70-4991-add8-a9cb44dac265,Lotpad 136,Den xHorn,7237 IN,NL,True
0eaa0292-487d-430f-9b55-1464a9243053,Jasperhof 106,Hidarad,1008 JC,NL,True
d4f4bb7c-a070-4b60-95ce-7382e6799be5,Nadiaring 94A,Loënga,5768 LO,NL,True
d561813c-ba0a-48b3-b9e0-bba7d5961296,Sennasteeg 120,Simpelveld,2743UN,NL,True
4c60a010-82c9-4375-86e8-ef4bb22880e2,Esmeeweg 105,Farmsum,2103QS,NL,True
adb24a45-cbb4-4ce0-833c-da06f0bebc91,Reichlgasse 149,Poysdorf,9968 ,AT,True
8912c0b2-12db-4c1d-8f67-5cb5fdedd9e5,Jasper-Heller-Gasse 49,Braunau am Inn,3125,Austria,True
d5853666-3d17-4818-aac8-c6195e4da23c,Steinlechnerring 79,Retz,6077,AT,
81ed39e7-5dd3-4540-99f9-7a0303fc682d,Höflergasse 51,Scheibbs,6984,AT,
e18d7562-f545-4d80-bf33-f9ce5e3f686f,Danilo-Mitterlehner-Gasse 113,Baden,2908,AT,
483dfcc9-5f83-4cd2-924f-15b9b8b082cd,Elisabeth-Rössler-Ring 94,Schrrattenthal,5869,AT,True
52db76b9-4401-44fd-8043-aca89d7d3e57,Laht Mews 133,Lake Irinatown,86538,EE,
c1a66890-59f3-4613-9b27-a6deea5b52e7,Pavel Lock 86C,North Jekaterinastad,97935,EE,True
1c4a0c30-c4f3-4c21-bec0-449ad36ad425,Anu Trace 90,Toomasaberg,18879,EE,True
b28eb88b-abae-4c4d-b13d-3e42ac77af0e,Peeter Islands 42,Palumouth,97685,EE,
107932d6-0ae8-4aae-8f62-ac4583e2bfc5,Anna Fork 68,Urmasladn,21111,EE,True
30480cb7-9290-420e-8d41-7a1e2c74bd43,Villemson Ranch 78,North Sergeiburgh,56893,Estonia,True
b8fc4396-0414-48fd-9368-7a6fc3397fff,Kalmus Trail 111,Pgulkmouth,57994,EE,True
e7b01b32-47a6-4044-8fc9-1a6e878aa27a,Kristi Creek 38,New Jelena,89190 ,EE,True
ba3fddc5-4004-4d71-a970-1cb8bedbcb45,Rikstraat 122B,Puttershoek,5658 QN,NL,True
8d34ee63-26ab-41f0-8b8c-930ea41f6a9b,Linnbaan 30,Slene,5361 RW,NL,True
cea49f83-e721-4917-b57a-5282ff4f7ac3,Gijsweg 99,Beutenaken,7993 AP,NL,
0e00924f-af76-4eb4-9f6a-85105d01f9f9,Deandreef 26,Nieuw-Weerdinge,1897GE,NL,True
6bfc47cc-5b9e-4065-af69-e16b2fe79966,Samsteeg 87,Lobith,5348 TT,NL,
438dd589-96a2-4388-a4ab-68e367dedc38,Sebastiaanhof 113,Westerhoven,4010 ND,NL,
df874251-4e56-4fb5-81ad-2ec09a09c41e,Berendpad 16,Echtceld,6042 AC,NL,True
4705f6c7-84dd-44af-b09a-ac68d49ad2aa,Mickring 114C,Zeijerveen,5296 CJ,NL,True
2c37a618-738f-4352-abe0-e2df4ac811b9,Rikdreef 97C,Nieuwe Pekela,2569 KW,NL,True
0d6e74a8-bc76-4d1c-82d5-e8d1107fc4a8,Martdreef 99B,Dreischor,3354 WO,NL,True
23b21483-1e54-4dc8-b71b-0a2c92692934,Kilk Corner 132,North Kristina,64165,EE,
63c3f75b-132c-46ba-9206-a8eea496bbd1,Ossipov Crossroad 139C,South Jaanuschester,93376,EE,True
27db07c4-0f7b-48db-a401-2cd5fdbb2b6b,Galina Villages 104A,South Kristi,80489,EE,True
a761af97-4ed8-4229-bf15-26d6625e5da2,Maslov Walk 8,West Mihkelton,89155,Estonia,True
1efb75ff-1f74-46af-afdb-dc063c04ec36,Lebedev Extensions 76,North Natalja,19732 ,EE,True
75871006-581f-472a-aa1e-fd0fe822166b,Katrin Spur 147,New Roman,13028,Estonia,True
56fb62cc-434a-4aa0-aa14-a6e838b2ec4b,Olga Hollow 46,Kuuskmosuth,18589,EE,True
1f063e03-0cc0-4262-a0bb-1b01310b6f19,Juulsteeg 36,Voorburg,8196WK,NL,True
f316f785-e828-4b03-a2b1-6c81ee5b8afc,Lukahof 42,Ewiijk,3850 RP,NL,True
f3eb2706-437d-476a-8855-8f290fb1aee0,Jasmijnweg 8B,Zevenhoven,4578 MH,NL,True
e93b7df8-cd17-4824-9335-494b0471fb37,Amberhof 92C,Lathum,1463 YW,NL,True
fdb76144-e64f-4025-871d-df6b95c840d6,Damianhof 129,Velserbroek,7518 QF,NL,
558d9501-9a81-4754-a662-d30c7be426e4,Kayleighpad 142,Empe,5280 KE,NL,
752140d8-ba08-42d1-9eff-2f0235f6a924,Youssefdreef 133,Vries,7387 RO,NL,
4a93d92b-fd15-4dc6-b0a4-a5df7d9e0ddb,Mayastraat 90,Deeest,4644 TX,NL,True
4e4f8e0e-df51-4b08-965a-c78b75878a49,Zoëweg 54,Hirden,5852 XF,NL,True
3d314c23-d464-4cd3-92f7-85e1b4f6992a,Lilysingel 63,Kerkraed,2575 PB,NL,True
0c52b62a-f089-476d-8196-023c4f2e9700,Madeliefstraat 141,Blokzijl,8697 EV,Netherlands,True
2235577b-3988-4b1b-a0e2-052a758571c9,Tarasteeg 102C,Makkum,2114 MG,NL,True
83653fed-78c6-4706-aadc-cec42c763185,Emmabaan 11C,Laag-Keppel,5912 EL,NL,True
1f528ea6-aef3-4c17-a6d7-73bf426b8fc6,Larastraat 137,Pnuthorst,7086 LB,NL,True
3d88c12a-c850-4979-87b2-8d3628027217,Lolastraat 72C,Markenbinnen,6167 FA,NL,True
840c1b2b-7747-499f-81dc-d91cdaa75ffa,Veerlehof 31,Tripscomqpagnie,8550 YW,NL,True
4e79b44f-5129-4c71-ad62-55b8aa74a2ed,Mehmetstraat 86,Mander,9197 HA,Netherlands,True
3df9c0f8-f545-4202-bf4c-9287ab0369fc,Yaraweg 29,Beek,8401 RT,Netherlands,True
70a8f09d-a0e6-4d05-b614-54c2220bbfd8,Tiesweg 137,Voortthuizen,1552 NU,NL,True
293beede-e61c-4abd-ba6d-5d8c9e3aecda,Johannasingel 43,Grubbenvorst,1868 RZ,NL,
fd00ae24-961f-4e76-9728-94657e28242e,Laura Corners 45C,Piretbury,76255,EE,True
306c144e-a822-4e9d-9f14-a2efb6f2c229,Luik Garden 129,East Anneburgh,58498,Estonia,True
329f4578-45f0-4347-8efe-a18ba3662306,Mäesalu Locks 135,Reimanntown,75020 ,EE,True
02eda232-8019-48ed-a3c3-a07d0e4418cf,Kolk Stream 78,West Sirjetown,55098,EE,
fd4baf43-0fdf-4f7e-9dd6-8e7940b0fcbf,Reet Club 38C,North Tiiuville,20501,EE,True
01dbfeed-2162-4d14-a725-d027f440c593,Aleksandr Knolls 104A,Kisseljovside,33477,EE,True
d6d8bfb1-816d-43f8-b159-32b44d713f33,Jelena Rapid 28,West Andrei,67560,Estonia,True
7409960f-9e41-4280-bbd9-37e58b5725ff,Aino Plains 117,Port Alekseiland,37382,EE,
f1262caa-afef-4e48-b71f-2759b4251b8c,Keanosingel 76,Wijnjeewoude,1022 QH,NL,True
45b08be9-7b81-4a90-a0bb-d0dbe555a52a,Vincebaan 98C,2e Exloërmond,6794 GH,NL,True
8bb12cad-ac59-413c-81a5-cf62712834a6,Simonring 120,Krewerd,4410 NO,NL,
1b3fe1a1-580b-46bb-83ef-c5b9259aaa2c,Pepijnsteeg 115,Beerze,2439 GU,NL,
457d0961-834c-4041-87d0-3a29724dc814,Saarsteeg 12,Hoofddorp,5788 LP,Netherlands,True
4d26b25b-af9c-47cd-b643-4367d3e3233d,Tijnring 65,Boerakker,1371WB,NL,True
d64c0834-14f1-4b5e-94e3-96bc1b358624,Milanpad 127,Udenhout,8151 AR,Netherlands,True
537c84aa-2b96-413e-993e-9851e367eacb,Laureen-Nowak-Weg 135,Schwechat,3793,Austria,True
a172dd86-bb99-4b4d-b2a6-a3294b4cace4,Melisa-Werner-Straße 111,Trieben,3252,Austria,True
9f0a0a46-d917-4bef-bdac-a3bd56311286,John-Varga-Straße 113,Völkermarkt,7251,AT,
6dc5b47e-8ca2-460e-89a8-e9f5522e5def,Mark-Rossmann-Ring 140A,Althofen,2500,AT,True
3b1a4c3a-e246-4c6c-a4d5-457ad0a5e4bf,Levi-Schweiger-Weg 114B,Ebenfurth,8571,AT,True
56ef7004-1b6e-455c-8b58-9e1765ea32df,Kalteneggerring 37B,Sankt Valentin,2330,AT,True
f87dd595-5378-4b2e-a840-a669b772846f,Maurerstraße 58,Drosendorf-Zissersdorf 1,2067 ,AT,True
8001b0a6-507e-425d-9dbe-c4b1143ec656,Stögergasse 56,Biscchofshofen,8418,AT,True
400aedff-7387-4352-a1e0-47207b356c1f,Ellergasse 123,Wieselburg,2431 ,AT,True
422d25c8-c30e-4e57-b805-e292b667a2bf,Kernring 18,Wiener Neustdt,1976,AT,True
2e9c64b2-87a7-4e7a-a667-00581195d5aa,Handlstr. 98,Mank,1500,Austria,True
3b4f2370-3878-473f-b0f1-176741fdda40,Arda-Haindl-Ring 86,Hartberg,4189 ,AT,True
c8fa66d5-4b76-4034-b946-e04f197f246b,Laureen-Heindl-Gasse 109C,Wolfsberg,8575,AT,True
4c8a2403-8c63-4215-989b-4268d8d94233,Leopold-Krainer-Platz 29C,Innsbruck,2915,AT,True
3f501491-be00-441b-b95e-fdb7fdcb7de0,Isabella-Trinkl-Platz 135A,Mautern an der Donau,9776,AT,True
f7614b4c-7820-49a6-90f9-33a1be4b022a,Winterstr. 10C,Gmunden,5878,AT,True
c6c1f242-f88f-4689-9231-c2407dfb2a55,Aichingerweg 17B,Wilhelmsburg,9737,AT,True
c101a3c8-08bb-4fca-9058-e79027e28a86,Stecherstraße 1,Radenthein,3684 ,AT,True
d33a6d07-7300-4305-86f4-c6076f2b0514,Kainzring 49,Bad Vöslau,8890 ,AT,True
d9e871d2-e5a4-48e0-864c-8cb663c68701,Pendlring 71C,Leibnitz,5161,AT,True
cde6158f-a1f5-4d7b-9163-c3155070852d,Sokolov Turnpike 148,MÃ¤gihcester,53090,EE,True
efeb28eb-ecd1-4ed2-8335-4532d0effe57,Tatiana Viaduct 72,Lake Dianastad,99041 ,EE,True
4a672641-f60c-464a-b7c4-20d90459d6c1,Kuningas Pike 147,South Marina,83491,EE,
25abb4de-739f-4571-9008-ce159326a260,Maria Stream 106C,Vladimirville,84750,EE,True
ec2644bd-a06a-4c06-948c-c17270fbbcbe,Tiina Brooks 18C,Gontšarovburgh,53738,EE,True
eb397d0c-e6f4-407f-84da-f529f9c3cbb6,Tamme Port 139,Viktoriashire,33402,Estonia,True
eca38ed8-3eaa-4bf6-a549-b5683115cd6e,Suvi Springs 104,New  Valentina,32408,EE,True
b3afde2d-1c7d-4bdc-ac15-d8a19e65f63a,Maksim Crest 99,Elenaville,91331,EE,
91375ad8-deb0-4d23-8ed5-0412b00b093f,Nurk Forges 31,Remmelview,87595 ,EE,True
8dde3b16-f6be-42b9-9824-fefa7acf8334,Matheo-Aschauer-Platz 119,Schrems,6626,AT,
39d8e920-234d-4a82-ae18-738c420ac364,Selena-Rohrer-Gasse 137,Kindberg,3707 ,AT,True
57bf3357-31d9-4e31-9954-94740049d929,Voglerstr. 135,Ba dHall,9626,AT,True
c41bb163-6f66-4768-8792-dd2983c9d6a2,Weissplatz 30,Oberpullendorf,5724 ,AT,True
c4fa0bc2-8b18-4d38-b0ae-54dc7feff50f,Aleksandra-Friedrich-Straße 11,Zistersdorf,8052 ,AT,True
f70032f1-e23c-49fd-bcaa-b4fb5fe2b1af,Henrik-Reinprecht-Straße 8,Purkersdorf,1916,AT,
648e841e-d83e-4913-bf28-42acbbd8d9f1,Schiestlweg 58,Bärnbach,1478,AT,
9e583b13-e7bb-4dd0-aa7d-c64d23b5aea2,Jaan Lights 107,Nort hMarekbury,94678,EE,True
43ff9f49-c9d5-44a0-af3a-a31452a82033,Tiina Fork 142,North Kristjan,19198 ,EE,True
b6ac8c69-ac9d-48ac-83f0-1415f2dbd446,Reet Port 145,Kristiinabugrh,43198,EE,True
a4acca30-860e-4a3d-9516-6932316cb00e,Laura Lodge 8,Lake Annelistad,34954,EE,
68b750c4-a630-4606-aee2-423341de400c,Tamara Trafficway 105,Eveshire,98391,EE,
d3610842-c847-4d56-8db6-a01f2b1d3629,FritschstraÃe 10A,Bad Hall,7287,AT,True
d80e0dc3-5df8-4e9a-8aaf-47671bb1420a,Marie-Jung-Ring 148,Gmunden,3043,AT,
4e480ff1-cffd-40be-a4f7-38ae3affc14b,Fitzstraße 14,Landeck,2308 ,AT,True
73e8a344-4cf6-41ed-b783-45cec68d120d,Jasmine-Puntigam-Platz 74,Mattersburg,3850,AT,
63f86d6f-3224-4949-8011-cac80cee5ac6,Lisa-Wöhrer-Straße 147,Stadtschlaining,9765,Austria,True
031f2e78-2603-4ce5-800e-2f73a3d38f38,Emmapad 48,Pietersbeirum,2476 JN,NL,True
61c9d2bf-77c8-46fd-8cf0-11c26357c151,Evelienpad 133,Tienray,9511 QK,Netherlands,True
82183e60-c0d6-45f6-ab18-1af26867684c,Martsingel 139,Wehl,3890 QA,NL,
bb1ac196-07f7-4606-b1db-9b56501a5a04,Jeltesingel 32,Barendrecht,9916 ZQ,Netherlands,True
797951a7-b7fd-4d7b-b40a-aa410824da8c,Jurrering 133,Reeuwijk,9251 OB,Netherlands,True
27be12c3-2763-4740-809d-fc6e145456c7,Sebastiaanhof 142,Uithoorn,9783 DD,Netherlands,True
595a5d47-75a8-4277-96f0-98df495dcc1e,Amirabaan 48,Basse,5137 CW,Netherlands,True
dd81ca12-7787-4c8c-b148-5f837842dfc5,Igor-Grüner-Weg 111,Traun,9775,AT,
1307c02e-530b-4814-bd4f-d29e393ab39d,Scharfstr. 101C,Raabs an der Thaya,9317,AT,True
ae951e28-7956-4f5c-a8d1-c59f1e608068,Alexandra-Hartl-Ring 8,Wieselbug,8804,AT,True
d4026be2-3ab7-4eed-b0a9-d161097c4fb6,Milo-Jauk-Ring 63,Purbach am Neusiedler See,2252 ,AT,True
d87f4431-a977-4105-9daf-1c74bab74ac0,Larissa-Eberharter-Ring 62B,Bruck an der Leitha,3820,AT,True
11dac7c9-a428-4f45-9d65-8958dae10751,Richard-Dorner-Weg 104,Schrems,5265 ,AT,True
50d15e60-be36-4473-93c4-d68c618fbeda,Richard-Gamsjäger-Weg 134,Mariazell,5458,Austria,True
50191a6a-b02f-460b-8d7e-67ddc9db6405,Rothstr. 97C,Zistersdorf,7590,AT,True
335cdf5d-7d47-4563-9d0b-b28958f359ef,Ava-SchÃ¼tz-Gasse 99C,Innsbruck,6940,AT,True
1e726263-585f-491b-aeb6-192e5a012b5e,Barbara-Mitterlehner-Gasse 123,Baden,1873,Austria,True
93cb826b-626e-4670-ac12-5f9ec2072d6e,Lily-Rechberger-Ring 65,Liezen,4309 ,AT,True
2a4912bf-cc83-41c7-8da1-d25523db0485,Hoferplatz 2,Mnak,9672,AT,True
0953540c-71bc-4967-a926-1e5f4b8fd8aa,Laureen-Brenner-Ring 121,Wles,5487,AT,True
f3ce7a06-a6b7-4f5c-bd35-741e1fde998d,Reischlstr. 110,Enns,6783,Austria,True
596ebaf8-5e61-4237-ba09-4750b7fd152f,Voglring 145C,Mank,3433,AT,True
76333916-cf0f-4728-9f9d-f1a63ce9df0a,Neubacherweg 43B,Schärding,2475,AT,True
efb82676-ac27-4dde-8255-ce364584f801,Anita-Trattner-StraÃe 85A,Frohnleiten,9094,AT,True
275f9123-79be-48b5-bdf5-cf3fb4b4fced,Tiiu Port 116,Kasemaabury,83887 ,EE,True
29846c39-c250-4d01-b9a5-8129b5f1fa44,Rätsep Mill 49,North Kristina,78705,Estonia,True
6424f973-be3b-4c32-9075-00a10d6e272e,Paju Court 56C,Kozlovborough,21696,EE,True
f74c0a99-305a-41c1-bbc4-e68423f1de9c,Nadežda Parkway 139,Õunburgh,72780 ,EE,True
68831f92-1929-4987-8542-c95ca28ec601,Jaan River 88C,Alexandermouth,54606,EE,True
52830c53-fdc1-4314-bae5-b58235546f1d,Tarassov Mission 81,East Nikolai,80378 ,EE,True
dc62e1d4-d762-4c84-b7c8-14b56e5ac25c,Nõmmik Views 107,West Triin,45898,Estonia,True
aecc7a32-daf1-4a70-9e9a-625f3097399a,Nadežda Spring 67,Annaviwe,92404,EE,True
e4b0e038-8aee-4edb-b7e7-f71d0de6bad2,Buchbergerring 81C,Freistadt,1267,AT,True
74be6615-55bc-4250-b841-67b53bb063f3,Maida-Kocher-StraÃe 11B,Rottenmann,6888,AT,True
9c295105-75f6-4dea-9dfc-d943d4dc24a6,Verena-Riedmann-Straße 92,Villach,2107,AT,
f292828d-2494-462c-80dc-d65990c15c52,Joshua-Holzmann-Ring 35,Stadtschlaining,3202 ,AT,True
aaa01a23-5179-4347-aff8-4f693cc06e0c,Sabine-Burtscher-Gasse 108,Schärding,6152,Austria,True
b619fb73-51c6-4ca2-b764-7356f432f3b5,Salzmannplatz 32,Stockerau,1207 ,AT,True
38823674-6ede-40a4-9d62-cf37b86459c9,Luise-Reiter-Ring 102,Obrendorf bei Salzburg,5038,AT,True
95846422-3fee-4262-a629-5963e1ab869a,Waldnergasse 42,Amstetten,8952 ,AT,True
e64a0789-ed0f-4fbe-951b-cb91ec3db3ad,Grünwaldplatz 18,Dürnstein,1474,AT,
1f6e91d9-310f-493c-baef-1d1dedd4a90e,Pachlergasse 7,Althofen,6456 ,AT,True
64687437-93b9-442d-9ef7-97eb967e6dd8,Loiblplatz 8,Schrattenthal,9535 ,AT,True
eff2699e-239c-444f-a2cc-b168bdf8b08b,Florentina-Schweitzer-Gasse 39B,Neulengbach,9365,AT,True
79596ece-9734-42ac-bfe1-764060bdf0b5,Marvin-Jahn-Straße 111,Fürstenfeld,2510,AT,
c0288153-0ddb-45f5-abbb-5709d68a48c5,Aignergasse 94,Gmunden,9449,AT,
0cb270c3-118a-4c55-9eb7-5b16dc1e2cf4,Dana-Neumayr-Straße 111,Dürnstein,5667,AT,
9f15d4ac-c706-41c3-b558-283b7219be63,Timon-Ecker-Ring 43B,Sankt Pölten,2851,AT,True
c71e424e-c13b-4938-88c4-7d856e5378cf,Karoline-Horak-Gasse 146C,Pregarten,5773,AT,True
0ed07365-d4f1-421d-881d-2ddcc6883017,WÃ¶hrerplatz 23C,Bad Radkersburg,2617,AT,True
c9e23f32-4608-425e-9b0b-fac241367b2f,Frida-Yilmaz-Gasse 127,Trieben,6473,Austria,True
2fea8fe2-3d4d-40cf-9110-62399e136e8d,Klausring 2C,Klagenfurt,4852,AT,True
5a76b4b2-6886-4baa-b42e-fccb7c8cf144,Wirthstraße 27,Feldkirchen,9505,AT,
f72605aa-03e1-492c-a561-1726e0b730ee,Veronika-Himmelbauer-Straße 79,Eggenburg,1653,Austria,True
3e4db7db-c344-47d6-8f96-f1aeefc130ed,Boris-Ladner-Platz 8,Neunkirchen,3226 ,AT,True
1e7c95ba-1572-46b9-ba61-5ad4577090d5,Pollakplatz 110,Straßburg,8357,Austria,True
2b1d5d8e-c6b4-4aa8-8f38-46f27e92cf72,Estelle-Suppan-Platz 79,Ba dLeonfelden,2034,AT,True
5079f66a-9925-4950-b151-28a7bd4234a7,Juliana-Kössler-Ring 18,Frohnleiten,1017,AT,
e0525bc6-0c2e-40e3-897b-96a014793592,Wilfingerring 135A,Waidhofen an der Thaya,5432,AT,True
34b670ee-496e-46e3-abf2-52db3ad70737,Carlijnsteeg 86C,Blesdijke,7031 CH,NL,True
542de3db-69bd-4ee3-af22-199caf560352,Milanlaan 109B,Broekhuizenvorst,6061 BU,NL,True
7df55569-0538-4790-9ed6-0dc5706fcabd,Sennapad 149C,Wieringerwaard,4884 ND,NL,True
fef4079a-8891-4e18-bbdb-b6e68437345c,Merelhof 1C,IJsselham,7370 DH,NL,True
c2dcf065-40e4-411d-be51-e399a3155502,Fatimasteeg 138,Nieuwe Wetering,7551DV,NL,True
46696bc6-a771-473f-9e16-e8f8166b1c97,Azraweg 17,Hekelingen,8055 SW,NL,
8c5cc5a2-c9fc-4493-a341-daca44eb9550,Livsteeg 9,Steeennkamer,7522 PX,NL,True
e8014f3b-5639-43c9-96b0-d27444d57604,Joepboulevard 18,Monster,6397 YM,NL,
e967642a-59de-4ae5-b314-a5c5d1f03c05,Aaliyahdreef 118,Wapse,6493 TX,Netherlands,True
6da08bb2-c17d-4586-87d5-ff8a8d4d3670,Joëlboulevard 47,Slijkenburg,9504 AE,NL,
655cc1e5-dee1-4b12-901d-8a79bd9df691,Matilda-Scherzer-Gasse 129,Mariazell,5414,AT,
df712e75-d0f2-45f1-aabf-68dab7e1182f,Tim-Scholz-Weg 102A,Raabs an der Thaya,5206,AT,True
41039681-dad8-4a3d-96a1-c7ee38aaaae1,Draxlergasse 17B,Mautern an der Donau,4451,AT,True
2dc2185f-3ca9-45c0-bd0e-8c0194621f2b,Tiffany-Wimmer-Weg 50C,Mürzzuschlag,8603,AT,True
32288cdf-8e6a-4916-bc46-548203a6d4e7,Erhartgasse 8B,Dornbirn,6636,AT,True
700d0054-e2fd-4c56-821d-0fd5902317e4,Erhartstraße 85,Waidhofen an der Thaya,2791,AT,
f1d5a340-1730-4180-9220-570f08bad60d,Hofstätterring 12,Mrchtrenk,4437,AT,True
0ab2de19-b2f5-4a0c-883f-828af3e85ef3,Adamweg 34B,Mistelbach an der Zaya,1305,AT,True
07383982-d81b-4544-9893-b306e630e141,Doblerplatz 23A,Leibnitz,7672,AT,True
0e2c8869-3189-4bd3-8040-104f79f8a8ef,Schützstraße 103,Oberwälz,7370 ,AT,True
dbf6339a-1962-4596-a468-41e39f1817d1,Kondratjev Pike 122,East Siimland,23309,Estonia,True
bcf39890-cc16-462c-bdd5-d911b67c5e3f,Jekaterina Lake 44,North Tiinahaven,82365,EE,
611c3e68-b8e1-4c04-a3cc-34c0f52d7417,Urb Point 70,East Snder,51250,EE,True
530db322-1289-43b4-b38a-48f611a08253,Mihkel Well 135,East Valentinaside,86682 ,EE,True
e07791b6-248c-42d7-a533-8cd7d2f5744f,Toots Ridges 101,Sergejevmouth,87483 ,EE,True
1fd9bbf1-ac0a-4176-9fbd-c314148db5b1,Novikov Place 120,Tuulikstad,28046 ,EE,True
c0bccc33-2fd0-4c10-9106-e7eb5b8226c9,Indrek Stream 2,North Aivarstad,78822 ,EE,True
4b40271f-edfe-41f7-b68e-7272735aede4,Aasa Land 144,Lake Triin,47768,EE,
2f0da4d2-2fdf-4fa1-a569-0c1461c25fce,Aivar Street 42,Lake Tõnushire,94797 ,EE,True
0028a06a-9c83-4e98-9cf7-d5adac23db74,Diana Island 107,Jaanusborough,52268,EE,
6025b57f-dad9-4dcf-a46a-34c5a2e8b0b3,Anne Manor 145,EastA lexanderhaven,35134,EE,True
59c85fdb-8725-4aae-9879-67cfa55a91cf,Kiil Parks 137,Vikttormouth,49275,EE,True
70d588c9-258e-4d8d-9b14-ce8f0678259b,Valentina Stravenue 16,Tiitside,89287 ,EE,True
ca21dc99-61ba-454d-88e7-f310655de493,Kadri Island 34,Jevgeifort,84956,EE,True
f807155b-233c-4696-9f20-ea0660b119d8,Rand Point 116A,East Tiiuton,54724,EE,True
fc433c12-1097-41d1-848c-34ed231fb203,Aleksandr Pines 41,Soouth Meelis,74495,EE,True
8545ad2b-ae2b-426c-a5c0-5e9243b7c195,Pukk Mission 3,Triinfurt,51891,Estonia,True
1669dd17-a932-472c-b55a-d7c56dc3598c,Raag Stream 119,Port Antsmouth,69810 ,EE,True
