identifier,personName,birthDate,gender,knowsLanguage,changed
023d3d23-792e-445a-8772-3b4515cbbace,Shawn Green,1990-03-17,Other,nl,
e8bff12a-1758-45f2-83e5-12e3536a1a58,Taylor Rios,1983-14-11,Male,et,True
d14c6503-2e71-4653-ac12-723c17093ba3,Jones Alexandria,1981-11-16,Female,et,True
9d3efd7c-9b23-4829-9bfa-4d33c4783d69,Jboshua Barnett,1997-12-23,Female,de,True
4bb24168-97f9-409b-9a1f-f744d06d1117,Sheila Johnson,1983-03-05,Other,nl,
6d6fc75b-e352-4374-bd50-377a34e3368e,Joradn Lopez,1981-07-17,Male,et,True
4fb7f56f-c5c3-4f21-9687-91681f10559c,Chase Snyder,1977-03-30,Other,et,
dd937fb5-8048-4e87-b12d-a6b1c84b1549,Ronnie Gibson,1987-10-14,Male,de,True
438b7716-405f-479d-9b6b-7c1af3a35dc1,Linda Cain,1995-02-10,Female,nl,True
03691ee1-7088-4f27-bdb8-f3432bbe8b5c,Robin Johnson,1975-04-30,Male,et,
22ea6164-d4c4-4ce2-9484-d68a2796ee75,Jackson Karen,1996-10-09,Male,nl,True
d23c2c53-4af8-4695-aad6-2eb2d6a33051,Ms. Allison Knight DVM,1963-28-06,Female,de,True
88c66721-83a8-445a-b122-0597561a1e0a,Griffith Jamie,1966-12-09,Other,nl,True
5f6ee850-0903-42f0-82ba-0012df98d16a,T. French PhD,1990-08-09,Male,et,True
51152efe-5355-4542-b00f-60009a243459,Sandoval Sandra,1978-01-11,Female,nl,True
5482bf85-7445-4aae-bb62-bf3835f32920,David Harrison,1987-19-04,Other,et,True
212a5c3f-eb13-44da-aee6-ddac52d5bd42,Stephen Miller,1993-10-10,Male,et,True
691b7437-153f-4797-b09c-a41a70dbba07,Torres Loretta,1999-02-06,Female,et,True
87d087ca-cf6b-44ba-958d-1269fa6a930b,Austin Wade,1973-09-28,Female,et,
68ce52c5-e661-4dfb-b6a3-7820d4c9890d,Asley Tyler,1961-03-11,Male,nl,True
2cca5b70-c3d2-4a11-9879-348fb183ccc9,Catherine Ramirez,1999-28-06,Female,et,True
7ae2709e-8d79-4010-8a65-b55c716bf54e,Kevin Cooper,1983-08-03,Other,German,True
fd4db479-b17c-470d-b29f-55633a400db2,K. Mitchell,1974-07-10,Female,et,True
1a9100df-69c9-45ca-a81e-6c85a58e5756,Michael Petersen,1970-02-12,Other,de,
03f8d13e-e29f-4eb5-b685-eadd7569edc1,Grace Adams,1997-01-10,Other,nl,True
3aca0c65-b879-41a0-8462-39f8399bb7ed,Pamela Bowers,1990-04-20,Other,et,
f66a452e-c08c-4b8c-93bd-a87fb0cb80ed,John Pineda,1993-19-06,Female,de,True
bbe01020-10d3-43d8-ab03-0749913bdd96,David Baker,1985-06-24,Female,et,
ab50cfce-4502-4e1a-9f4c-667b3ec6fcc8,Brittney Rios,1964-15-02,Other,nl,True
303cc906-15e8-4cd3-b686-712b4155f76a,C. Mitchell,1995-08-15,Other,de,True
3b48dee0-97b3-48b4-839e-d86c788e4f72,T. Rogers,1984-05-24,Male,de,True
3dbf78c8-dfe7-4f9d-9946-58786720855d,Trry Hoffman,1997-02-22,Female,nl,True
ea84cf96-b8ad-48e1-a045-7213ef15cb49,Miller Hannah,1978-02-22,Female,de,True
cceed6a5-9eb0-4a25-bc43-f56f6480349d,Myers Sarah,1978-04-06,Female,nl,True
5d60e93c-7d32-4b81-b9c3-e7e3ccbfe6ed,Ronnie James,1979-17-11,Other,et,True
36267584-22fa-43dc-96a6-b5ac17bb5a7d,Caitlin Wright,1972-04-28,Female,Dutch,True
95eff289-1560-4fe1-9adb-6f03c25f754a,C. Webb,1963-07-23,Other,et,True
33d2e04b-61c4-464b-bedc-da449d1eafdb,Susan Williams,1986-03-21,Male,et,
f2f20878-67aa-4f55-a8e3-8fc0eb0c592e,Stephenson Cody,1977-05-15,Female,nl,True
e0be8582-cf27-4d6b-b036-abaa3f438f69,Sabrina Brown,1959-12-12,Other,de,True
cc50d5d9-a697-4239-a5f1-e9f66289bb56,Shari Ramirez,1987-06-28,Female,Dutch,True
675d52de-6cf1-4555-81da-30117f58d7fb,Patricia Mitchell,1961-07-29,Male,German,True
d0c24d7f-d063-4048-bf86-10971c03b71a,Michelle Garcia,1982-09-08,Female,de,
dd62168d-7d07-40a5-bc89-3544c8dabe3f,Barbara West,1984-10-12,Male,de,
f2d2793a-188e-44e7-9eac-21e82cc1a52b,S. Hall,1960-03-13,Other,et,True
e82be3dd-af73-46a0-9d69-547f9abe36c4,Cheryl Schmitt,1982-11-24,Male,et,
a1e97083-a86b-4838-9b95-f3b8b73226bd,A. Lee,1980-10-10,Other,et,True
04931f23-89b0-42bb-a1d8-52619c3d3cba,Janet Herring,1988-30-08,Other,et,True
1f922490-361f-4edb-ac99-72e6d80b7a8d,Victor Wilson,1998-06-07,Male,Estonian,True
6e18b3e7-6e68-4b75-a3a7-53761b5a326e,Dwvid Hill,1971-11-05,Male,nl,True
c4592486-59d8-47c7-9da5-b802c4543f0e,John Hughes,1987-08-02,Male,et,
47f84a9d-8ef5-4472-ac41-f90f16f57851,Anthony Shelton,1998-11-06,Male,de,
1e6ce8b3-7176-422d-9398-64d658efebfe,Jessica Cgole,1964-08-20,Female,et,True
5e95e2eb-a42d-4f0d-afca-0c2cb8d384b6,D. Amber Allen,1989-07-07,Other,et,True
98eee7f1-d759-45af-943e-451188bb8951,Heidi Benson,1984-01-10,Female,et,
3c78d787-eca8-41f0-b134-590a3be1daf3,Hampton James,1982-05-07,Male,et,True
6d68615d-8b0f-46f7-b252-cbf0df76d4fd,Kelsey Smith,1983-06-16,Male,Estonian,True
e38a30c8-4310-464a-85be-0c3a72166c19,Danny Riuz,1984-08-17,Male,de,True
bc4094f8-15dd-4f2e-8778-cf300c609ac2,Michelle Meyers,1994-30-10,Other,de,True
b523049d-9cde-45d1-9742-0c94fcc0ea8d,Stephen Mnthis,1964-05-09,Male,et,True
439096f6-f547-49fb-84fc-d0bf09865fdb,Kevin Kaufman,1998-18-10,Female,de,True
ad53638a-4f15-440d-b43e-b089ce9c390e,E. Woods,1961-06-13,Female,nl,True
46577a91-cb86-4fd2-b7d3-92efa74be435,Mrtin Warren,1969-08-01,Female,et,True
735f73a7-a37d-4464-ae7a-84b89aad49bf,Teresa Rodriguez,1977-01-30,Other,de,
d77f416a-9755-4252-a881-989b4273e50c,Lisa Edwards,1992-30-07,Other,de,True
32adf5a2-bac4-493b-910b-2cb3e2559282,Clark Jose,1997-08-30,Male,et,True
149d4c68-a7a4-41aa-845b-2d0689ab3146,Boyd George,1985-03-16,Female,nl,True
138683cc-c340-4cdb-9af9-8c52cef827b7,Cynthia Morales,1959-16-06,Other,de,True
42f4142d-2f5c-4572-9a65-95dde35d625f,Joshua Flynn,1961-03-17,Other,Dutch,True
c8d18462-08c7-4ee1-b2b5-7fd3289221fe,Williams Dana,1974-08-19,Female,et,True
faba6c62-ad27-4edc-bbd9-a7c6d2aff965,A. Anderson,1979-04-09,Other,nl,True
57947a3f-89a4-4061-99bc-f8cac4f1f82a,M. Jones,1960-09-30,Other,nl,True
84fde35a-73af-4458-b892-cc6ad7c06a47,Rice Randy,1997-08-05,Other,de,True
03aa9b6e-8539-4e41-85e7-69231b0f3e95,David Stone,1974-24-06,Female,nl,True
70c5c2c2-1736-4d0a-a146-8adfd546d8a7,Gary Crater,1959-09-20,Female,nl,True
e81ffcc0-63ea-4938-91be-609c4394a0e5,Ashley Le,1972-09-02,Other,et,True
3d6e4ed2-90e3-40a7-8189-cc7bf15583fa,Jackson Donald,1981-08-30,Other,nl,True
e7e68f09-fc56-41e9-9c2e-01fb98200d0a,Lisa Meyers,1989-11-09,Female,de,True
c984a258-0696-4568-bc2a-50b6a947c6bf,Courtney Lyons,1970-18-01,Male,de,True
66d7bcab-b62a-419c-bd30-f1d433f37df2,Patrick Marshall,1979-01-13,Female,nl,
4217bb8d-6b32-445b-90ec-b7361aa107ad,Vickie Hill,1995-03-18,Female,et,
4874c9e6-bc39-478a-a354-7368a4164149,Rodriguez Katherine,1980-05-21,Other,de,True
009fcf4d-ba7a-440d-8fee-e0bd464d340e,Tara Mason,1977-06-09,Female,nl,
7a78374f-7696-4c1a-b5b6-d70a8a505594,Lutz William,2000-01-24,Male,nl,True
009c7932-90e5-4600-a77f-36f01ea1f631,Dr. Ashley Park DDS,1965-02-06,Male,German,True
6aaacd47-38c2-4b61-9487-e47c35cb16fd,William Ttorres,1964-02-15,Female,nl,True
f968e854-01a4-41eb-bc6e-e07d504b0702,D. Buckley,1968-07-31,Female,nl,True
9a6b1896-0a05-4a2c-a1e3-ecd804c5e7e5,Lisa Johnson,1975-04-28,Male,et,
27b5841d-49d7-47ce-a51f-9a0429482267,Martha Jimenez,1960-12-29,Female,de,
9c70f0f0-72a7-4e3d-8778-014b54ade7e9,Sandar Brown,1990-04-01,Male,de,True
12e38c75-2039-4b7a-8c7e-1f3688ce9797,Wood Nicholas,1989-10-05,Other,nl,True
7654ef67-b45f-4ac4-91ba-44bce09edca2,Steven Hunt,1959-06-29,Male,et,
19e595a1-c639-49d7-9775-7e743ca9f46f,Linda Knight,1980-05-17,Male,et,
e756edc3-1e2c-4a61-baed-a529177adea8,Morgan Joies,1988-02-08,Female,nl,True
6722534a-ef0e-46a0-aa57-1979b8b9cc93,Jbmie Moore,1969-09-20,Female,et,True
615bd6db-9d75-43db-afd1-3f3836d5c12e,Kyle Manning,1985-06-12,Male,nl,True
38007724-5453-46c4-8772-4b9a89d1518e,Jones Justin,1966-10-07,Other,et,True
e2528dc4-ff68-45f0-bc5b-5c70c36337fe,Ball James,1966-05-02,Female,et,True
8cca5817-2a3a-4255-ab36-ea0fe5bb4f04,Carol Miller,1962-06-04,Other,de,
b3a3e7a0-fc56-4cc4-84d2-3cb4a99b81a9,Brooks Jennifer,1969-05-15,Other,et,True
a09068bb-47d7-45b6-b615-3438275dcc12,R. Robertson,1962-12-06,Female,et,True
159d3d46-4f12-4261-bbe2-137e2b1c4f4c,Price Andre,1998-10-14,Other,de,True
eda8edd1-42a7-4cd0-931f-c4be9000e1d1,Erika Hill,1994-22-06,Other,et,True
52e450d3-18a3-4277-a40e-7947bd03b510,Joshua Harris,1975-01-23,Male,et,
382c2744-0a6e-453d-b656-1813a8950eb4,Courtney Johonson,1985-11-16,Other,et,True
183d5c3c-7c54-40f7-8389-a426da287683,Roy Campbell,1970-27-11,Male,de,True
44be2700-1a6d-4840-96ad-a8a337783aac,April Coleman,1985-02-06,Male,et,
fe9e2153-7b80-4901-b2eb-de6164814184,Savannah Mann,1994-12-04,Male,et,True
d2569885-6c7e-4f54-b3a4-a4548a739b9b,Thomas Fisher,1961-12-17,Other,de,
a016fd93-8403-48a6-bc0e-f76117fc737b,Justin Nelson,1980-02-13,Male,German,True
f57e11a1-3ff2-4d76-854c-d167f63df760,Pamela Gordon,1970-10-26,Female,et,
c3c5ae0c-f425-4145-8ae6-460083adb283,Cameron Bullock,1987-11-17,Male,et,
01456205-e026-47a5-a60f-dbb5a7628ad2,Carl Fisher,1973-06-08,Male,Dutch,True
617f3688-444a-473a-8a06-2e358ae3b745,T. Brown,1986-11-20,Male,de,True
9ec8e9dd-9e31-477b-a70e-3d3b0486a588,Walker Karen,1970-04-29,Female,et,True
ccf1e504-f485-4cde-b8c3-9baf8d9e8ea6,Corey Owesns,1998-06-27,Other,de,True
cee3145a-4c4e-4aec-84e1-f5dbff08d304,Janet Byrd,1981-07-13,Male,Estonian,True
3a89f2d2-6b75-46f4-9ca7-31693a172a60,A. Roy,1986-01-14,Male,et,True
b01eeee2-4c8c-4aa5-b7be-9e85847429a7,Bill Hamilton,1995-07-09,Other,Estonian,True
2c64ff29-979d-4c8c-9df1-7099342750e4,Melissa Gomez,1985-10-18,Male,et,True
1f429a06-7505-462c-aa8f-2e99387602e5,M. Seth Cook,1971-01-01,Male,nl,True
688f08b8-c6bb-44da-b80d-8a537c57b8aa,Johnson John,1993-05-12,Female,de,True
b3b9860b-f899-4d58-bb14-f2f0e3c4c9af,Michael Frank,1963-05-16,Male,Estonian,True
b5fc6f81-46f6-4238-8e71-a02e5061d313,Gregory Rowe,1966-10-04,Other,de,
e0e2650f-2dbe-4832-a473-08e69dd9f00c,Harrison Donald,1962-01-30,Female,nl,True
1250da54-fc8d-40d8-9010-21b2db6e7923,Parks Brenda,1991-09-12,Other,et,True
459b5bfb-6529-4e32-a2d9-c422d09e50e9,Price Stephanie,1972-12-22,Male,de,True
4f9d70bc-70fb-4a17-ad39-1497cc03eb41,Mrs. Anne Richardson,1997-04-19,Other,et,
2f497d66-8298-4aeb-9750-b939070c1bae,Glenda Shcott,1973-12-03,Other,et,True
e7143c39-e92c-4eb4-8667-82265d0c4337,R. Butler,1966-09-08,Female,nl,True
0d4a2f32-70a1-47b7-98b6-f1373863cd04,Jennifer Barker,1993-04-05,Male,German,True
ba9f989d-b0ef-41c3-a093-6d02287803c6,Diane Strickland,1972-07-06,Male,et,True
5465d8ae-6398-47f8-a121-eda6c805c8eb,Micheal Perez,1975-04-26,Other,Estonian,True
46540761-eb97-40c6-97c8-b9c6aeb64706,Daniels Amanda,1959-08-20,Female,et,True
a6671e1d-9b73-4081-ac75-abbc8b3a83c3,Shaffer Lindsay Mrs.,1973-06-18,Male,et,True
1261513d-e6e1-469d-80aa-308be20d1f4f,M. Grant,1977-11-18,Male,et,True
44d9d7fd-fbf4-4ed1-9cd7-f43349069723,Olivia Hanson,1998-12-07,Other,de,
11c5cf63-57c0-4a3e-a391-c7df8b0a53d6,Robertson Rachel,1986-03-15,Female,et,True
4c15b35c-b2d8-4b7f-bba9-3df68ac0d260,Susan Washington,1960-12-29,Male,et,
37ee1665-88ba-40e6-a6ae-645604be8cda,T. Huerta,1959-08-22,Other,nl,True
6e9c5b46-5376-469b-84d1-19b1564f7542,Cannon Jasmine,1989-11-25,Female,de,True
fc8bf9fc-ea68-41e8-ad10-0bf61a038d63,Boyd Donna,1967-08-14,Female,de,True
8afaf95f-ed96-4679-a3c4-a11498c3aadb,Joshua Braynt,1983-01-07,Male,nl,True
59f21b5b-a70a-452b-891a-6a084d61bb18,Amy Keply,1975-05-23,Other,nl,True
977fe491-b0d8-4873-b6e9-e84714fe9d5f,Charles King,1961-24-06,Female,et,True
d9f1dfe1-27c8-4b53-a4bc-b726aed4ab56,Donald Guzman,1982-12-13,Male,German,True
21036892-c2e4-432f-a387-0f407f4cb126,K. Evans,1972-09-25,Male,de,True
4f16722d-63e1-4479-a92a-99d184a94e32,Vicki Donaldson,1981-04-09,Other,et,True
f2dab364-43ca-4dc5-ae7b-abeafd003183,Roger Wolf,1966-01-11,Female,et,
ef38223e-fcb0-4f46-9ffa-fb0035de4140,M. Owens,1999-02-06,Other,de,True
838671e4-b9c6-4e95-9f16-24d0c549cb7d,M. Norris,1978-07-07,Male,de,True
fb63013c-78ec-4c27-a584-ab600bc05aab,Jesse Carter,1969-01-01,Other,nl,
3ac3ae17-4eea-4907-b9b6-bdef1aa55c7b,Brandon Thompson,1962-10-25,Male,German,True
69ac85d0-c36a-4b75-bd3f-b433c4ebe641,Emily Freeman,1995-15-12,Female,nl,True
4e0669dc-0ee3-4032-98d8-f510a2f42ee6,Meyers Roger,1984-01-06,Male,de,True
b57ee107-ff05-4299-b75e-b76f30423fd5,Connor Young,1995-26-09,Other,nl,True
77852aac-098e-4efd-865f-6b0ea1c524fd,Kenneth Harmon,1962-09-21,Female,et,
2782eb1b-e264-4cc4-a0c5-e82919347734,Karen Mays,1981-04-10,Male,de,True
53fc3f9c-e8b8-4bee-ae59-c514ede2b32b,Randy Carter,1965-12-12,Female,et,True
15a399f7-33d9-4b94-b233-ca8c06519d4b,Lynn Weaver,1970-01-22,Female,nl,
238c0960-2b0b-4323-a34e-b77e80d1c851,S. Burns,1999-05-06,Other,et,True
08bc7f0a-4a21-45c7-a2c2-978f96b52dbc,Morgan Kelly,1976-04-14,Female,de,True
6281c8bf-4cb1-4f97-a9a4-abaa3c4a59f2,Rose Rivera,1997-05-05,Male,nl,True
dc4f622a-1b5e-4599-875e-dd06516d40ae,Sophia Harrell,1971-04-04,Male,German,True
ec608e06-0761-449f-ab4f-96771c63bdea,David Miller,1968-07-05,Male,Dutch,True
112cb04e-7d2b-45ce-9284-4d617353f33f,Mcdaniel Sarah,1994-06-04,Other,de,True
24c01d63-bb13-4f74-9e3f-6600921ccdf0,Cody Lloyd,1967-11-18,Female,et,
1e1bf128-c757-4445-9dce-972ceff6f00a,Nichols Kristin,1981-04-25,Female,et,True
fd301b49-1aa5-4b95-9372-4b81d607e55e,Sonya Sawyer,1997-07-09,Other,de,
a45a54ca-d728-489b-92b4-1210ac70393d,Benjamin Ayers,1976-08-15,Male,de,
776deb15-a80c-4000-a002-2e6a04cbbb47,A. Sampson,1977-12-09,Other,nl,True
84b305d6-1595-4251-b0c1-bf91fc271301,Linda Pittman,1975-10-15,Female,et,
d9d925e8-ba7e-4a94-af4c-e5ea441dc2d2,Wood Angela,1973-05-31,Male,nl,True
aeac1dc6-ade0-47e2-b8ca-87e89f90aa59,C. Harris,1972-05-14,Male,et,True
08f02c10-1e93-4002-9ec7-d5617229c1cf,Cassandra Hernandez,1974-04-13,Male,Dutch,True
e37e9d26-6409-4755-adec-980c13d89011,Gregory Holmes,1987-20-07,Male,de,True
2d74b62f-0c46-4ac9-afef-26a2c7761679,Morrow George,1998-12-24,Male,de,True
69a0218f-6de8-483f-ba6f-0098ba2b655b,Ashley Kemp,1959-09-17,Female,nl,
6984f965-6743-465e-be5b-cbcbabe17b4a,Williams Alyssa,1996-10-26,Female,nl,True
cf1edd08-493a-421f-86ec-9450706c0ea6,Frank Aguirre,1976-09-11,Male,nl,
c749afe4-0808-481c-b87d-1213c70634cd,Elizabeth Chan,1996-01-26,Male,German,True
47cc9da4-8ffd-4f2a-a762-bd93dd6ff798,Mark Knigt,1960-01-04,Female,et,True
7e85f383-0a5d-4844-9137-bae8a3d0c70a,William Bailey,1973-12-28,Other,et,
b1c4f1cc-a2ca-4c0a-94c9-b0bc1f65d080,Christopher Harris,1961-09-21,Male,Estonian,True
4bcb96c0-cbd6-42ea-9213-f4c956bf72a2,Mccann James Mr.,1996-03-07,Female,de,True
2050d5c1-3fe8-4ec3-bc7e-c9c6c3f182d4,Smith Dawn,1991-06-21,Other,et,True
206b5545-845b-453a-b6c4-1eabbce5154a,Johnny Flores,1968-09-05,Other,German,True
ef643e0e-bc6c-4168-83d1-3e59c9081f45,Maddox Krista,1992-03-04,Female,et,True
3cf57b00-8a2f-46a3-9a6e-b5cfd4ebd59d,Smith Steven,1989-07-04,Other,nl,True
5fbe346c-8adf-484f-aa5d-86446d70d304,Juqlie Gonzalez,1975-02-21,Female,nl,True
d98ea92e-2ddf-4bb1-86a7-40ac70f72000,Martin Gilbert,1970-03-27,Other,et,True
4500146b-26ff-437d-bde4-7c1592081828,Stokes Karen Miss,1979-09-24,Other,et,True
1216e0a9-615a-4a8a-b447-4b289470f427,Velazquez Jennifer,1980-06-24,Female,de,True
debd2e0d-45e7-4c2d-8a68-192b4c7a3368,Jennifer Paul,1991-04-23,Male,Estonian,True
6e72f219-2e0d-4bf3-a9c8-8323387467da,Amanda Wagner,1974-09-27,Female,de,
fd70cb1a-7d56-4dd3-97a1-1df0f27b0d91,Mr. Nathan Jacobs MD,1970-08-04,Female,et,True
d75fcd19-be48-4363-be5e-a591e916b77d,Watkins Claudia,1991-01-18,Other,de,True
99e67117-44af-4147-83a3-409396ed3ccd,Talra Copeland,1992-10-14,Female,et,True
14833ac6-48b6-4cdd-a242-10834083bfe0,Dwn Anderson,1964-06-08,Female,de,True
7fe8913e-3c79-441c-a386-230f6e54eb8a,Schroeder Tyler,1997-11-26,Other,de,True
adee56a7-117a-4a3e-9e7b-fe5cbf8ba104,Andrew Dunn,1974-04-17,Other,German,True
98dbdf2d-7222-41a4-9fce-a808de5c12b8,A. Miller,1985-05-06,Other,de,True
3feab4dc-913b-4def-9fa2-5191c1c4ecdf,Dbeorah Miller,1993-11-24,Male,et,True
94c838e4-a491-4735-8841-742de4b3db0f,D. Arnold,1973-07-05,Other,nl,True
7d1127db-e452-4446-9863-1e3796445aea,Carol Webster,1976-10-25,Male,de,
7a35a43e-04e4-429b-8928-8b8368c08702,Jones Steven,1973-01-11,Male,et,True
c58fd9f3-6b28-4df2-80c7-898a525a671d,M. Martinez,1968-12-19,Male,nl,True
d324c330-f1af-4d56-b65a-021c4453cece,Megan Osorne,1983-01-14,Female,et,True
75896738-996f-462b-92d1-d5907e54b18c,J. Smith,1962-09-15,Male,et,True
a2415794-e7f0-427c-89a5-4257a9a6d784,William Garcia,1972-09-19,Female,nl,
fc64f387-9b13-491a-a7e2-6e2beffd950c,Madeline Moran,1979-28-08,Other,nl,True
ced6eca9-422c-42da-b2d1-66d367944ce9,Smith Meredith,1959-09-13,Other,nl,True
aafcee34-b416-48d7-bb2f-6489765978d5,Daniel Camacho,1991-03-05,Male,et,
8dcdbf2e-fc15-4194-9bd0-ade4e41f2074,Amy Cfofey,1987-12-21,Other,de,True
1a007c04-a727-4b8f-9713-95bca7a57a4f,Stephanie Hutchinson,1981-02-23,Male,et,
617cc6dd-c05d-4f97-a10e-c9705473ae3c,A. Wagner,1961-06-28,Female,nl,True
cc2a0332-360f-4695-9bb2-5b5b6f4ddd13,Arnold Lindsey,1980-08-09,Other,et,True
b8c39912-d155-4170-8e0e-9ccf018aa08c,Shun Jones,1981-08-16,Female,de,True
37947cc6-8704-4866-8714-ccd39142fd6b,Kenfneth Gomez,1973-03-28,Female,nl,True
88d8e80b-f9b8-45c9-8c71-fd3aa172bf8c,Victoria Jones,1968-08-30,Other,et,
cda9ac1a-14da-425c-8d22-1f4c6a5a1bda,J. Miller,1991-03-13,Female,et,True
540f3a7e-0814-4bdf-b25b-3a9460fbd1eb,J. Davis,1993-11-12,Other,nl,True
a078eb2d-e021-496a-b49b-bb434927c981,Mr. Robert Holmes,1980-03-10,Female,Dutch,True
f1edaf81-f525-4685-a846-c82d21c770c1,Michele Cook,1970-30-06,Female,nl,True
70b0ad9e-785d-4ef1-9ed2-0436b342f964,Mark Nichols,1964-11-05,Other,et,
eee4beff-77a2-420f-b4f7-4f201a7db5fd,Kenneth Miller,1976-07-10,Other,Estonian,True
c1cc2b0d-aa39-4a7d-ba16-945e3c76a138,Frost Rachel,1974-12-18,Female,de,True
60b0563f-3bc1-4b53-a4f6-023a1c50a225,Jessica Clark,1962-05-03,Other,et,
75c29247-0fe4-4f71-902b-1eee3d71dc5a,Holly Mnoz,1977-10-04,Male,et,True
ff6b6c55-2d97-4439-8089-aa6eaa69740e,Noah Mcdaniel,1996-01-17,Female,de,
dcc3b275-0c90-46f0-8a27-16f964b8f033,Peter Jones,1972-08-01,Male,de,
0639037e-f326-4046-97a6-6a2e55ece912,K. Jones,1982-08-30,Male,de,True
1cbba0c2-b1ee-4c4f-9922-1ad9f9067f7a,Kimberly Hill,1961-14-07,Female,de,True
83dc7198-991b-4c4c-8d6d-a5b4ccdbe45e,Molina Cindy,1966-05-27,Other,nl,True
a7565429-b5c1-4782-b00a-b461a2dd7c6a,Joe Muller,1978-12-18,Other,nl,True
a7b20fda-9e95-46e7-8126-310524cda622,Gina Yok,1990-11-25,Other,nl,True
7a01ebe3-7d20-414a-87cb-0e6118a39305,Francis Justin,1995-04-01,Female,de,True
acfbe93a-9c25-4802-812f-cf17b8e86aa8,Gregory Ellison,1989-27-08,Female,et,True
367f4ca8-84e6-4712-952e-b017bdfb5e5f,Noble Matthew,1964-12-25,Other,de,True
fd21549d-e297-442f-8bf3-7d30b90ffc15,Diana Phillips,1998-04-26,Other,German,True
6cb9b024-4b85-4696-a29c-5143283ab49e,S. Cowan,1972-03-18,Female,et,True
a7c78318-110f-42c7-b313-b2337a6a8670,Rivas Sharon,1980-11-29,Other,et,True
e982c679-a70a-4bd9-a8e5-4e0824b2d9c6,Christine Cole,1999-01-19,Other,Dutch,True
f82cff1f-71dd-4f2e-aaed-eec8d6bdd4e5,Wyatt Mller,1972-09-17,Female,de,True
4162ec57-c4a0-4e07-90e4-f91eca39400b,Adam Bell,1995-03-01,Other,German,True
868eda29-0bc4-443a-9e7e-62b405605a4f,Z. Oconnell,1960-01-22,Female,et,True
8b216df7-de4c-4136-a4f6-6f7f45675e97,William Bown,1966-10-25,Other,de,True
3d77bf15-71e0-46cc-a48b-4b8412019c25,Kenneth Robbins,1998-05-06,Female,et,True
7632fc8c-25ee-41bc-93e5-86570b64a421,Keith Livingston,1995-04-15,Other,Dutch,True
9f3bfba6-dedf-4959-933e-a866bff82dc7,Thomas Garcia,1993-06-08,Female,Estonian,True
30488758-acce-4750-888a-9907d1f2d73b,Karen Cohen,1996-08-26,Other,et,
c5f7c50f-8844-4d92-a7ee-0248fd190d71,Sandra Smith,1989-10-03,Other,de,
04f9935c-e2fc-4c22-a3db-8798ffcb0b49,Kimberly Mills,1987-04-28,Other,Estonian,True
f7e0873b-ec45-483e-9db6-a609de35b0f1,Anthony Ibarra,1989-22-10,Female,et,True
d812c8aa-0a97-4450-addb-96fea16fed88,Jessica Jacobson,1979-05-20,Female,nl,
387c98eb-cb77-4dd6-b5b6-fb7c9f0e9c59,Cheryl Rodgers,1965-01-15,Male,Estonian,True
8c7dcffc-a8dd-417c-925a-ed75df3c10f6,Christopher Stewart,1967-07-24,Other,nl,
78400d97-ad32-42c0-865a-2e64b0ee77f3,Jldy Williams,1965-02-27,Male,et,True
a874fad2-2f53-4552-86df-46e73a728852,Willie Estrada,1980-09-23,Female,Dutch,True
2bd57ede-a257-4c4f-b230-3f8b14347a56,T. Nelson,1977-11-12,Female,nl,True
96c78fc7-6b85-4250-924f-a8d1709b1158,L. Lee,1966-10-05,Male,de,True
b9a7212b-6141-4116-9ea5-c0c3db2920ce,J. Roberts,1986-06-03,Male,et,True
e131ce95-2c2c-4626-8c94-232a13cbeef6,Melinda Lee,1973-10-18,Female,Dutch,True
4406a6d1-e677-4377-b8d8-92bef4f99c61,Lisa Sutton,1982-19-02,Other,de,True
e88b8e79-24a9-4cdb-9968-95822e10b059,Kristina Taylor,1999-10-06,Male,et,True
6574cd4e-3ed8-4fee-b685-e8824abb7a72,Kennedy Mary,1965-11-12,Female,et,True
200b77c5-a59e-48d5-bbd9-4cb33ca1ff45,Teresa Clayton,1985-04-05,Female,German,True
f752ac94-5281-4a00-8cad-a69a2eba8f28,Brian Wright,1973-05-08,Male,et,
e23a1f3a-f3fe-4280-898c-4ee4da23a074,Mary Butler,1982-12-02,Other,German,True
b8d46d52-5ea4-4189-b72c-de448093593c,Brooke Salzaar,1981-07-27,Male,de,True
2d778b12-b05d-4bf4-b550-367e48744238,Warren Mcfarland,1978-06-07,Male,et,True
a8bcd6ec-45db-49a7-a120-87317620dfb6,Robert Logan,1996-01-21,Other,Dutch,True
21e7458b-a0f5-4dce-8db5-05d2abb1e427,Nicholas Hays,1963-05-02,Female,de,True
b851736e-7ecf-48fa-b008-f4091a69c00d,T. Phillips,1998-11-29,Female,de,True
9c7ddcdb-e955-4545-8d68-333cd9319035,Jennifer Weaver,1985-08-11,Female,German,True
4a606a7d-1405-4773-b780-4032254acbbf,Whitney Evans,1992-01-18,Male,et,
02234a92-5431-4113-a821-dd599ff25747,Hunter Stanton,1993-12-09,Female,nl,
cff3024f-2f02-493d-9d2a-af9a9c08fd2e,Heather Cannon,1963-04-04,Female,Dutch,True
c47f6992-e247-4e97-872d-a42edbf64ba5,Lazura Stephens,1992-02-06,Male,de,True
3cc815f6-60eb-47f6-924c-883a1fff3cc3,Jermaine Davjis,1984-09-24,Male,nl,True
9bcc7df2-9cc4-42d9-b9d8-041df98b1823,Sara Walker,1966-01-05,Female,et,True
0e4c665f-dc0d-4c98-83e2-ce6afe388e1e,Davis James,1965-08-22,Female,et,True
81d55230-3209-4c83-ac3a-c3558e03479e,Joshua Meyers,1961-05-24,Other,de,
50c58576-a8d9-416c-89d4-31d2063b9db0,Mike French,1997-19-02,Male,et,True
0ee2e784-ef31-4385-a6a6-e06c0d5d7766,Matthew Gamble,1967-05-28,Other,nl,
6f72348f-44ea-44ba-b907-dd76894a41e0,S. Jackson,1980-07-30,Male,de,True
a6256531-a84c-47ac-9f1f-65ddb42e984a,Amanda Jenkins,1985-10-23,Female,nl,
30ac35b7-4968-4082-81ee-8a1a6cbfc44c,Perez Rebecca,1960-07-12,Female,et,True
9f308d2b-1c54-4efe-822a-5343d2e81543,Heather Sullivan,1992-08-25,Male,Estonian,True
9c6814fd-f4ac-4cbd-92e7-b95ce1e97ff1,Mihcael Washington,1970-03-09,Other,de,True
db7d55ad-ff5e-447a-9d27-732d80c09386,Wiggins Nancy,1999-08-26,Other,nl,True
2faebecb-a4c0-4217-893d-8b2688ff824c,Lori Perry,1970-11-26,Female,German,True
a7bbc149-e411-49de-91e1-41655623698e,Mikayla Nelson,1975-23-10,Other,et,True
6d84139b-5095-404f-981c-6b2b846d9dd5,Nancy Collins,1980-10-31,Male,Dutch,True
bbbc913d-3252-4fb5-90de-7dd1f3fe1f2d,Diaz Ricky,1995-08-31,Male,nl,True
3d03ac77-34e0-4109-bf84-15e771512fff,B. Graham,1997-10-16,Male,nl,True
a066def1-475f-4232-b06a-657a06b8d360,Heidi Mills,1960-09-15,Other,et,
78c9586d-61a6-40c5-91e7-c93752f794c9,Justin Mendez,1977-30-11,Male,de,True
17201102-9920-4911-baf4-7efea2f2a3f9,Murphy Alicia,1960-09-16,Female,nl,True
0260b5e2-cc3f-450c-9cb2-964a662c8554,Sutton Colleen,1968-04-22,Other,de,True
ec84c45c-e3fd-4d85-b3a0-ecd37c1b8182,Amhnda Suarez,1992-04-12,Male,nl,True
b8c13f1d-9785-4860-aff3-408aa580a303,Bcadley Miles,1989-08-04,Other,de,True
01ba6965-ea74-40b7-9bd3-3c74301592be,Lucas Larson,1972-07-25,Female,Estonian,True
4f7c4992-7495-4fa7-b4a6-258ceda74826,Stemhen Murphy,1990-01-23,Female,et,True
29db721c-135b-42be-934d-4875b98c4cb6,Cameron Olivia,1972-12-04,Female,et,True
a9a829cd-b890-4fdc-82ee-88c93a402a88,Levine Daniel,1979-01-27,Female,et,True
a6cb0751-d3ee-4418-8985-45fd41b71d47,Amanda Ramirez,1997-12-28,Other,de,
382da5d5-96d5-4d44-aa12-87a065ef0657,Kevin Fernandez,1961-09-06,Male,German,True
f4529ed2-a8c8-429a-b7a6-72747672ea27,Brian Vazquez,1973-11-25,Male,Estonian,True
d51b85d7-3ff6-4bcb-ab8a-52682e74e104,Danielle Miller,1974-29-09,Other,de,True
25705164-016c-42f6-90dc-ce5d0d344773,Ariana Gardner,1983-16-01,Female,de,True
7440d485-8b1b-4e44-a4ac-b83b497d0bc2,J. Barry,1978-06-15,Other,de,True
1f35b141-5b38-4f95-944f-61d7492f5d56,Abigail Thornton,1983-03-04,Female,Estonian,True
a37ed6b7-9e68-46c4-93ca-f8d71893e682,C. Roberts,1961-07-19,Male,nl,True
f11d6126-5f7b-4c61-9fe9-23df56ab10d0,Bray Austin,1993-09-02,Female,de,True
29e86d1a-c8fd-4c36-b648-e56c697e960f,April Smith,1982-26-02,Other,et,True
fddf9241-c973-4676-a6d7-2c9684142494,Michael Smith Jr.,1962-10-14,Male,nl,
9fa4229d-ec92-4680-8d6b-2cc561467b05,Murphy Thomas,1969-11-16,Other,de,True
9cd7af42-631d-4f03-bbf0-d06eb337db86,Warner Tonya,1981-04-27,Other,de,True
8381b50f-af9a-4be3-b7c5-edb2d1a56e4e,Campos Melissa,1995-12-27,Other,nl,True
e1632cb0-f1c4-41e7-999e-2feeb3739a4f,Alexis Perkins,1990-27-08,Other,de,True
75da7cd1-53bb-4ebe-9fb7-7e5e7808e93a,Robert Morgan,1986-03-06,Other,de,True
b385e4b7-ef40-412a-b962-9791396b327e,Timothy Vargas,1982-10-19,Female,de,
cd6c4a72-9e58-4fcf-a389-6798efcb2458,Alexandra Miller,1967-09-01,Other,Estonian,True
9c0390ac-3b4c-4998-8c4b-0365b30416d7,Jessica Scott,1975-06-08,Male,nl,True
6dd6575e-b827-471a-a764-dd4e38f37ca5,Martinez Richard,1962-04-02,Female,nl,True
c5722234-532b-4d4a-94e0-56d96ce5c303,Doenna Hill,1969-03-09,Female,nl,True
ff3b415a-804d-4be8-8f82-ca993ba7411a,Toni King,1960-09-20,Other,nl,
aee93ba6-632d-4847-8834-5019a1372121,Cruz Thomas,1983-10-02,Other,nl,True
9e567ee0-4a37-4840-86c4-b3c6a591e2ff,Brandon Page,1987-12-10,Female,Dutch,True
a00b0881-a222-4be4-a7f0-29afe2e73dda,Lisa Morales,1992-07-04,Female,nl,True
6948a26d-b5d9-4d47-9206-497a80e32c25,Angela Patterson,1979-06-01,Other,nl,True
51ce4029-aab4-4071-8507-7e962f7e61a8,Morales Jessica,1987-02-26,Female,de,True
3f9c1192-3d0f-4423-90fc-20c27f5ba20f,Shannon Figueroa,1990-07-31,Female,nl,
dd7a9b51-0208-41b3-84ef-48c807a26e56,Lopez Justin,1982-09-24,Male,et,True
58f56e87-1ab4-4dce-a4e1-8e1f588c44ba,Holmes Daniel,1961-07-24,Other,et,True
b6732e35-ce03-4bdf-8c27-3103f17107f3,Lisa Nunez,1974-19-09,Other,de,True
a50847e4-deca-4a11-9535-db8fd7915d6a,G. Johnson,1962-03-01,Other,et,True
a995d197-95eb-4b6e-9345-a6e3616dd592,Victoria Moon,1986-10-11,Other,de,True
ed72a0ed-aa28-4b51-aaf8-bce3a50f625f,J. Hamilton,1962-02-22,Male,et,True
4b1262a8-595b-4cc1-9fc7-6964e5eb36f2,Cynthia Moon,1966-01-16,Female,German,True
7ff108fe-67dd-4661-8ff9-e76bf09a6f86,Elizabeth Martinez,1976-03-19,Female,Dutch,True
fbf1fcfe-6f1f-4ab2-a7f9-3a2102b653de,Angela Gardner,1969-04-19,Other,de,
a08cdb9a-c06d-4ec1-8083-fb2fb8d4c239,Erica Lamb,1983-11-29,Other,et,
ea6e6b4e-24d3-47f6-96ef-c577ebeb5178,Yolanda Taylor,1996-06-01,Female,nl,
b89a0fba-8f0f-4825-ba2a-8354b1429530,Robewrt Moreno,1975-08-01,Female,et,True
d7beb08c-1d14-4a44-b7a2-259ddea2bec6,Gregory Fernandez,1962-12-12,Other,et,True
e5a39d46-e03a-4460-9444-ce14d55bd4cd,Wells Rose,1977-08-27,Other,et,True
984482e5-381c-4031-8de8-3c33db9a10d3,Dnoald Morris,1960-07-28,Female,nl,True
2c24d2e4-7e97-4353-b245-97e1b5fb29fb,Olsen Christopher,1990-05-24,Female,de,True
331ad653-a72e-44b3-90af-8c79e959aadb,C. Cooper,1975-05-30,Female,de,True
deebdbc4-7de2-4e40-9510-e6a6479f2d44,D. Paul,1985-04-14,Male,nl,True
31890f97-79f0-45e5-acca-ad3b58407095,Bishop Jack,1969-03-12,Other,de,True
432c375f-bed3-4e22-bb99-fc3512e8146e,Bautista Patricia,1966-04-04,Male,de,True
99bdf0e5-8773-41f0-8f53-b8004d871baf,L. Moore,1988-08-01,Other,et,True
60327a20-5958-41b7-a44e-434b98c42a05,Jenny Bailey,1973-14-03,Female,nl,True
ef6cde08-1da7-4cb4-8d18-4a751cd2ef7a,Matthew Jackson,1993-07-01,Female,nl,
2eb61350-f098-4e5f-8ad0-6d11f181df66,J. Lewis,1978-06-08,Male,de,True
22339aaf-18df-4309-8235-4cd5a331898f,L. Faulkner,1998-02-01,Female,nl,True
3f5ceaac-9a36-41a4-ab1a-73a436f6b963,Shelly Burgess,1985-06-22,Female,Dutch,True
7e827f6c-5304-424a-b572-8df71adb6e8d,D. Murray,1992-09-30,Male,nl,True
d402bd54-7010-40be-aa69-45a31b44ab9a,West Peter,1993-03-22,Female,de,True
e1c77b7f-43e1-4317-b038-8a6ac54b393d,Sean Evans,1973-04-16,Male,nl,
ff6c86f2-e945-430e-a10b-1836a4c5e4a1,Jill Castro,1972-04-18,Female,German,True
7da51a2d-aa28-4db0-bb71-df5c5fd4c60a,Howard Hamilton,1976-11-28,Female,de,
5fc436d1-4a61-4fdc-8495-6904c129ea48,Debra Brown,1996-05-18,Female,German,True
8cef0c83-06f9-47a9-8ca0-f5711218f66c,Michael Bentley,1962-04-20,Other,de,
1411def8-67a4-4b5f-95f9-5ff27460bec8,Anderson Carl,1959-06-25,Male,nl,True
d7f68a99-89f1-4c25-907b-2bbc5d7ee6a7,Boone Steven,1973-03-30,Other,nl,True
94bfd093-f87b-46b5-95b3-9a76c4814c6c,Eugene Fernandez,1973-03-03,Other,et,True
8530b1a6-a555-4b7f-8232-197117e72de0,Gomez Christine,1974-05-25,Male,et,True
01d05f44-eb7e-4d36-a9f8-8b482c15ee30,Jason Holmes,1982-06-17,Female,et,
6b97a3ca-8271-43e0-9b92-95af62f17610,Hernandez Anthony,1986-08-31,Male,de,True
359ebb27-63c1-439e-86d8-de4efae4d075,Hawkins Derek,1971-04-26,Female,de,True
cf12fb67-87b1-4180-a7c4-3c0f6809cbdf,Clayton Brian,1971-09-27,Male,nl,True
e596e7ad-e403-4c60-9a35-801334bb352f,Kenneth Stewart,1960-08-10,Female,de,True
fe91389d-b6e4-4ea7-a8a0-ac512a48289a,Ashley Cunninguam,1972-01-26,Female,de,True
b719471a-2cfb-4528-82b8-3d5566ec7efa,Caxla Church,1963-09-13,Female,de,True
0db97a5b-4382-4c1e-91fb-e61f53d4527d,Larry Harvey,1961-12-10,Female,de,
c0ef284b-a32f-45e0-b4d9-732a17630546,Joseph Villanueva,1981-30-12,Male,et,True
b7c5439f-35ff-4546-bd37-b6e70c100d3f,K. Clark,1970-10-12,Other,de,True
42ecc939-ec87-4ae7-8fe9-c7cb3ab58294,Nicole Moran,1987-15-08,Male,et,True
def1d15e-f077-4009-b977-63f73b367ebe,E. Fox,1980-11-02,Male,de,True
7df12dc5-6264-4838-9c14-f9dde2d7c25e,Gabriella Hicks,1987-12-22,Other,Estonian,True
99b37003-cab2-432a-a222-787e94247802,Jessica Brooks,1964-14-11,Male,nl,True
2bead0af-da32-4bde-aef6-14d6fcc45c4a,Jennifer Goodman,1975-12-30,Female,et,
b5a4bb37-0c8e-49b4-98ed-4e55045b1559,Bailey Karen,1986-11-26,Male,et,True
f23ba987-83b4-485f-a6f5-e01f3647bea8,Daniel Mercado,1990-10-29,Male,nl,
98342a87-6c1b-4c86-863c-e1ed57aebf51,Bonnie Williamson,1961-07-03,Male,German,True
0a97d51b-3e61-4ab5-8c54-6105b96f4e72,Samuel Brown,1986-09-21,Female,Estonian,True
136d0de4-e50f-4181-9026-c3d94f0373cc,Regia Nelson,1985-09-02,Other,et,True
0ffb27f8-c666-430d-ac2a-ba1a8cfd1b6a,Mogran Lewis,1982-04-25,Male,et,True
3d61323e-eb02-4542-97d1-6c5f6cea7714,Fox Elizabeth,1975-07-05,Other,et,True
63eca0a5-5c28-41e8-ad63-644225905489,Tammy Thoas,1995-08-22,Female,et,True
621729e7-19f2-4581-9659-93e0b507ec2d,Russell Jenkins,1972-08-29,Male,Estonian,True
ee840bf5-caad-4cba-b972-a68db0888dbf,Gary Dawson,1962-01-28,Male,Dutch,True
2c93a510-0bdb-490b-b800-5569ff9df448,Young Travis,1968-08-20,Other,de,True
d194e279-5f7b-4a86-b2da-b92ac1165122,Jnenifer Davis,1977-10-27,Female,nl,True
9f98d4b0-5796-48ab-9303-3bd2928f5e6e,M. Martin,2000-01-11,Other,nl,True
d5f16172-32da-4b3e-bfd5-ab6c31ebe15c,Katherine Berry,1988-31-12,Female,nl,True
f68bcb22-b441-4427-8e46-db1c7c050e14,Alvarado William,1990-11-23,Other,nl,True
d4858f6f-c4eb-4daa-8fde-6bd97918b4df,Kimberly Stevens,1960-12-05,Male,de,
383e973a-094d-4990-85af-6dd613165ff3,Erin Stafford,1989-07-31,Other,nl,
90fdaad8-a53a-4140-8c74-9b0f7191418b,Darren Wang,1968-10-29,Male,de,
13720fb5-a602-4d2e-b206-bd4c17e7262b,Tonya Rodriguez,1983-07-10,Other,nl,
b9e32a9e-f3f4-4b74-b20f-a10b8162bc4c,Vanessa Kelly,1988-02-26,Female,Dutch,True
a51fd858-0a6a-4e52-88b5-cd633fb3b84e,Gina Rodriguez,1971-06-18,Other,et,
4b016db7-a88a-4347-8766-6ba0a5bed824,Elliott Abigail,1977-03-04,Other,nl,True
9b7fdee4-7c60-479e-a03e-f370701671d0,R. Hall,1974-11-17,Male,et,True
c11443f1-8d3b-4d1a-b583-7eae63b0af57,Joseph Trevino,1974-01-08,Male,de,
79de2ff4-e3ee-49b8-b40d-9aafd979b700,Anthony Crystal,1964-04-28,Other,nl,True
63d9be57-cc9e-43d7-bf9d-85c7f6bb0c7b,Ashley Carter,1983-09-09,Female,nl,True
47987105-f65e-410a-84d3-f6f9b6b963c7,Alec Graves,1975-05-04,Male,et,
e161a9b9-8fba-4b77-afb5-35f6df54e0d6,Jason Molina,1976-04-24,Female,de,
1c6ded35-1a42-4283-9e7d-9e6c52bc49eb,Tony Pwell,1960-08-02,Female,et,True
1ae3bc10-3f99-4f10-9110-bf9765ebd028,Stacy Johnson,1961-24-05,Male,de,True
b74ecfea-e4d8-44f6-9b55-94adf8df81f4,Joseph Thompson,1974-03-12,Female,de,True
991a7f0f-b404-4fa5-90cf-af9b4c582888,Stacey Maxwell,1966-30-11,Other,nl,True
0a42af90-618e-4f1b-9105-3f2d1aedad0c,Davis Wendy,1988-11-04,Male,nl,True
7d550f22-0ccf-4a9c-938f-e7b0b4d9385f,A. Lane,1976-07-10,Other,de,True
fa266e18-3642-4f1d-8d1d-94a028ab3fb2,Elizabeth Andersen,1966-08-10,Other,nl,True
b0cfe20e-ca73-4911-9aff-70e04fccb56b,Valerie Kramer,1972-03-18,Male,Dutch,True
e9037e20-14a5-4f63-91ed-b02fdf78ff9d,Sharon Thompson,1983-26-05,Other,et,True
b873aefb-7779-4f8f-be83-8ee7d3f2543d,Andrew Phillips,1977-01-07,Female,de,True
5f36cbf0-a12e-4824-b733-f0cca5d39132,Julie Sanchez,1991-19-08,Male,nl,True
25ba7570-24dd-4e20-b1b3-692549bc1dca,Powell Mark,1992-12-11,Female,nl,True
39824ae6-9efd-43e4-b1a2-b2bb1959c459,Matthew Kaufman,1983-06-11,Other,Estonian,True
cb00f519-afa3-40ea-9a06-4483be940da4,Ceourtney Miller,1964-06-05,Female,et,True
01075d2f-975a-45d6-a6f7-fd2477470278,Cameron Roberts,1994-10-08,Other,et,True
edd7ef8c-dde1-4c6a-8786-8179d3f4cb73,Donna Nicholson,1990-09-14,Female,de,
99aa5ac8-353c-42a4-b55d-65b1e8b2112e,Barrera Michelle,1961-08-21,Female,nl,True
9a29ff5f-fb11-4355-96cf-5066716a63cd,Sean Fisher,1989-09-08,Other,et,True
0ce8906d-4cce-493f-bbd1-69122e9edf98,Dawn Lee,1988-03-28,Other,German,True
ee81364d-4913-442d-bec0-c890f3a3faf9,David Clark,1991-13-03,Other,de,True
a5acbf7d-809d-47fd-bc8e-9eff38278840,Michael Johnston,1962-05-01,Female,nl,
93a1525f-6479-4900-b1eb-2b2b15d7a900,Tyrone Garcia,1977-08-23,Female,Dutch,True
3787ea5b-d39c-441e-8775-0602ecf8b59e,B. Duncan,1970-09-17,Other,de,True
2261332e-42ca-4d3a-9e00-a3fd73972bcf,M. Bishop,1978-11-18,Female,et,True
c25b5633-c10f-41a3-9734-4902091aa69a,Susan Bush,1982-01-02,Female,de,True
297566ee-49ea-4dfb-9855-eb2c4063f0e8,Sandra Martmn,1960-03-17,Female,et,True
2e6d0bc9-cda2-4b86-8bd6-ee30914b1a61,Diana Johnson,1967-09-22,Female,Dutch,True
7df483af-a343-489f-827f-d3d9b3db0d12,Eizabeth Martinez,1972-06-24,Other,et,True
48ee9105-7dde-4f7e-bb63-709539a5b48f,Jensen Douglas,1971-03-27,Other,et,True
06882b6e-12c5-4b21-b31e-fb3cf63ffdd8,Sabrina Reed,1992-22-11,Male,nl,True
6abd8659-147f-49ec-aedc-7f3006589190,L. Martinez MD,1964-12-07,Male,et,True
575241a6-caf6-4b4d-9b8f-396123cc6f23,Rachel Bishop,1996-08-03,Female,German,True
9888aad7-7aea-4174-ac45-22aa3d56f677,Keith Anderson,1981-10-13,Female,et,
06a85335-ef1a-4069-aebb-2a76d38267c4,L. Hernandez,1986-03-12,Other,nl,True
911072c4-2b62-4604-9585-d651c7df7729,Melissa Oliver,1993-31-01,Male,et,True
799b26e2-56d5-402e-9f18-8af1ba53e5e0,Andrade Douglas,1990-07-29,Male,nl,True
5e50d2a4-4864-412e-a9a9-3d58cf70c4fc,Gabrelle King,1968-12-26,Male,et,True
000a2c31-eaf4-42cd-b23b-3862794f71ef,Henry Gonzalez,1993-10-22,Male,et,
b5d4eea9-aa3f-49af-ac2c-d0e1eed5f7d4,William Shepherd,1984-07-30,Other,nl,
d343b41c-19b2-4eb7-a493-bf8f3308d88c,T. Salazar,1965-09-02,Other,et,True
8449d539-7fe3-4648-bfd5-b941cee896c7,George Castaneda,1979-27-10,Male,de,True
de7534f9-5753-45f6-98d6-3df3f9b3204d,Odonnell Kathryn,1967-07-22,Other,de,True
21b76489-949c-43d7-8bdf-8e0b23f63df0,Danielle Jackson,1978-10-26,Female,de,
0ccbbf7f-5ffa-40a8-a52e-43b538681eac,Travis Davis,1970-09-07,Female,de,
a99b6c7e-6e92-45af-aebb-0aab551a2d61,Curtis Anderson,1967-08-31,Female,German,True
a86253dd-ec1c-4b1d-8ad8-c5fd33c08816,Aaorn Roberts,1971-10-11,Female,de,True
ab54ca42-46c2-4be2-9d90-d917052edbc3,Michael Melton,1979-07-10,Other,et,
3ce48871-f7cf-4e89-bbc9-7be9a99fe313,Megan Fernandez,1979-09-24,Male,German,True
fecf4e87-2b64-418e-b964-742862779692,Andrea Clark,1992-08-03,Female,de,True
9bc435ee-4c5e-4267-8306-2c310c8026b5,Scott Kent,1968-28-05,Other,nl,True
f83a22d7-15f9-4a6a-987b-7e668b9df759,Tracy Fischer,1989-10-11,Male,de,
717f847b-2f76-4fee-9cd1-35605311eb7e,Stephen Gross,1989-06-19,Female,nl,
5ee05f68-95ba-46c6-b91b-f54dda9710de,Z. Ellis,1992-07-02,Other,nl,True
63abebf1-f4e1-4d31-b1b9-8bec857f8a7b,Jason Armstrong,1971-09-06,Male,nl,
0ea6415a-0cc5-4a9f-817c-80c2661320c6,Shannon Monroe,1988-11-25,Female,de,
1bc50fcf-d19d-43b0-ba90-525f7c0a5ad4,Valierie Chavez,1966-05-23,Other,de,True
3aad01c7-67ed-4eea-8ec8-e334b850bb5d,Sharon Peters,1969-02-24,Female,Dutch,True
d0cdbbe9-161e-4150-8781-a7fe87892ca7,Stephanie Pueh,1983-05-13,Female,nl,True
517e1a7f-deeb-4609-b87f-69351bab6f68,H. Love,1998-01-30,Male,nl,True
19bc63dd-5599-48e5-bf1a-35d413077cb6,Donald Anderson,1968-02-18,Female,Dutch,True
e27417f9-3511-48bf-822c-6d8444ee1c13,Collins David,1969-08-09,Other,de,True
9f333865-f6c3-4387-804d-8b60ad87d8ec,Stephen Cummings,1968-09-22,Male,German,True
ad9b2962-445c-4314-b6dd-0a1ade756503,P. Gross,1986-01-18,Female,et,True
c8fa03b4-06ad-4d60-ae86-f54db0af869c,Alfred Smith,1998-03-03,Other,nl,
f4f0c763-49e5-48a6-970a-e2fb60cc52c8,D. Boyd,1969-10-31,Other,nl,True
3ca8a229-5a20-4375-a710-ceab88e0b818,Michael Hahn,1967-09-09,Male,et,
de81e7a3-b174-4b25-8e9f-aa93407b24a2,J. Tanner,1988-09-01,Female,de,True
3cb0e014-d480-4281-95c3-cd56c34b5710,Melvin Greene,1984-03-05,Other,et,
16ebe9c5-001c-48e4-beda-4c617964efe9,Dovglas Rasmussen,1971-03-07,Other,de,True
3b13243a-09b8-4ca2-ab85-8f87a4c5b71e,Duncan Charlene,1962-12-03,Female,nl,True
bd4644bc-31e6-43e7-b093-4b29a5014f48,Joe Parker,1976-01-09,Other,et,True
5d5712aa-5a34-4f50-9b55-7fbabee88fd8,Brandy Baird,1992-16-11,Female,et,True
80cb7d37-2332-4cb4-b361-2f7cca2286f9,Glen Cordova,1970-04-06,Other,nl,True
1e8da586-8bee-4acf-b5c4-4ec2c537cedf,Catherine Mcmahon,1988-04-09,Other,et,True
f7b5637e-0285-4290-af64-ce268e2c693c,Mark Bowen,1961-08-07,Other,et,
9895ba6b-9b39-47e3-926c-de6ec7158c54,Saarh James,1977-12-08,Other,et,True
125dafd2-a450-4677-949c-aadfce411c89,T. Lee,1965-05-10,Female,nl,True
81045823-682f-4989-bfa5-c542b68f2e2c,Daeid Le,1973-08-09,Female,nl,True
8f5b38b1-11af-4e01-9f97-7e149f309118,Joe Dezan,2000-03-05,Male,de,True
b833af82-2868-4373-872b-b722c3a5e8d7,Seth Walter,1965-06-09,Other,nl,True
949db43c-50e5-4ef6-8da0-bceaf051a0b9,J. Ray,1985-01-15,Other,nl,True
eabbe8d3-176c-42e6-bf6f-22167f75157c,Brandi Acevedo,1988-12-07,Other,et,True
b13186e6-d965-4bdc-a480-862a8d095c71,Calvin Barr,1998-09-21,Other,Dutch,True
37dbac22-994a-4848-b694-ea49eaa0d42e,Caudia Perez,1974-06-10,Female,et,True
2cf4c6dd-7eeb-47a0-8dc6-fb8d2e79e9be,Ms. Lori King,1974-12-13,Other,nl,
42bfd0f0-30bc-4a8d-ba39-58238dc9e178,Joanne Coleman,1993-13-06,Male,et,True
eb53ae62-369d-4f88-bbe9-f3c2aee81d27,K. Martinez,1966-05-05,Male,nl,True
1ce9a894-b5d2-4105-b13b-a4ce8316472d,R. Coleman,1994-02-17,Other,et,True
54b88d48-6fea-40b0-a066-e729ebc13408,Brian Rokers,1983-09-29,Female,et,True
4e45aba6-25b0-4e0e-ae9b-46969ad3e684,Melanie Mcgee,1995-09-16,Other,Estonian,True
e51c29d2-0f97-4e00-9ffc-b382eeca80c7,Katherine Hunt,1991-10-13,Other,German,True
f561ea63-9486-435e-8cd6-a41294896faa,Darren Myers,1973-12-11,Other,Estonian,True
c8ca86ca-591e-4380-9e5b-85f84f3e9318,Jose Stout,1979-06-06,Male,nl,True
b3c1a407-37da-4379-bd86-0583fff6c4f7,Douglas Liu,1997-01-12,Female,German,True
e99ccb6c-e6eb-4933-be02-7e7c5de648d1,Pamea Tucker,2000-02-11,Male,et,True
083063a5-d7e0-45a7-81bb-be0551bc1a2c,Yang Martha,1969-12-04,Other,de,True
d68d9bc4-a542-4710-bb35-2a49783ac506,Theresa Houston,1965-02-27,Male,et,
b329574c-afc1-47cd-8fd8-fcbf4a64bd01,Clifford Blair,1977-06-08,Other,et,True
e747bcdf-6200-4884-90b0-01e983146b5a,Sarah Smith,1970-08-13,Male,de,
3317695b-57dc-4d64-977b-f31b3584cf0f,Howard Mogris,1993-07-16,Male,nl,True
0ab45565-e7b5-4138-9fcf-1af3efb50e76,Harper Keith,1966-11-15,Male,nl,True
cafcfbcd-d059-4c73-afb6-3b7b907b8c63,T. Smith,1983-09-19,Male,nl,True
c369197e-e81d-47ed-97fe-6e608b36405a,Moore Antonio,1971-09-07,Male,de,True
697ebb95-706d-48ef-b0a4-04a6543df5e9,Michelle Torres,1996-01-10,Male,de,True
7c84c6af-9241-4696-91f1-227867fc26d6,Amanda Smith,1994-08-12,Female,de,True
e3a8fd09-80d4-409c-9a06-a9f02564f612,Johnny Williams DDS,1999-02-26,Male,de,
40e4fd4f-c81f-42ba-a836-7c6060be8c1f,Ronald Price,1978-05-03,Other,et,True
63c273f6-924f-4593-9bda-96400c33e724,Justin Nguyen,1968-12-01,Male,de,True
c6b3323f-a229-4e3b-b457-bfedb53aa53f,Derrick Coleman,1979-04-29,Other,Dutch,True
5b44b909-faef-4695-939a-86dc995bb452,Ms. Holly Fernandez,1982-01-06,Female,nl,True
88df219a-78f3-4b95-8a88-6c8eeee18622,Richard Mullins,1994-10-27,Male,German,True
d6f8156d-52eb-44de-b232-71b7f3dcea2e,Willie Scott Jr.,1998-01-05,Other,German,True
2de0d4a2-fa9a-4224-b3d8-37fd7fb1d7e0,David Babird,1971-08-31,Female,et,True
924562cb-9d53-4ba0-9055-adf952c62c65,Foster Kayla,1991-09-20,Other,et,True
4d4de9fe-08fd-48b2-8eac-468b932f7ef9,Maria Williams,1993-31-08,Female,nl,True
881ee7de-4e11-4684-8970-afd835829cff,Hubbard Ashley,1997-01-04,Other,et,True
d32185a0-c378-4cb4-9960-62eda8857f4c,James Robinson,1981-12-06,Male,de,True
d934018d-9f35-47cd-ab90-adaf85fc57f6,Daniel Hnery,1975-08-04,Female,de,True
8e0b32fc-7bf8-4bc2-b353-dba52fb63aab,Tammy Harris,1967-01-12,Female,et,
cd6d9aa8-f230-4ee6-9dd6-6ffd7570ad85,Kristen Peterson,1960-10-03,Female,de,
ec80d414-7329-4c9a-a78b-fed600d30fa8,Tonya Walker,1973-10-12,Female,de,True
4abea352-0c09-4965-a3b0-0466a1714d6b,S. Moyer,1979-08-17,Other,nl,True
5817c8e5-a011-4bb0-abfe-fa17a65152ae,D. Meyers,1973-11-26,Other,et,True
378bbb90-b122-4543-9e41-ecc2074776bd,Jerry Garcia,1961-01-27,Female,nl,
59dd0272-4188-44ab-b834-92a6ae0de0b9,Heather Frazier,1985-20-11,Female,de,True
5d95c70f-9da0-4b42-8a99-3f1c9bd6364e,C. Goodwin,1971-02-01,Male,de,True
bf2f04be-5094-4965-a6af-336d86e6546d,Annette Meadoes,1963-09-09,Female,nl,True
611c03c2-dd83-41ae-81a6-189706adfc9a,Adam Fernandez,1987-11-13,Female,Estonian,True
abb52b40-0be8-49aa-aa3b-46917078f0c6,David Martinez,1968-11-19,Male,et,
b13eaa00-a2f9-4a36-a286-740002c6720d,Matthew Barnett,1978-04-02,Female,German,True
1a1bd465-c3e5-4419-a5fc-87c285aa1268,Sims Ernest,1969-09-24,Male,et,True
390d02d4-6aac-472e-aaa4-e34e54cd008d,Anthony Turner,1989-12-14,Male,Estonian,True
a4b77a17-1ceb-4762-b764-5815a16c380f,Edwards Lisa,1983-12-04,Female,nl,True
0c213f10-b1fe-41f0-8efe-d09686259af9,Kevin Reeves,1963-07-07,Other,de,
1b5412fe-eef7-44ec-a454-9dd6ca370433,Rachel Chan,1996-03-19,Other,et,
a39f496f-e9ca-48ba-935c-8805a3f89202,Kyle Howell,1984-05-03,Female,et,True
51189d65-ecf0-4a83-bf8b-1f7c40f5bd27,Allen Thompson,1987-12-27,Male,Estonian,True
df774422-e6da-4587-a19d-71e07097db8f,C. Dickerson,1999-01-11,Female,nl,True
64dcfa3e-8bc2-4fde-aa1e-ed04536d7ce2,Arellano John,1997-04-19,Female,nl,True
d8c3a1d9-cdc6-47d5-807e-c7367470b5d8,Allison Johnson,1982-03-29,Other,et,
db776bee-4e62-4e67-b5c5-b105e044e1bd,Jeffrey Green,1972-09-22,Male,nl,
ac49d19b-bbca-4ddc-9c0e-8cdd04b7d294,L. Holmes,1985-09-08,Female,et,True
74fdafe7-0bed-4cad-bb44-ac61a2890309,D. Miller,1968-03-03,Female,nl,True
c2dde20d-b8e5-4361-bfd1-fada1bd5fe5a,Leronard Conley,1986-08-18,Other,de,True
45e53dff-6049-4666-832e-b99bacc4d5e6,Catherine Morales,1974-10-14,Male,nl,
f2dc19ee-1085-42f4-8303-03443232bb35,Susan Kramer,1982-10-04,Other,Estonian,True
3bd4fe8a-c7f9-4174-9df7-c681891176d2,Ms. Victoria Sanders,1994-06-15,Other,Estonian,True
cd171fd5-771c-46a1-a8fa-c116b1612ee1,Robert Smith,1965-20-04,Other,nl,True
539e491c-2394-47d8-b1ae-0939c760f591,Hannah Walsh,1983-03-09,Male,German,True
9bd56b1c-5e0d-4100-b8f0-8609c4f17767,Mercedes Robles,1981-31-07,Other,de,True
53725c69-490f-4f20-ae36-a5881c7e0d82,Aaron Brown,1991-04-04,Other,de,
7af25099-98ac-46b3-8776-a63753b5503f,Christina Barns,1990-09-23,Female,nl,True
b1ca3ad0-27a8-450b-83d7-18cbb933ffb8,Ashley Schneider,1982-03-12,Male,et,
4d3a23a2-51f6-4443-aa06-1df0744629cc,M. Harris,1976-11-07,Other,de,True
cfde7329-549d-4610-9569-ba692ab7820b,Juodi Fox DDS,1997-09-16,Other,de,True
1a5e6e12-0560-41af-91f4-293cec34bd05,Melinda Wilson,1988-04-29,Other,de,
74b6989f-b05a-451f-8201-f6dad6034b7c,Jennifer Johnson,1978-12-14,Male,et,
88d60569-f5c8-4aa7-989b-e641d096f545,Michael Meadows,1995-04-30,Female,de,
f9f2f1ed-9bff-42d1-bb90-d52828a722ca,Harrell Bradley,1981-10-25,Male,de,True
7704653c-3766-4899-87a9-411be69c12a5,A. Schneider,1995-11-02,Female,de,True
c688fc7f-95f5-4237-b23e-17c7a7b2009c,Johns Ryan,1960-06-30,Other,nl,True
f012e8ca-dd7b-4b2b-bbed-09eab94d4077,Stephanie Joseph,1978-11-07,Male,nl,
4f44f0ad-9b07-4f2a-a0eb-3ddc41c92530,Jessica Walker,1974-11-06,Male,de,True
1272611c-21b3-4a0d-9d95-335e4984f2e3,D. Johnson,1977-12-31,Other,nl,True
76e460a1-09d3-4342-a9c0-c39c589ea4f2,E. Flynn,1990-11-29,Female,et,True
dc5168b3-2ed4-44dc-99b9-75b7fd70c98e,Michael King,1998-18-07,Female,et,True
408b3663-6770-455a-8226-0c19232ee938,P. Barr,1998-08-15,Other,de,True
78190818-be4a-42f9-87f8-621c734e5d52,Grace Meyer,1989-01-17,Other,Dutch,True
537c38da-b047-4a48-85c1-b7f90db2c0b7,Beck Richard,1999-07-11,Male,nl,True
c8cfcd73-6374-40ab-be1e-b34d4d0b11c8,Amy Hurley,1993-03-19,Other,Estonian,True
ff09aefe-d58a-4146-a8f9-9b83292598e0,Jsse Johnson,1963-06-06,Male,de,True
528e0574-dba5-4f31-855b-cad2616ccc7e,Elizabeth Rodirguez,2000-04-06,Female,nl,True
6fc73497-8f29-40c2-8f42-bcacf522f876,Trfoy Winters,1966-08-13,Male,et,True
3cc9eb2d-0bb5-4f66-af71-a0779f2d799d,Melanie Brandt DDS,1971-07-06,Female,de,True
3e5c2cd0-213d-43e4-a6f1-0dbae2115dbc,Melissa Moslvey,1998-06-07,Female,et,True
9f44b125-bdf7-44fc-aa7e-619ef494048d,Adam Smibh,1974-01-18,Other,et,True
201039ab-98d6-414d-a4ad-e9654f9bb3c9,Espinoza Kathleen,1989-03-02,Female,et,True
a880f50e-2f25-4266-ace7-e3af4fe20324,Melissa Roberts,1991-02-18,Female,de,
7352b4fb-4326-4b20-bbc3-18abf4f802d2,T. Wagner,1995-08-31,Other,de,True
2cc0ce7b-98cf-4dc1-9151-946d755c4f88,J. Mercer,1971-12-24,Male,nl,True
1eb800ec-b080-4509-849a-3d94483713b1,Cindy Scdott,1965-04-22,Male,de,True
34327b27-d511-4bd8-90c7-5f786fafc8d5,Mark Hnt,1986-07-05,Male,et,True
3bb292ca-6978-4bd4-a7a2-f03513e95e62,Kerry Rodriguez,1961-12-12,Other,nl,
8a2c3b49-b714-4910-80dc-9c9038fe5993,Elizabeth Baker,1983-19-08,Female,et,True
281de67d-8911-4097-a3ec-f671ca037951,Mullins Christopher,1974-04-23,Male,nl,True
eb14d4b3-baca-4b79-821b-2d5753604ffa,Schmidt Rebecca,1968-08-17,Male,de,True
a5605db2-5837-43b9-a620-81b9fc06856a,Melissa Stephens,1972-21-02,Male,nl,True
e69c1808-41f1-416f-b69f-6cf6d0c145cc,J. Burgess,1999-08-06,Male,de,True
38347ecb-90d1-46d0-9f8d-f948bbe03702,Benjamin Shepard,1972-10-27,Female,nl,
fd2f12d4-e09e-4792-a312-39c2c51a4d2f,J. Pham,1986-06-13,Other,et,True
7aa990ae-381e-4c16-906f-0fb377006b71,Justin Campbell,1962-02-26,Female,nl,True
52e7489c-3a2a-47e3-9d66-bb4c2aa78d31,Nathaniel Smith,1981-05-17,Other,Estonian,True
7962bcd5-5614-4fdc-be85-7932c9c471ba,Williams Wayne,1981-11-10,Female,et,True
b340e043-1ec3-444a-979c-74602db855cf,Singh Stephanie,1982-03-04,Male,et,True
d3982778-7f98-48f7-8c5d-4eb632c17842,Stephen Hammond,1976-10-11,Male,et,
a031af36-80e4-4256-ad6a-2b9083972cf3,Klye Whitaker,1973-04-21,Female,nl,True
9d0759bd-5187-415d-a31e-e9f2fe8916d1,M. Lindsey,1978-12-22,Other,de,True
2bdda288-31d3-4cbc-819c-f040a9c23f2e,Rovert Harris,1996-03-07,Male,de,True
3ec001c0-7a39-4b75-863f-509002e98d53,John Vargas,1998-07-13,Female,nl,
7e83d2dc-58bc-4ed8-a042-7d24223ca2c0,Michelle Carer,1998-04-18,Female,nl,True
7f7d9afb-838c-4555-934e-ce4ed68adc07,Ldsa Perez,1977-03-06,Male,et,True
f127c6b4-226f-49bf-801b-b2ff872ab3ff,Victoria Barker,1962-07-30,Female,German,True
5dfe2f1a-06b4-4436-a422-5e745aa576d4,Tammy Allen,1974-02-02,Male,German,True
6b362bfa-2311-4e56-a855-22ebaf571464,Johnson Tracy,1984-05-07,Female,nl,True
ff05ac02-a572-451f-a246-66d56ed12cad,Edward Contreras,1967-07-07,Female,German,True
dbed22b6-2a21-4b3c-96b8-3b622c9b040c,Amy Odom,1998-12-14,Other,nl,
5fb08e2c-43f9-4272-b7e6-91f0d253149d,M. Jones,1974-05-27,Female,de,True
44b52f4b-3d6e-42fc-8368-836042c4f7d7,Perez Keith,1979-12-27,Female,nl,True
c7277caf-3033-4708-8f4e-c7d60d1111eb,Dyer Steven,1993-08-08,Other,de,True
da121b31-0564-4fff-8ac0-4615f1c46a47,Newton Eric,1971-05-07,Other,et,True
42c01a34-479d-4cb2-8e50-cbb4942a923c,Julia Hill,1991-06-23,Female,et,
0b2cbe27-f77b-441f-813e-85531ac06677,M. Hess,1959-12-02,Other,de,True
7adc97a9-549c-465d-9792-02db8cd96fb4,Sarah Hardy,1984-24-06,Other,et,True
f6a9288b-4f19-4050-b0a0-8a8a4aac127e,Maria Greer,1994-04-07,Male,et,True
b3e385e0-f4eb-4576-8ece-6d36daebe881,Matthew Williams,1989-11-04,Male,nl,
b16949cc-a0df-4cb6-b2e6-e3df554c225f,Destiny Bradley,1968-02-12,Male,Estonian,True
9fe0b60e-f43d-4b40-8a92-a1d971f43bcb,Wagner Michael,1978-05-01,Male,nl,True
821ac26d-8324-4fc9-8bd4-d22df2f95bc6,Donald Garcia,1996-05-24,Other,de,
fdce07e3-e056-4cd9-a025-25bd903d04c1,Robert Sanchez,1978-24-07,Other,et,True
629cc198-86c9-4a8b-a394-dae29c237c98,Matthew Archer,1994-04-21,Male,nl,
0dc4f4b4-52fa-4c98-961e-2749792be8e4,Nichole Carey,1963-02-11,Female,Estonian,True
14f844b2-87c2-4aa9-89d6-dcfd3fb6193f,Michael Taylor,1999-02-01,Other,de,True
f46b1f88-9bee-44d4-acc5-fead4ece2cb9,Elizabeth Oliver,1993-04-14,Other,Estonian,True
30f05965-1872-4e88-bb10-99d20b3ce3cc,Holly Garcia,1980-09-10,Male,de,True
f03ccc4a-cf1c-4b6f-8281-5c331ef7c53d,Russell Johnston,1959-08-23,Other,et,
c29b8128-da0a-4278-b890-861bf76a0060,Brandon Martin,1984-02-11,Male,et,True
1cae087a-e5df-4a81-a4c7-1e414b41a195,D. Ellis,1988-04-29,Male,nl,True
3c566801-87d8-4abc-ab18-8205d08fada0,Miller Peter,1984-01-24,Other,et,True
bb7f70a8-4dff-4823-97a8-f20e10d22f62,Gabhiel Levine,1997-11-24,Other,et,True
20dbabb2-d727-47b4-8e69-b188b84b213e,Jeremiah Hughes,1991-11-25,Other,de,
430a3a3b-b9f2-44a3-bf74-a24772095d5f,Benjamin Williams,1984-10-25,Male,nl,True
173d1ae2-83ea-4953-bf0f-48f7d5d8694a,Kyren Underwood,1978-03-15,Male,et,True
e63d59a7-1ece-40ec-a23a-c937752e75b6,Jason Vincent,1991-09-11,Other,et,
2ef0a043-8e57-43c2-b396-8795c2bac83c,Crystal Hunter,1959-11-22,Male,de,
7cca1408-ae69-458e-8cbf-227cd10de124,Margaret Lewis,1962-05-13,Other,Estonian,True
0d7f9696-e00d-4422-8faf-09bf91592430,Michelle Ramirez,1997-08-31,Female,German,True
b5a7a1c5-fe65-43d6-b3f6-3ba806d386cc,Mathew Rodriguez,1963-05-01,Other,nl,True
d06d347c-48d7-4440-9133-83bbfc8ef437,Dr. Danny Byrd MD,1970-10-18,Female,nl,
abfa26a5-72f0-4742-8d98-7a783a7a9f9b,Larry Martin,1974-13-02,Male,nl,True
1d6d7cae-c0c2-49fc-b313-96c3ac7e3d7d,Timothy Miller,1963-12-24,Female,German,True
7100635d-dcc3-454b-908f-607b272f215b,J. Hudson,1977-05-02,Other,de,True
71ae8c0e-6f30-4710-b080-486bbdc963ee,King Elijah,1970-12-28,Male,et,True
e1ba1cb8-d868-4fb7-9b62-0e8dfbd981bb,John Miller,1974-21-09,Female,nl,True
13881b2b-79d8-4182-afdf-a9722d2f573a,Jennifer Jurez,1999-10-19,Male,nl,True
4caa3381-fd34-4e18-82e6-2c8f281258cd,Mark Roberts,1968-05-29,Male,nl,
b957a78f-bffe-4bab-be59-fe43c5c9d008,Laura Cook,1996-17-01,Other,nl,True
7f66ec2c-588c-46b6-ad69-76149ad178cc,Elizabeth Roy,1992-11-07,Other,Dutch,True
90f5f60e-a77d-4086-8e3f-5228cbfd0b04,Christina Foster,1966-07-16,Male,nl,
ddc549bf-3716-479c-a96c-90111735ac26,Gallegos Hannah,1964-06-04,Other,nl,True
cc76ff21-2dc5-4047-831a-8c18babc65cd,Ronald Maddox,1979-08-09,Female,German,True
904d6700-0579-40c1-8ab9-ac193baff7db,Mary Stanley,1966-12-22,Male,German,True
f1afc8b0-bcb0-4426-932d-7635ca7ab8ca,Adrm Yu,1992-12-20,Male,de,True
0a3acd78-4f0c-4a0a-8def-7e34b1564294,P. Jackson,1969-08-27,Male,et,True
31a0ac70-e9f0-48c3-bcd7-441e9c471489,Barndy Sanders MD,1964-06-14,Male,nl,True
c65ac4c8-d608-4bb3-9ee2-2e72dbedbd7e,E. Green,1959-08-07,Female,de,True
69826e22-f739-41b8-9999-0314418c5617,Stephanie Kejly,1961-08-13,Female,et,True
3297d937-ab66-4908-8bfe-ae6b7d279cfd,Christopher Clark,1976-02-07,Male,nl,
494cb4ed-b475-4000-9834-0b8027f73be2,Brian Young,1985-07-29,Other,et,
4b656e1e-433f-42a9-a733-c69d9813ecf2,Miller Ana,1961-12-21,Male,de,True
5d248a65-cb99-4ae6-a9af-108a398c81d1,Ricky Bruce,1973-09-09,Male,et,True
6596f450-f23f-40ff-8ecf-18ebc6334e39,Angel Graham MD,1960-09-23,Male,German,True
1d684e68-a689-4050-9b87-8fff0bfb6742,Deanna Smith,1968-12-31,Female,de,
cffae9e3-dbe8-498c-8cb3-df8628bde3dc,M. Green,1989-07-27,Other,et,True
d3e7abe7-8382-4d23-81e1-ef3d94d6c4e7,Liu Michelle,1990-01-26,Female,nl,True
af8a2406-5100-4f2f-b47e-47a053df5231,Edward Patterson,1966-28-09,Female,nl,True
507d2d2d-370c-4600-8ebf-4d3ca76f8843,Mark Grant,1995-06-05,Other,et,
09471f02-4043-407a-be1a-06fd6108a7b8,James Little,1990-08-21,Male,nl,
cbbc6267-5747-4eb5-88f6-53138787b39c,S. Terrell,1960-10-08,Female,et,True
db928645-5b0d-440b-91ec-eb7b38172b15,J. Steele,1968-04-10,Male,de,True
a97a5e5b-873d-4a35-b505-200806347e0d,Courtney Baldwin,1976-07-07,Male,de,
f5e7ee4d-4b1c-43f0-824c-4f03caeeee89,Jenna Raymond,1978-10-14,Other,German,True
c7900057-db70-4968-a3f3-f230d5f2b972,Rodriguez Dwayne,1972-11-14,Other,de,True
55a5dc92-79d9-4b54-8f11-11f058f42308,Joshua Estrada,1983-11-29,Other,Estonian,True
06eb2fe1-bed5-40ea-a4b7-876244bd747e,J. Cannon,1970-10-28,Female,de,True
5116adee-68da-4de2-bf42-6a079ad16994,Jennings Hannah,1983-06-13,Other,nl,True
c4625d0f-b93e-4ee6-9226-09f0e3fbfc47,Christian Hernandez,1960-12-04,Male,Estonian,True
41d63980-937c-4233-ab69-75cb48e476a4,Tara Sanchez,1964-25-01,Female,nl,True
c6c8d67d-d81e-447c-85bd-55bafdbc1364,Jenkins Matthew,1977-05-19,Male,nl,True
97632d2d-7079-4ae2-9d68-55908ea98d56,Mariah Scott,1962-24-12,Male,nl,True
11d39923-6f4a-4ef9-a7a5-2f83a6937511,Joseph Stevenson,1966-07-01,Other,et,
ab6f398f-0d0f-4d58-af96-e155ead7067f,T. Malone,1976-06-08,Male,et,True
c1bc423f-8286-4051-b539-be3a19b3a0a2,Janice Fuller,1972-21-01,Female,de,True
30312d91-3b93-4790-bccd-18201d340b91,Angelica Thompson,1999-05-14,Other,Dutch,True
c2223e2e-669c-4f3d-b048-a84a59e338f7,Suzanne Hernandez,1988-06-12,Male,German,True
8b141dcd-5fad-4969-a93a-e8ac44ca023e,Brandon Richardson,1975-01-16,Other,Estonian,True
565e43ba-9786-4c38-93b3-9ef45ac60a0c,Erik Scott,1962-03-18,Male,de,
7812b886-2306-4af4-b9c5-c67c1f98ffea,Carl Long,1992-03-06,Other,et,True
e0fcac60-b17c-4064-8418-391298e27bd8,Tammy Delgado,1980-01-26,Male,German,True
6a8d26af-f3b2-46dc-a2a4-10655a942a77,Loee Walsh,1996-11-30,Male,nl,True
07cb9af6-d2bc-4bc2-bdea-ff22c7edd196,Matthew Beasley,1986-09-12,Other,nl,True
7e717fcc-3302-45ea-b30d-8235fe631300,Travis Brady,1997-21-10,Other,nl,True
4e4581fa-f93a-40f9-8724-f6b9d5d8bb85,Kmi Hines,1990-08-10,Male,et,True
e6cfe0d7-0489-48ba-999f-5210d7007f12,Louis Rivas,1965-11-02,Male,et,True
e4a1bf29-9276-4947-a221-33d675d4026a,M. Hall,1969-08-28,Other,et,True
3fce2edd-cc23-42ab-adcd-2a1181e48c8f,Kevin Dxon,1966-12-10,Female,de,True
d7c8f30f-148c-4f85-8392-f048ad0f6989,Mccormick Christopher,1964-11-30,Other,et,True
c7e8bcf6-2887-46c4-8f3c-013c7bd647c8,Tracy Reed,1982-12-25,Male,Dutch,True
ee707f5c-7f3e-4dd6-8450-3631895f5e60,Sherri Farley,1964-26-07,Male,de,True
af606102-09cc-4f7a-a2b1-36db4636009e,Allen Matthews,1962-04-17,Male,de,
6b122c1e-1098-452d-bf3c-94ce1b6468d2,M. Woods,1962-11-11,Female,de,True
ca8f77f6-c796-4ca6-96db-d0783a7941fa,Jeremy Pal,1963-11-24,Other,et,True
3bbbb516-05d8-4731-ba4b-39ed454908ef,S. Moses,1966-03-03,Other,nl,True
39d20859-e6d8-4593-9d72-fbcd40276c22,Anthony Bates,1967-04-24,Female,Dutch,True
e16d53c4-475b-406b-b9fe-c790d1a664b3,D. Murphy,1969-10-06,Male,de,True
fa010086-ae53-4ed3-9180-3fe7112c1bc5,Martin Lopez,1967-03-23,Other,German,True
f5247625-ab15-4abf-9560-84809eb421f4,M. Solis,1988-04-01,Female,de,True
e38e8273-3078-4938-a5b0-cc2b5cbaedb2,Michele Swanson,1971-03-15,Male,nl,
06f1cb5b-1420-4d00-b99c-f6fd45d2bcb6,C. Lopez,1970-09-06,Female,de,True
f54f89f5-abb2-4de6-94e9-d549ef09c0a3,N. Pope,1983-09-29,Female,et,True
1fcfd9b8-8589-4aab-858d-d07ca7efde05,Tara Johnson,1990-07-05,Other,nl,
6dd7d3f4-caa2-475f-8c64-80b41b8a23d9,Jones Vincent,1978-12-28,Male,et,True
282ace00-51ce-442f-b67a-7b5d729d9ec4,Jay Chapman,1983-07-09,Male,de,
aed490b1-9c92-4876-a539-ccb581edfaa4,Richard Nielsen,1994-11-20,Male,German,True
1bd96d11-7ae6-48cc-9920-fe7a29c59a5f,Sue Kelly,1967-06-07,Female,de,True
ff80755e-022b-45bc-95f4-aebee7f70896,Webb Kaitlin,1968-12-30,Female,et,True
f5442f12-894f-4ae3-818b-7ded66d35add,Kelly Bates,1986-04-29,Male,de,
9286e506-28e0-41f3-8d9c-750bc1adba67,Lee Ebony,1967-11-14,Other,nl,True
61c862a6-68c9-49a9-a192-5a27ae2de71b,Booth Katie,1962-05-26,Male,nl,True
bba04293-e468-49df-b247-dc1f870343ad,Mary Mcgee,1967-05-08,Other,Estonian,True
eb14973d-7a63-4645-a10e-130c54baa210,Angela Juarez,1968-10-02,Female,nl,True
f9233767-c18b-45f0-9f09-9a53f39d231d,Flynn Angela,1962-08-26,Other,de,True
9124a9e8-b0d9-45c1-87ef-60295b9ea1f4,Cox Susan,1997-11-18,Female,de,True
d1803e53-c83f-4d14-a760-309119124a9f,Shawn Carson,1964-04-26,Female,Dutch,True
6a8abdf2-7206-4f5d-851b-ea10498e6269,Macias Jonathan,1961-09-16,Other,de,True
33f55d61-868e-4320-8bc0-06f83f894081,Dr. Daniel Sharp,1961-12-09,Other,nl,
42aeae3f-9f4f-48d2-aac0-11c3f931a7a9,Destiny Jacobson,1987-06-12,Male,et,True
fd79a03e-f3db-4d6d-b161-dcb03ee36226,Swanson Julia,1983-09-17,Male,et,True
5a96b5b4-234d-46cc-8fc8-4a296bfd3ce4,Stephen Ortz,1998-04-22,Other,et,True
33a2563f-82b0-4f2c-add4-3d45d2fdfccd,Randall Anderson,1995-11-09,Male,Dutch,True
08a999e7-02ac-4e9f-a5ce-b71d14e3a219,Linda Nguyen,1999-10-12,Male,Estonian,True
99a91d9e-6e94-459d-a5be-2e6c1519cdc3,Gordon Sarah,1960-02-11,Female,et,True
f758d5f1-95a9-4abb-9483-cf747668d8c4,Nathan Ramirez,1988-03-28,Female,Estonian,True
a6a0705b-2903-4740-af7e-4183de09cb5c,Hannah Curetis,1981-10-22,Male,de,True
5f6c886f-df72-4d77-9f0a-1170fb424d43,Jamie Sandeurs,1979-04-02,Other,de,True
90e56323-df0d-4892-a280-1a260980d958,Pamela Summers,1982-19-07,Male,de,True
0ca2670a-2863-4088-b24f-ce5fa8fca4a9,Z. Willis,1977-03-04,Other,nl,True
69f582a8-74cf-4345-8720-f03756161936,Gabriela Welh MD,1982-12-12,Other,de,True
38fef4f4-1621-4040-bd98-0333d0e0fe25,Morse Seth,1998-05-26,Other,de,True
f7ea73f0-6711-494e-9362-0c6df4e052ab,Blevins Lucas,1986-03-26,Other,de,True
adcb211c-cd55-4ea9-bf14-219bd4e05db8,Hebert Kaitlyn,1976-08-02,Male,nl,True
8c205515-fbcd-4fa1-a840-692364631fcc,Robert Mccall MD,1961-04-30,Male,de,
e5374005-d476-45e7-9bbf-2f01090eef40,Steven Rqivera,1995-03-31,Other,nl,True
c4dd0cc5-958e-41bb-aaa7-c1e36f9dd1a7,Laua Chambers,1959-11-11,Male,de,True
d5f3cda8-7735-4258-bba2-b0942999e3ca,Ramirez Kara,1998-12-12,Other,de,True
2e933102-8510-49b1-b705-9988721b264e,Henry Williams,1960-30-07,Other,et,True
b659fae3-576a-4f90-95dd-689459e477b6,Cochran Kerri,1984-04-15,Other,nl,True
a73377d1-0323-4887-ad80-940caaf0c279,Angela Turner,1985-07-13,Other,de,
77dd3768-ad16-490e-8aad-b775f9962690,Jessica Smith,1985-01-22,Female,de,
b8799695-c1e2-475c-9f0e-601855124dbd,Victor Hlil,1960-03-29,Other,et,True
3ed09652-a831-41e1-a83c-06eafb2823be,Charles Owens,1963-18-01,Other,et,True
3877f429-008f-4f24-ab21-25935c3de2c1,J. Thompson,1968-06-07,Male,de,True
311da6f4-8ab2-4c9f-9000-2554f0882da5,Lawrence Olson,1982-04-16,Female,nl,True
2865d942-1ee4-433a-8cd2-860c972f2df4,Amy Schroeder,1965-08-25,Other,German,True
a429cb89-3bee-4f41-abce-de72c00c8e6a,R. Palmer,1998-12-15,Other,et,True
105b71e2-ac16-44fd-a356-6cf1c71d2ee4,Victoria Johnson,1965-07-08,Male,nl,
232d8e1b-5201-40ad-8542-f0abcc9a9782,Leah Short,1974-01-07,Male,Estonian,True
03cefe84-1f1a-4fc7-86ac-72b2c104c34e,Robinson Timothy,1988-03-22,Male,nl,True
c281712a-0f1c-43e5-8da7-62f1e15a30a4,Sarah Barber,1992-03-21,Female,Dutch,True
f92291fb-f940-4593-b0ce-5c7931c765b0,Mary Duncan,1986-03-05,Other,nl,
dbda99e0-1d03-417f-95b3-b3c954b89d09,Douglas King,1975-06-11,Female,nl,True
993c239d-61a7-4ad7-b6af-8fbee04ef7de,E. Munoz,2000-02-18,Female,nl,True
ea0d8c9e-0fe6-4699-bbe9-5b2e8eef265a,Krystal Hayes,1968-18-09,Other,nl,True
603e1de9-65e6-4ef5-89f8-524227be333a,Somantha Hamilton,1998-10-12,Female,et,True
d23319d9-3b08-47a8-8a0c-d8b6ad50db4e,Jamie Cochran,1968-18-05,Female,nl,True
6a21123b-a12e-48d6-930d-ed00f592a6bc,R. Saunders,1997-11-28,Male,de,True
451ff0a2-5b7e-4caa-83f4-046d7d273161,Christopher Harris,1961-15-04,Male,nl,True
fc0ceed2-8503-4e00-8a58-dab567979cea,Deborah Mcintyre,1960-02-10,Female,nl,True
5904c7aa-ff5a-4021-9e95-16f22c5ebf34,Christine Fischer,1960-14-03,Other,de,True
fd9ef092-6423-4c0d-89d4-bf1466f1f469,Christian Mcgrath,1969-06-05,Other,de,True
3ec1890a-0d07-4fdc-adc4-c521d9ae6d08,Kelly Thomas,1979-09-19,Female,German,True
0fc7bd55-7886-454a-9610-d6d722f4ce8d,Candice Hernandez,1982-04-07,Female,et,
775c20e5-db51-4b21-bb6b-dca5447c8cef,Horn Pamela,1984-11-13,Other,de,True
215ab8af-d0e9-4302-8d9f-f47971e89042,Corey Mcdaniel,1972-04-05,Other,et,True
cadd8a89-d653-4d86-a5d7-a87710721e1c,L. Foster,1996-09-05,Female,et,True
2cbca08a-6b06-4d14-8243-586de7b7b874,Barbara Simpson,1973-10-14,Male,Dutch,True
1971b6fc-ff89-42c6-adad-ef3bca737f98,Ronald Walters,1981-06-27,Male,de,
cb25c793-2470-4b0f-9ce5-ca77e86ffcfa,Andew Norris,1959-11-22,Other,de,True
813bc858-4476-49f4-967b-64a998f739a1,Wilson Colin,1990-05-25,Other,de,True
5d7b9e8d-27e5-4191-bde7-ee59a980e47c,Cloleen Hubbard,1989-11-05,Other,nl,True
137db595-60fc-4ce0-a916-d15df48d1261,E. Jones DDS,1976-03-03,Male,et,True
525dfce0-3d2a-4431-84b2-9ea4fbbaaa78,George Bell,1984-11-10,Female,Estonian,True
aea81aad-15f6-48ef-8ac8-2b859fff4a28,Thomas Stephens,1962-05-13,Female,Estonian,True
1cf933e8-646f-4467-847d-8a65bdb836ec,Moore Lee,1982-06-19,Other,et,True
105b6226-f658-4135-8855-eeab0138514e,Kaylee Brown,1961-01-22,Other,nl,
3e530970-b171-48ff-bc35-51bcfe8299c0,Jessca Herrera,1971-06-22,Other,de,True
44d243bb-4956-4840-9b21-b07f4a132c74,Sandra Garza,1973-12-28,Male,Dutch,True
7be2f563-8115-47fd-9692-533f49b56307,Brooks Debbie,1959-10-05,Female,nl,True
b1df155e-312c-4169-87c3-035c41acd9f2,Antonio Herring,1974-04-10,Female,Dutch,True
f49a9931-5c56-4726-be2b-e634ae0aed4a,C. Willis,1976-01-09,Female,de,True
52322125-9597-44a9-a5cd-d198ce8cad0e,Jr. Mcgrath Raymond,1996-08-29,Male,de,True
23fa9f3c-d7cf-435a-8379-207f461e2615,Brett Taylor,1989-22-11,Other,de,True
e8a6fe4a-0445-49e6-b929-874b5b4f4136,Rowe Angela,1982-11-27,Male,nl,True
e279c1ee-81e2-4b0c-beb5-2f935e21bbae,Kaimberly Jones,1999-08-20,Other,de,True
3964ed86-989a-4700-8939-4242b7745219,Diana Ropss,1964-10-16,Male,nl,True
4388b989-4f4a-4ebd-b991-169a519cac74,Holly Prinec,1992-02-19,Female,et,True
9bc1fe38-496b-4cea-9b5c-6ef20918c630,Dennis Reilly,1978-28-11,Male,nl,True
903f74dc-a94c-4af3-a8d8-92378dc79303,Torres Pamela,1968-10-15,Other,de,True
7a4e883f-41d9-4250-8a52-70a85bd7a26a,M. Davis,1994-10-05,Other,et,True
21845059-bb80-450a-9869-cb76510ec18e,Jennifer Lopez DVM,1974-21-01,Other,nl,True
b620fd00-4fa4-44f6-beca-ecd98456cf14,E. Leonard,1975-11-08,Male,de,True
891461f9-2e4e-4bd2-900d-0b35441eace0,Richard Frazier,1990-12-16,Other,Estonian,True
1e92d557-2779-465c-afed-b96da0abd480,Anthony Alexander,1971-19-12,Female,de,True
6e683362-84e8-47bc-a201-07c0c1328a88,Rerbecca Forbes,1965-10-01,Female,et,True
bfd96e7f-a82d-41cf-971c-b82d4d6e5d24,Anthony Bentley,1993-10-04,Male,de,
4e81e321-b4c3-4c01-b703-26e74b79faa5,Danielle Deleon,1968-05-20,Female,nl,
24d67190-1ffd-446a-bd57-f86a425c14a3,Tina Johnson,1983-06-11,Male,de,
a4af8ccf-17b2-4943-b177-87f622b80399,Andrea Ruiz,1970-06-24,Female,German,True
f8990881-427c-4406-981a-a94dfa4d587e,Mr. Robert Aguilar,1975-11-21,Female,et,
35b8f89d-5bc7-4639-b099-33f827ab2a90,Madden David,1988-08-04,Other,de,True
cff90915-3f91-48b3-9dce-ca26ade49e5d,Jsaon Brown,1967-07-23,Female,et,True
b8ce0f2a-5e66-4f7c-89cc-f0913ad24b19,Carter Shannon,1968-11-29,Other,nl,True
7d03c277-3642-42c5-a252-299e89d68868,C. Watson,1978-02-26,Other,de,True
0e2a4c4a-2535-449d-8291-a468bab56955,Norman Tucker,1973-09-03,Male,de,True
e094e82c-6935-4ae5-8680-2726eb02d316,Samantha Torres,1982-08-27,Female,German,True
df5f754f-7548-437b-b172-accd2d90c914,Melissa Castillo,1972-10-03,Other,nl,True
e2819754-480c-4f6f-a711-2b4e662c11b8,Bailey Jordan,1965-03-30,Male,et,True
de162796-15be-41a3-9a0d-f7cd6552765d,Heather Gonzalez,1977-06-15,Female,nl,
4278680f-b4d6-40fe-85bd-7ba8841cdf54,Peter Richardson,1978-09-06,Male,nl,
da110838-b5c8-4668-975d-e28c3d7a9c5f,Cody Hill,1961-03-20,Male,de,
db56542c-7c22-40e1-bb6a-9a3e78b435ba,Kyle Harmon,1963-02-09,Female,et,
cab11db8-b845-4db6-a7e3-d4e5a5c4e3db,Michael Garrett,1991-07-09,Female,German,True
bdf52228-3a59-463c-b475-05e8a23b878d,Joshua Bardley DDS,1960-02-15,Other,et,True
107ea027-c3f5-4e38-9000-7b89182762e4,Kmberly Hall,1964-03-31,Other,et,True
5bd9745d-e36d-4407-861b-8a74b66559e4,Cynthia Foster,1993-23-10,Male,et,True
0fc1b1e5-2845-4bea-a86b-c9c05e590941,Stephanie Evans,1982-10-14,Male,German,True
782f27f1-61aa-4cdd-80f3-6c44d4447694,MD Brown Nicole,1993-09-26,Female,de,True
98eea78c-9d10-402d-a973-7ed3c85b72c7,Blake Deborah,1995-06-30,Male,de,True
5313feee-9263-4e25-8cbe-0fd741fdd203,Emily Cooper,1961-03-28,Male,Estonian,True
58258990-ce4f-43d5-b15a-defbb2ee4ade,Skinner Tammy,1983-01-02,Male,de,True
3a08fb12-086e-4446-824b-208c923f2576,Terry Fuentes,1993-07-02,Male,de,True
ff49851e-e503-4022-848b-d7da181c2d67,Jennifer Lawrpence,1996-02-20,Female,de,True
4aabbde9-3bd5-43d2-a911-ed8522ce0ab2,Lisa Horton,1993-08-24,Male,Estonian,True
19e3f65c-193d-4f55-b406-42536d80d1b1,Jessica Miller,1960-06-05,Male,nl,True
0db4f68f-e58f-4b57-a60c-db249d067525,E. Fernandez,1985-04-14,Male,de,True
47e1a9b7-072d-40e7-b15f-a2c00daf6bb9,Elizabeth Jacobs,1990-22-09,Other,et,True
f8836ace-52f2-434d-b9a0-1c556c757188,Wood Kristina,1976-04-07,Other,nl,True
dc259431-03d8-485f-bd95-80777e538dd4,Powell Stephanie,1964-08-29,Male,nl,True
ce5a6d2f-6597-4c3a-9b42-f49a100b2730,Michael Allen,1994-16-12,Male,nl,True
5daa986f-4d9d-47ee-8d37-0a2c2bfaec80,Robert Vazquez,1973-23-03,Other,nl,True
e843f6df-6e13-4181-bbe2-4900bbea06e5,Miller Robert,1962-07-23,Male,nl,True
904e816d-804c-4cee-83d4-fb97269779a3,Jill Hayes,1961-01-31,Female,Estonian,True
e77baf61-53fd-404d-a5bb-102887dd7303,Aaron Levine,1983-08-09,Male,et,
86f1d36f-9e94-43a2-b1c7-3777927fba27,Jacob Bell,1983-10-08,Other,et,True
7c98fc56-51e9-400e-aa72-bab00b0e901b,James Aduams,1993-12-24,Male,de,True
c9d53dcb-b305-4fa7-a9dc-430445aa2ea0,Rcahel Brown,1975-05-11,Male,et,True
8594d8cd-46dc-4922-9013-1ac1d1f554a6,Keith Peteson,1998-08-15,Female,de,True
a3b444c6-5589-41aa-906b-8c8a48141815,Lindsey Franklin,1977-10-25,Other,Estonian,True
ffa179e4-9ca0-411f-862a-28f151df1b6e,Jr. Santos Dustin Mr.,1971-06-22,Male,de,True
af0338e0-717a-4d8f-bc1f-bf3c7cbccc9c,Shirley Martinez,1968-02-27,Other,nl,
0d4ec225-ea86-45d8-9790-41b4df7d1287,L. Smith,1986-01-05,Male,et,True
336cf064-24dd-46b6-8e63-f2af10086976,David Copeland,1970-12-18,Other,nl,
69eb4a9b-09ee-4067-816f-21e7a5468db0,Johnson Carlos,1965-03-31,Male,et,True
fb30c82c-4a16-4dcb-a504-dd8a0bae5777,Shaun Thompson,1960-02-06,Other,Estonian,True
e78f347c-ff27-4d7a-a8f0-ea991ee1ed6b,Moore Jeffrey,1959-05-10,Male,et,True
ef692c9b-490f-404b-96aa-5c019055e4d2,Judith Wilson,1967-11-09,Female,Dutch,True
34791dad-7f6e-4d47-b633-536aa7c5c95d,Kyle Gibson,1970-06-19,Female,Estonian,True
86955ddc-507d-4634-9ea5-ded76e667b95,Rnichard Thomas,1979-04-15,Other,de,True
dd725d23-a45f-4b57-a6e3-eb1a30fdf576,Timothy Stevenson,1971-03-04,Male,Estonian,True
9b9a5586-95ea-4ddf-afa1-de7178cac6ac,Christopher Baker,1971-07-09,Female,Dutch,True
348b2d1a-a3a9-401d-ae67-35c8ed2d313c,M. Harvey,1966-01-17,Other,et,True
b0a02676-b705-4782-99c5-76d6782032a8,C. Vargas,1994-04-15,Male,nl,True
628644db-719f-4519-ad2d-a6c7d2af1b60,Shawn Stone,1975-04-12,Male,et,True
df1ccfd8-4b87-430c-9127-0986ed711a49,Destiny Moore,1959-28-12,Female,et,True
7eebfca7-fc8c-4674-a117-fda78cffc859,Alexander Hughes,1983-06-11,Female,de,True
0499a423-09ef-470f-a05d-178b9a026d32,Kathy Knapp,1982-01-18,Female,et,
f16a226a-0d2a-4c15-97be-9dca94a57af1,Eily Hensley,1991-07-03,Other,et,True
74737409-6980-448b-ac0d-9b6f6d6a13d0,Paul Adams,1960-17-02,Male,nl,True
1277562f-ff2b-4c56-80a3-88aa309e002d,Anna Tucker,1996-03-24,Female,et,
c4a1620e-1042-45a5-ad7a-b26b7592aa53,Brian Burton,1969-04-10,Female,et,True
ac2122ab-32b5-4f5e-95c3-d6da2fe82ae6,Kathleen Pham,1975-09-21,Other,de,
757106d8-9f3b-4f18-8acd-0d00ac3028ab,Dustin Pwna,1996-11-13,Female,et,True
3b4e17af-faa5-45d0-89ee-c143c1d392ab,Naalie Barr,1995-03-31,Male,nl,True
764ab0d3-0c13-45e3-aa0e-0aca99c60ecd,Casey Werner,1981-17-08,Other,de,True
ea8b99ce-8742-4ce0-a631-bd04449b34c0,Russell Silva,1974-02-19,Other,Dutch,True
bec2aaae-4be6-4095-bc74-debd4a578195,Michael Chang,1983-07-10,Female,de,
3c0cd7e9-9e8d-43e3-827e-faabc401923c,Michael Shepard,1990-03-12,Female,et,
9d6007f2-851c-4ee9-8abc-fe46f97fe57a,Davis Chelsea,1971-05-21,Female,et,True
5ad35e53-cebe-4762-937e-ee43fbf80f8a,John Mbcgrath,1966-05-05,Female,de,True
e0306464-946b-4196-ab88-1105af40aa88,Lauren Jensen,1987-26-03,Male,et,True
d0eb9f36-c19f-43f7-bcf4-185fd9ed2c90,Laura Schultz,1964-22-09,Female,nl,True
255d577b-7206-43e4-b9e2-7b25ce6c7724,Porter Kimberly,1996-02-02,Female,de,True
0f4d4650-7409-455d-a9e7-a10bb8c279da,Black Christopher,1971-03-07,Female,et,True
a1f1df60-b9b1-4026-9d0c-8ab0814bbc5e,Alexander Eric,1982-03-06,Other,nl,True
a6f51378-608e-4915-a356-e83a38e1229a,Eric Trujillo,1979-04-05,Other,nl,True
c22fed3e-3da2-48a0-b831-db717bcfd05a,Ruben Meyers,1972-03-31,Other,de,
e53708ff-5eed-41cd-b181-bb757c5ebb0d,Erin Wiltson,1983-02-08,Other,nl,True
34cac434-83e3-4592-94a5-1d2167dba7e0,Michael Lambert,1984-08-03,Female,de,True
8f85ea0f-3311-4e92-bc5e-309481e2dbe3,Wright David,2000-03-05,Other,de,True
d2425601-481a-4835-be41-497e7331eb23,Chase Mitchell,1974-05-01,Female,et,
156fa3ea-68dd-4d80-a65e-851877e8a838,Christopher Coopre,1963-01-24,Female,et,True
a711f694-1d0d-40e5-b20f-fd5fb9aa1947,M. Duran,1961-11-13,Other,nl,True
6d0fae06-1f68-4504-a835-0720f6f1534d,Cunningham Stephen,1993-03-11,Other,et,True
6a931de3-0076-4dd9-a662-34d2bb6521db,Aaron Walters,1985-08-07,Female,Estonian,True
9105747a-1588-4bff-9957-d1516e46a7e9,Joseph Stewart,1968-06-06,Other,German,True
e23f1ff8-777d-44e3-a1c0-d8a31f5ccc87,Amy Stein,1989-11-20,Other,de,
436e8eae-178c-4651-aa87-d89f6365c65e,Connie Weber,1974-01-20,Other,et,
5cf2717b-49c9-45ba-9e2e-04eec7861b40,Jack Gibson,1979-17-01,Male,et,True
90be56b2-afd8-4765-a6a3-99a819f02869,Mfatthew Ross,1998-10-25,Female,de,True
6eb018c2-9bf4-4772-a901-e5d7d98d5749,Rogr Marshall,1999-11-10,Male,nl,True
