identifier,contactType,phone,email,availableLanguage,fax
23a7711a-8133-4876-b7eb-dcd9e87a1613,Administrative,021-9489241,FaulknerHoward@healthcare.org,['nl'],+31578 156593
b421eaeb-5340-47ca-baf3-897a3e70f16a,Administrative,339-733-2871,Garrett@healthcare.org,['et'],671.948.4185x83989
09e469e6-ec62-42c8-a648-ee38e07405eb,General Inquiries,886-684-8339,Green@healthcare.org,['et'],275.615.9179x533
14aa451c-a69c-4b85-9432-f8db6a174c1c,General Inquiries,0935 233769,Nash@healthcare.org,"['nl', 'en']",+31(0)06-9602714
b9bdee2d-d663-449d-955e-18b1fa83ada4,General Inquiries,(306)565-0300,LopezKey@healthcare.org,"['de', 'en']",393-244-2176
f24dfdd8-5091-4bdc-8ef0-66d44279b14d,General Inquiries,(690)297-7658x236,Williams@healthcare.org,"['de', 'en']",(224)255-5159
8e751eb7-64d0-4913-991b-8adf0202861c,General Inquiries,547.779.3615x34926,Brady@healthcare.org,['et'],610-587-3176
a36bcb01-67e9-4363-905c-053b25fdacbe,Billing,+1-768-275-7738x93055,Garcia@healthcare.org,"['de', 'en']",524.492.6947x11801
ce1bb02a-cb4d-48d6-adb6-da351734a26c,Administrative,+31634 896769,SantanaShaw@healthcare.org,"['nl', 'en']",(000) 2489451
6d0c62c3-254b-47ae-9d0a-b994f20b575d,General Inquiries,+31(0)11-6116207,Chan@healthcare.org,['nl'],+31(0)60-7541511
1f8941b6-e6a1-440b-b031-f4b9bb6b0095,Billing,001-604-450-9322x7175,Smith@healthcare.org,['de'],4353574485
99e8c828-21da-432c-9c68-d4fd0bd7696f,Administrative,4618126486,Carter@healthcare.org,"['et', 'en']",951-537-5806x6065
86ae9d5c-65ff-4adc-81ae-f3f700109824,General Inquiries,+31(0)714-543910,Riggs@healthcare.org,['nl'],+31448 518321
f305ee95-afb1-40f4-94d4-dad6ddfae808,Administrative,001-660-550-1904x4329,Mathis@healthcare.org,"['et', 'en']",467-956-2566
9626d8c4-344a-4454-b0a6-1c5e707421d4,Administrative,060 3125023,PriceRobinson@healthcare.org,"['nl', 'en']",091-8456708
01d34690-a795-4c54-8a30-f7cd00fdec23,General Inquiries,+31(0)163 968373,WilliamsWilliams@healthcare.org,['nl'],+31919-155875
df39ccaa-580c-49fc-bb69-e69041300879,Media Relations,001-930-948-1077x706,Daniel@healthcare.org,['et'],811.813.1263x791
8397d412-7118-4b71-8707-e77b4bf0ae53,General Inquiries,(0844)-301912,Lam@healthcare.org,['nl'],+31(0)33-4088601
584d3c02-0ff9-4318-922a-3a6211091978,Billing,+1-862-637-6254x25660,Smith@healthcare.org,['de'],+1-287-409-1662
6d5b7d50-1417-44f9-b7c1-44fb2b16ad04,Administrative,+1-219-972-9904x560,Newton@healthcare.org,"['de', 'en']",854-727-3852
58ba0bf3-675e-4c52-9eb9-5739b8acdd81,General Inquiries,600.540.4943x8856,Arnold@healthcare.org,['et'],795-239-8522
c0037457-0184-4803-9840-fccb2446ecee,Administrative,429.565.7086x93058,LeePatton@healthcare.org,['de'],+1-557-903-9342x6197
abbf66c7-680a-4e2a-866b-d06fa2b4d215,Billing,(492)964-8022,LongMartinez@healthcare.org,['et'],001-408-608-6259x118
e55e44b8-08a6-45b4-8321-0210a43c991d,Billing,001-251-337-9378x25278,Johnson@healthcare.org,"['de', 'en']",350.411.6959x75685
eb1c3ba4-5b9e-42d0-ab0c-9fddb61b03e9,Media Relations,+31607 599449,BuckBurke@healthcare.org,"['nl', 'en']",(0620)-743615
dba45b5e-1498-465b-b9fe-0a1b7efbe877,General Inquiries,7863408115,GibbsReese@healthcare.org,['de'],402.484.0065x2822
12b34a24-667f-4eeb-8889-832c37773772,Administrative,(869)551-6637,Cook@healthcare.org,['de'],(937)569-1448x5809
76a933cf-65fd-4f69-93a2-5c9b6e3a52d7,Billing,416-588-2223,Austin@healthcare.org,"['et', 'en']",8826759451
fef06b04-68fc-442a-b6f2-59264e60678b,Billing,(612)420-9981x39981,ReedFry@healthcare.org,['de'],(910)501-5751x7594
eb6ec9e0-225f-4457-9662-5aa1056b565f,General Inquiries,(227)990-6196x5387,Guerrero@healthcare.org,"['de', 'en']",+1-714-487-8674x238
5c05c1f3-241d-4e27-8bf4-1e101c622f82,Administrative,820-929-8300,Baker@healthcare.org,"['de', 'en']",001-617-585-5103x374
c6b7e7cb-be0d-44ed-b306-1611ef96a214,Billing,(054)-6921658,ValenciaThomas@healthcare.org,['nl'],(035)-5645641
852d2ee5-0061-4d30-9907-3286329cd43a,Patient Services,+1-561-882-3366x706,Obrien@healthcare.org,"['de', 'en']",001-609-340-9555x72981
e93b4418-b170-41ed-9b04-0be38f41d3e4,Administrative,318.777.2785x2646,Fisher@healthcare.org,"['et', 'en']",873.957.6070
a54e6c8f-ecb3-477a-acef-5e55840658d1,Billing,+1-945-373-2585x7675,Bishop@healthcare.org,['et'],(231)226-7835
a49999cf-87e5-4bbc-a2e9-e671ab341860,Appointments,(046)-8811970,FaulknerHoward.Midwifery@dept.healthcare.org,"['nl', 'en']",(0695) 410390
6251d74d-61f9-4408-b833-0558fb2323e7,Appointments,+31394-102599,FaulknerHoward.Podiatric@dept.healthcare.org,['nl'],(018)-7656016
5804a881-1d8c-4a3b-a261-479043a061c4,Emergency,059-3880588,FaulknerHoward.Toxicologic@dept.healthcare.org,"['nl', 'en']",0270 452519
d733f669-852d-4585-88df-6b197c3ad037,Staff,(051) 8323639,FaulknerHoward.Primary@dept.healthcare.org,['nl'],(0524)-583375
2a9e9a38-1d5a-474c-8da8-40fd4adb0798,Emergency,0388-571688,FaulknerHoward.Rheumatologic@dept.healthcare.org,['nl'],+31(0)11-9752436
0c661a49-4995-4cf1-baaf-500ca74b3d20,Information,(082) 4906649,FaulknerHoward.Speech@dept.healthcare.org,"['nl', 'en']",(045) 8771652
03e3c25b-700b-4433-b5d6-147620f12d46,Emergency,001-458-761-8374x46670,Garrett.Laboratory@dept.healthcare.org,"['et', 'en']",232.434.2284
3f79dd31-beb7-48d6-ab02-1118ae63ad3a,Referrals,940.373.0626x86368,Garrett.Gynecologic@dept.healthcare.org,['et'],(618)801-0367
82e2f424-0dbc-4d25-9aac-e3a3c2f89ef4,Emergency,473-772-9840,Garrett.Anesthesia@dept.healthcare.org,"['et', 'en']",+1-655-948-4207x39657
9090d244-c1d4-4db0-909b-f39cacb1691c,Referrals,936.734.8282,Garrett.Podiatric@dept.healthcare.org,"['et', 'en']",364-678-0347x103
0438b3d4-a81b-4fe3-bda4-8455acac00dc,Appointments,3928436755,Garrett.Otolaryngologic@dept.healthcare.org,"['et', 'en']",802-509-8453
6fa68010-0ddd-49b7-80b4-25aae7eb533c,Appointments,+1-402-781-6459x305,Green.Diet@dept.healthcare.org,['et'],+1-847-979-5417x21848
afbae6c3-4b51-4edb-bb76-8615f6b1465d,Appointments,001-216-444-1588x1009,Green.Rheumatologic@dept.healthcare.org,['et'],566-270-5216
d5562dab-f4a9-44e3-ba4f-4535e45d8903,Appointments,+1-407-382-8239,Green.Genetic@dept.healthcare.org,"['et', 'en']",001-374-244-3600
940f737e-548c-4ec4-a536-5ca8d66a45e9,Information,001-711-953-4757x78811,Green.Pulmonary@dept.healthcare.org,['et'],(468)378-6813x2685
976ae5fb-66f1-40a0-ba1a-262bba13834f,Staff,397-985-3806x55803,Green.Public@dept.healthcare.org,"['et', 'en']",356-293-8088
a5dc7c7b-cfa8-4592-8055-6e426b496a3b,Information,001-237-952-0782x64973,Green.Community@dept.healthcare.org,"['et', 'en']",+1-892-897-5956x928
996d6642-3cf8-4ff0-b49d-f1fff13a9049,Emergency,592-453-2482x89177,Green.Anesthesia@dept.healthcare.org,['et'],+1-559-731-8734x648
d05d2cb9-6b76-411f-bc87-65b6b04a2620,Appointments,960-710-5249x87486,Green.Public@dept.healthcare.org,['et'],311.518.0985
87fde43c-9c72-41e4-ac1a-c8a3ed51fa2b,Emergency,544.622.9322,Green.Respiratory@dept.healthcare.org,['et'],742.994.3126x2390
208d549b-6b0e-4d01-80dd-28b3acea35a3,Emergency,(778)908-5327,Green.Urologic@dept.healthcare.org,"['et', 'en']",643.515.7458
09b12bc9-8805-4048-b53a-7cec4fbf545a,Referrals,+31(0)72 1174446,Nash.Midwifery@dept.healthcare.org,['nl'],094 5710437
0ed91a32-4f0f-49db-8b6a-3fea01cf7f93,Referrals,0090 292719,Nash.Gastroenterologic@dept.healthcare.org,"['nl', 'en']",+31(0)082 111913
2360db82-1a14-4f91-8a34-065b2b058a0e,Information,+3168-2180831,Nash.Pharmacy@dept.healthcare.org,['nl'],+31(0)585-898643
bd966783-41ff-4f63-a4a3-b63500513063,Staff,(0221) 772442,Nash.Gynecologic@dept.healthcare.org,"['nl', 'en']",025 5318724
5b5eea1f-8eac-4752-a34a-d5b9fd72a908,Referrals,053 6068424,Nash.Nursing@dept.healthcare.org,['nl'],041 5604324
d042c1c8-4900-44e6-a873-6d8a12ee6e46,Appointments,040 0925263,Nash.Anesthesia@dept.healthcare.org,"['nl', 'en']",(0083) 787995
bbda98aa-ae43-4b71-b8ec-fe833a614c6c,Referrals,+31(0)903-976622,Nash.Neurologic@dept.healthcare.org,"['nl', 'en']",+31(0)67-3412904
6ca1c7a8-ba71-4935-89d9-a4015207cce5,Information,(071)-4954446,Nash.Hematologic@dept.healthcare.org,['nl'],0788 364600
8e4e7077-71e5-4207-861f-f6a278c49995,Appointments,001-379-429-0953x4613,LopezKey.Midwifery@dept.healthcare.org,['de'],+1-572-275-7274x758
0b5560b6-31ce-4544-9707-f76cef137c97,Information,4776198027,LopezKey.Midwifery@dept.healthcare.org,"['de', 'en']",345-327-5051
7c7e8bd2-f193-48ca-844d-d831dad389fe,Emergency,(676)926-3634x12755,LopezKey.Musculoskeletal@dept.healthcare.org,"['de', 'en']",732-472-5372x18997
006287fa-dd33-4a90-8317-310ddb2101c5,Information,642.328.2731,LopezKey.Speech@dept.healthcare.org,['de'],3614677220
b3e1da11-73de-4a9e-87f3-aa2b2c0eb235,Emergency,352-764-2213x857,LopezKey.Dentistry@dept.healthcare.org,['de'],864.370.2527x33127
a3328206-f963-4ee1-96f9-012957edb96b,Appointments,684.940.9924x3881,LopezKey.Otolaryngologic@dept.healthcare.org,"['de', 'en']",(810)878-8899
ce5e761b-7b59-41c0-bd08-b032f9ad5202,Referrals,(601)580-2105,LopezKey.Primary@dept.healthcare.org,['de'],001-510-232-5689x56360
e20e2224-47d3-4352-8019-fdfa510020c1,Referrals,875-786-7548x4785,Williams.Midwifery@dept.healthcare.org,"['de', 'en']",(540)337-4662x2732
f059a06d-d7fa-45bc-9dc1-1ea22f06771e,Referrals,5807119229,Williams.Gastroenterologic@dept.healthcare.org,['de'],(911)667-2598x393
b5e2d9ff-fcb0-407f-b212-78352b4d0a93,Information,381-716-0035x63569,Williams.Toxicologic@dept.healthcare.org,['de'],779-474-3605
deb5b9e5-d838-43ce-b444-8cb3be767191,Referrals,001-616-747-4060x712,Williams.Speech@dept.healthcare.org,['de'],492-377-0952x6042
2b243c58-9743-4bc8-bba4-35db5c0d4feb,Appointments,713-613-7306,Williams.Emergency@dept.healthcare.org,['de'],(894)778-0476x370
60c3746c-bc6b-404b-9a3d-4eac1e682c1f,Emergency,(844)892-6012,Williams.Gastroenterologic@dept.healthcare.org,['de'],319-438-1357
3027bdbd-981f-45ed-8c7c-9761a617fe49,Referrals,(773)284-9912,Williams.Oncologic@dept.healthcare.org,"['de', 'en']",+1-754-683-9409x651
6e95a644-022b-4290-a685-b54ed17d4cc0,Emergency,369.274.0297,Williams.Public@dept.healthcare.org,"['de', 'en']",+1-801-626-6923x81006
08415966-ad7b-487f-befd-e1439889cbe1,Information,(678)703-5729x33031,Williams.Gynecologic@dept.healthcare.org,['de'],542-829-6406x19726
396836c7-7c79-4d7c-a64a-aa398354e04f,Referrals,001-318-412-2405,Williams.Dentistry@dept.healthcare.org,['de'],+1-589-928-6405x208
b235872f-f682-43bd-8174-dc65f9646b27,Referrals,347.571.9451x65015,Brady.Endocrine@dept.healthcare.org,"['et', 'en']",001-900-504-7180
c2324d72-03d0-4575-94bb-58bd4e8b1b51,Referrals,001-999-641-5126,Brady.Gastroenterologic@dept.healthcare.org,['et'],(449)232-8774x711
81190840-8a64-44fd-8b58-46c879e32aa0,Referrals,654-695-1507x9259,Brady.Musculoskeletal@dept.healthcare.org,['et'],207.723.5310x6769
231e58b0-1acd-4824-83ab-4db80e45aea5,Appointments,9047689415,Brady.Toxicologic@dept.healthcare.org,"['et', 'en']",553-308-3780x650
f421e7e0-5c56-4c5c-89d2-30412c05fec3,Appointments,+1-245-243-6001x29592,Brady.Cardiovascular@dept.healthcare.org,['et'],+1-829-821-2282
5d81778a-5ef7-4581-af71-f4aead1c4859,Emergency,463-459-4238,Garcia.Psychiatric@dept.healthcare.org,['de'],915.499.8919x25474
44a07ecb-5fb2-4686-8bee-3f1d5fc97072,Referrals,+1-752-463-3297x96930,Garcia.Public@dept.healthcare.org,['de'],5768910649
4f5a41c7-0fa0-4b35-a7b1-13deedeeefbd,Staff,(825)518-9729,Garcia.Midwifery@dept.healthcare.org,['de'],001-224-907-5758x349
cbce125b-da1c-4162-b87e-3cae01b62820,Information,+1-962-449-8326x975,Garcia.Renal@dept.healthcare.org,['de'],6968654247
86d26605-33d6-4c61-a8f8-a67abdf76a13,Information,461-244-2234x2253,Garcia.Surgical@dept.healthcare.org,['de'],724-394-4204
cd1fe22d-965d-4317-ab5e-68c2e3d86d14,Staff,416.261.9485,Garcia.Primary@dept.healthcare.org,"['de', 'en']",8263505589
35331bc5-5abd-452e-a300-47d0085d7943,Information,(891)563-5112x43236,Garcia.Gynecologic@dept.healthcare.org,['de'],708.746.3819
53ec7d88-1994-49c4-8995-e98cc82dd858,Information,519-441-3491x16725,Garcia.Pulmonary@dept.healthcare.org,['de'],520.890.7788
7a9f3f59-c92c-463c-8309-28ae79dac846,Information,672.893.9656,Garcia.Podiatric@dept.healthcare.org,['de'],(629)287-1395
c078dac2-bb2b-46f3-ad6d-3a646d2b0123,Appointments,9987000694,Garcia.Anesthesia@dept.healthcare.org,['de'],+1-208-361-6405x0051
3d361779-8dfd-4010-a7ce-5dbadce4708a,Staff,(079) 4630887,SantanaShaw.Urologic@dept.healthcare.org,['nl'],+31326 713312
7e43c0b7-b356-4e54-a7b9-528c63f72b5f,Information,+31(0)046 977965,SantanaShaw.Gynecologic@dept.healthcare.org,"['nl', 'en']",(014) 8835438
689a0ced-3e14-44b1-9a00-cb0031f1f4f4,Emergency,+31(0)53 6734856,SantanaShaw.Respiratory@dept.healthcare.org,"['nl', 'en']",+31977 121844
44587bbe-0a66-4218-a13b-be30b8b7da07,Appointments,(099)-0102983,SantanaShaw.Urologic@dept.healthcare.org,"['nl', 'en']",+31(0)56 2847314
9dadf9e4-cebd-49bd-b77d-a5f9618a327d,Referrals,+31(0)02 0865150,SantanaShaw.Rheumatologic@dept.healthcare.org,"['nl', 'en']",(0834)-606772
0f33131c-98ec-42e1-bccc-a57a3b1eadb0,Appointments,+31419-921707,SantanaShaw.Dentistry@dept.healthcare.org,['nl'],+3146-2082263
746e80c4-41fb-4b2a-8fee-b9b05e9bc37d,Information,048-5521781,SantanaShaw.Primary@dept.healthcare.org,['nl'],+3122 5638455
b5f1e073-d379-4278-9362-5c7f1c71b0af,Appointments,+31(0)71-1726268,SantanaShaw.Anesthesia@dept.healthcare.org,"['nl', 'en']",056 4421978
8dc78aa7-22ee-475c-a88a-1c8181cd34bb,Information,034 8340854,SantanaShaw.Surgical@dept.healthcare.org,['nl'],+31(0)203-943740
7648fb30-2d6d-4fa9-9859-792c2a865fb4,Appointments,+31(0)73 0808776,Chan.Rheumatologic@dept.healthcare.org,"['nl', 'en']",0759-981290
a0a8175d-88f1-4464-85e8-b8d8966f92d4,Emergency,(0953) 248826,Chan.Diet@dept.healthcare.org,['nl'],+3146 3195626
c2555384-f868-44ec-9163-38135b0f0d7c,Emergency,+31(0)40-3753150,Chan.Gastroenterologic@dept.healthcare.org,['nl'],+31(0)639-636510
4b080778-534b-4cd2-a338-ccfd6f3d0471,Information,+31(0)38 7027910,Chan.Endocrine@dept.healthcare.org,"['nl', 'en']",074-3882542
a6fee832-6b63-419e-83bd-e688439983f1,Referrals,+31(0)70-5750575,Chan.Infectious@dept.healthcare.org,['nl'],(0118)-449657
f35fd4a8-05e1-4a9a-a643-7b65c63c3d08,Staff,(089)-6304883,Chan.Toxicologic@dept.healthcare.org,"['nl', 'en']",(0186) 180455
45bae81f-7b6f-4e55-8013-6ca46810ae35,Emergency,(042) 3373345,Chan.Surgical@dept.healthcare.org,['nl'],(0952) 163399
37eb9bfb-4ec7-4b01-b6cf-a3f8fc72dd60,Staff,6055174476,Smith.Dermatology@dept.healthcare.org,['de'],+1-885-789-1565x18297
5b1e40ca-ecba-414d-816a-03fba7a120a0,Emergency,001-868-851-8970x3860,Smith.Midwifery@dept.healthcare.org,"['de', 'en']",001-688-531-1568
58edb6ee-c235-470a-972d-982d0079a59f,Emergency,428.340.1727x482,Smith.Musculoskeletal@dept.healthcare.org,"['de', 'en']",+1-838-927-0185x56531
ef85acba-abff-4cef-919c-91fea8abe4a5,Information,+1-441-795-0924,Smith.Radiography@dept.healthcare.org,"['de', 'en']",736.858.0559x7376
1cb2cb16-bd9f-4617-ae4a-5c81363ae3bc,Appointments,+1-916-238-0262x16583,Smith.Speech@dept.healthcare.org,['de'],313-281-1819
c326fbf2-4731-4680-9275-07dd390cfd7e,Emergency,(972)853-3296,Smith.Podiatric@dept.healthcare.org,"['de', 'en']",2924904106
b6c843e4-1325-4452-ac29-c1bfb0791b94,Appointments,(576)959-0019x977,Carter.Cardiovascular@dept.healthcare.org,"['et', 'en']",504.730.3584x06533
756132a4-739f-4249-b038-f3af2fd37e43,Information,491.388.2159,Carter.Pulmonary@dept.healthcare.org,"['et', 'en']",001-346-443-2133x440
73e3cabd-21a5-423f-b8dd-43bd3f97f4f8,Referrals,279.871.5682,Carter.Cardiovascular@dept.healthcare.org,"['et', 'en']",+1-599-929-2658x8335
fdcafb55-d386-458c-9341-16e3074af7dc,Referrals,518.996.4982x3071,Carter.Optometric@dept.healthcare.org,"['et', 'en']",294-440-9541x0907
f109bc67-a0f8-4547-9713-88efc973c4e3,Appointments,759-797-0897x64903,Carter.Oncologic@dept.healthcare.org,['et'],226-836-0049x83429
540f3137-d09a-43b5-ba92-3a649cf31dca,Referrals,668-518-7344x0594,Carter.Pediatric@dept.healthcare.org,"['et', 'en']",001-445-584-4671x163
9d2e5daa-3788-47ce-bcab-7a91183947ef,Staff,349.910.0138x6581,Carter.Anesthesia@dept.healthcare.org,['et'],577-204-8875x9728
623fc5b9-976d-4953-a47f-1aaf5875de0f,Staff,426.623.0577x154,Carter.Urologic@dept.healthcare.org,['et'],9387443171
536ff84c-82c7-4e62-9f61-7ff963611515,Appointments,010 4402155,Riggs.Emergency@dept.healthcare.org,"['nl', 'en']",027-6331162
275ab60d-7b1e-4ff7-8476-d9681803b6e7,Emergency,(0590) 188424,Riggs.Community@dept.healthcare.org,"['nl', 'en']",+31616-048469
3922c73e-84d7-41e2-a0c5-f3291ea2d7d4,Staff,(0846) 477996,Riggs.Psychiatric@dept.healthcare.org,['nl'],(0303) 524308
87e8b9a7-1116-4820-a76d-4b32212178c7,Emergency,+3110 1269407,Riggs.Geriatric@dept.healthcare.org,['nl'],+3139 9880320
8cff3e99-1e8e-4d52-aab9-c1851af0ed28,Staff,+31(0)720 904314,Riggs.Hematologic@dept.healthcare.org,"['nl', 'en']",0773-498674
901355e7-a6fe-434f-a6bd-a493a18b020e,Appointments,(008) 1065335,Riggs.Plastic@dept.healthcare.org,['nl'],+31(0)10-7644694
fa17cbeb-6f9f-41b3-9605-e8bc77abb7f8,Information,(0605) 867996,Riggs.Otolaryngologic@dept.healthcare.org,"['nl', 'en']",0991-242898
cabd877d-48be-4890-9a9f-454686003bbc,Information,(0098) 416565,Riggs.Dentistry@dept.healthcare.org,"['nl', 'en']",+31(0)350-019861
e3677779-cd45-4722-bf9e-c8b457b0757b,Emergency,0426-963913,Riggs.Primary@dept.healthcare.org,"['nl', 'en']",0724-240035
433ca80a-1b3c-4c49-9776-77c7555e4565,Emergency,(074)-6598211,Riggs.Pulmonary@dept.healthcare.org,['nl'],+31(0)641 894827
aa9bb48d-2134-44aa-bc8f-167a04d6466e,Information,516.929.9513,Mathis.Laboratory@dept.healthcare.org,"['et', 'en']",001-691-983-8727x95321
00d2ff48-c92f-4d5b-8f67-59680a0110c1,Referrals,538.395.0218x13265,Mathis.Toxicologic@dept.healthcare.org,"['et', 'en']",(532)537-9645x24465
dfb0d760-9ace-4bd2-aae1-d0eee5efdaa5,Information,+1-404-437-2028x35763,Mathis.Laboratory@dept.healthcare.org,['et'],+1-578-992-0906x20396
b15fd5e8-fc3a-49ce-a2c5-a15cb3d7f89f,Staff,+1-557-350-1390x164,Mathis.Psychiatric@dept.healthcare.org,['et'],935-578-6833x61770
98ed2175-7eba-4a36-994a-5bfdcf3f0e62,Information,913-765-4098,Mathis.Primary@dept.healthcare.org,"['et', 'en']",+1-715-440-4006x5079
2fd35a4b-d18d-43c5-8532-25fe375c61ff,Staff,001-713-521-4775x023,Mathis.Cardiovascular@dept.healthcare.org,"['et', 'en']",3048290745
0c1b3c26-325c-4827-9f19-f370b83271dd,Referrals,5452299746,Mathis.Diet@dept.healthcare.org,['et'],(784)326-4940
85573355-b5f2-4c1d-909e-72632a8a9952,Information,(0945) 365865,PriceRobinson.Gastroenterologic@dept.healthcare.org,['nl'],+31664-381415
81fa55ad-573f-4cd6-8413-63f58ca9db0b,Staff,0257 193634,PriceRobinson.Dentistry@dept.healthcare.org,['nl'],009 5894508
06f7302d-62bd-49ae-a072-6dd9e0738191,Staff,(0361) 141526,PriceRobinson.Emergency@dept.healthcare.org,['nl'],+3113 1233851
e73243e6-d087-40dd-a6b6-f42c360ae10c,Appointments,(031)-9509423,PriceRobinson.Obstetric@dept.healthcare.org,"['nl', 'en']",0879 859362
2cf6c298-413b-4c6d-aacc-59ee9875f4f2,Emergency,0740 190587,PriceRobinson.Respiratory@dept.healthcare.org,"['nl', 'en']",+31(0)97-1305645
dc07f7ba-1aa1-4d8f-ba0b-aab0663b1799,Referrals,+31926-844529,PriceRobinson.Endocrine@dept.healthcare.org,"['nl', 'en']",013 7153472
af2b8e1b-fe5f-4e3b-9c19-85fceda86200,Appointments,032 1567698,PriceRobinson.Musculoskeletal@dept.healthcare.org,"['nl', 'en']",+31(0)095-224292
677ea36d-9c15-4ae0-a3a9-4da989b923d4,Appointments,+31298-978166,PriceRobinson.Emergency@dept.healthcare.org,['nl'],057-9567127
93345811-d480-4956-88f7-07ca20d086a6,Referrals,+31(0)98 7338672,PriceRobinson.Neurologic@dept.healthcare.org,['nl'],098 4481074
f5b9cc00-6c51-4441-b9d7-e05aafde15ec,Referrals,0901-133345,PriceRobinson.Rheumatologic@dept.healthcare.org,"['nl', 'en']",+31(0)86 3381050
b2205194-ab2d-4221-bbf7-ade9620fe455,Referrals,+31(0)77-5923559,WilliamsWilliams.Dentistry@dept.healthcare.org,"['nl', 'en']",+31(0)96 6558627
02483212-f702-4321-a90a-684302bbc635,Staff,090-0938555,WilliamsWilliams.Community@dept.healthcare.org,['nl'],+31894 020185
627a91fe-afdb-444c-a5c2-2565bf0f959f,Referrals,(0180)-741517,WilliamsWilliams.Dentistry@dept.healthcare.org,"['nl', 'en']",+31866-189026
4a6e9dde-750e-47a7-beaf-e5b2f6ecd320,Information,(054)-1527076,WilliamsWilliams.Gastroenterologic@dept.healthcare.org,"['nl', 'en']",0530-539813
68159dd7-e780-4601-9430-efd12d92532d,Referrals,038-4595699,WilliamsWilliams.Dentistry@dept.healthcare.org,['nl'],+31(0)16-3037583
c838435a-c5de-42ff-8577-c89bbbc173c7,Staff,+31209-986267,WilliamsWilliams.Community@dept.healthcare.org,['nl'],047 5469681
fd328aa5-7b82-4faf-9787-fdcd92942cc6,Appointments,+31(0)559-254972,WilliamsWilliams.Infectious@dept.healthcare.org,['nl'],(0417) 241258
a1ba4586-e54d-47a1-8260-845744ab05ee,Appointments,+3105-5131860,WilliamsWilliams.Oncologic@dept.healthcare.org,"['nl', 'en']",+31(0)943-281583
4b833e20-73bb-449a-8096-34b215d3c9ba,Staff,0506-090390,WilliamsWilliams.Gastroenterologic@dept.healthcare.org,['nl'],+31(0)138 665113
3b4e134a-8367-4cb1-909c-0f916e999c46,Referrals,+31486-719061,WilliamsWilliams.Endocrine@dept.healthcare.org,['nl'],+3148-0052135
ef1cc4d8-e21d-4459-994e-36b30e016456,Referrals,876-767-5502x71852,Daniel.Neurologic@dept.healthcare.org,"['et', 'en']",7762925773
9d1a45ce-abdc-4286-9d33-37cbfd61c6fc,Information,507-800-2072,Daniel.Dentistry@dept.healthcare.org,['et'],(203)528-0312
badf79f7-b45d-472e-b078-c9f4db0d4810,Appointments,(373)813-7056,Daniel.Physiotherapy@dept.healthcare.org,['et'],(669)386-4268
ece6ce51-ceea-4c09-9b10-61e27efc5b0d,Referrals,688.430.5334x4664,Daniel.Primary@dept.healthcare.org,['et'],9322973887
b964a0c7-a670-4775-a8d4-4ca7918a4325,Emergency,001-842-534-9974x42438,Daniel.Surgical@dept.healthcare.org,['et'],508.224.9534
e7b550fa-b56b-4796-ad82-85675feaf4a9,Information,001-944-984-5940x05165,Daniel.Psychiatric@dept.healthcare.org,['et'],001-658-622-0693x123
91abd31a-a8c5-479e-89f4-8eaad57afab9,Emergency,871.274.3660,Daniel.Surgical@dept.healthcare.org,"['et', 'en']",(417)435-0278x7680
785f60a7-3766-4856-8b97-14b05ca5042e,Referrals,+1-419-534-4037,Daniel.Endocrine@dept.healthcare.org,"['et', 'en']",(300)575-8600x802
2b289138-e6a4-4bed-8b33-d390c04db309,Staff,(0371)-586979,Lam.Gastroenterologic@dept.healthcare.org,"['nl', 'en']",(031) 4676244
028dba17-7f30-4ca3-916d-5d35e4a85e2b,Emergency,+3177-0494329,Lam.Gynecologic@dept.healthcare.org,"['nl', 'en']",0481-166815
e6759c13-1a34-4898-88e4-3374e2d796df,Referrals,+31(0)888 996052,Lam.Urologic@dept.healthcare.org,"['nl', 'en']",+31(0)840-500035
7e48a1c8-ef4d-478a-b195-c85b1a78dfc0,Staff,+31(0)690 529750,Lam.Infectious@dept.healthcare.org,['nl'],0438 982697
48a787be-4055-4dbb-b250-43396f9c2d00,Staff,(091)-0046863,Lam.Obstetric@dept.healthcare.org,"['nl', 'en']",069 8057358
e6d2b4cf-165f-41e2-977c-f2ae98d1bbfa,Information,0411 389532,Lam.Gynecologic@dept.healthcare.org,['nl'],(061)-5012116
628d87fd-2b74-489d-bd38-c859f810cd78,Information,041-6851453,Lam.Midwifery@dept.healthcare.org,['nl'],+31(0)51-0703141
c24d532f-ca10-425a-912a-21749d270596,Staff,731-869-9906,Smith.Rheumatologic@dept.healthcare.org,"['de', 'en']",+1-607-584-5704x04432
18f13c60-2bbe-4100-a162-113f8285b5e8,Appointments,(368)683-7733,Smith.Community@dept.healthcare.org,"['de', 'en']",(990)864-4884
b311e39c-69d1-4180-b4c1-423311a3c10e,Emergency,962-548-4908x482,Smith.Pathology@dept.healthcare.org,['de'],(203)449-4197x29415
b33f3fa4-5cf7-42d5-867c-6e856d63565f,Emergency,999-459-5271,Smith.Psychiatric@dept.healthcare.org,"['de', 'en']",001-476-678-4736x5076
56b69aea-ad2f-4073-bdeb-9011bbd09a1c,Referrals,001-545-371-0054x6936,Smith.Gastroenterologic@dept.healthcare.org,['de'],001-414-790-6456
3d115920-dfe6-4c51-b1a2-61d82da2f193,Referrals,617.520.9250,Smith.Plastic@dept.healthcare.org,['de'],(718)257-9199
0907a963-cf62-4de6-9131-507d92f42460,Appointments,243.280.8708,Smith.Primary@dept.healthcare.org,['de'],925-477-8162
c59e8235-0d28-4925-b248-50451406baa6,Appointments,891.719.2729x010,Smith.Speech@dept.healthcare.org,"['de', 'en']",815-467-9103x12707
1d697cd0-0662-43bd-98d6-1ed43f78ee36,Emergency,+1-910-395-3515x25390,Smith.Pulmonary@dept.healthcare.org,"['de', 'en']",001-729-457-2827
5175198f-ef88-46fd-a58d-b4e449a3421c,Emergency,+1-307-742-4307x470,Smith.Obstetric@dept.healthcare.org,"['de', 'en']",001-439-483-6361x2414
6da2ca98-e73b-4250-97db-48e4ba159c23,Staff,247-766-5676x30145,Newton.Dermatology@dept.healthcare.org,"['de', 'en']",657-519-9209x1630
970e912d-82b3-44b0-b6d4-af46d1e16baa,Appointments,923-433-4113x710,Newton.Emergency@dept.healthcare.org,['de'],001-656-365-7299x03631
4ee79c5a-55fd-4bb8-91c0-ccb1d0ebc1e4,Staff,+1-722-390-3140x32696,Newton.Urologic@dept.healthcare.org,"['de', 'en']",891.667.9012x7643
7c923fb0-29ec-4824-b19e-071d267dad13,Staff,(399)510-6064x458,Newton.Podiatric@dept.healthcare.org,['de'],(615)203-8619x181
cbc6b166-d5ad-4c81-86bc-1e2a7e9d98fd,Appointments,(901)538-2849,Newton.Toxicologic@dept.healthcare.org,['de'],(867)714-4618
325ac15c-3391-4a64-9ff3-c8b23064f0fc,Emergency,964-588-3497x992,Newton.Endocrine@dept.healthcare.org,"['de', 'en']",9515762700
c72d2b32-8295-4c28-b759-9b77ce1be150,Referrals,+1-586-358-7107,Newton.Community@dept.healthcare.org,['de'],287.724.1988
1a1636ce-12ae-47a8-89d1-d42494296b68,Staff,953.701.8689x3956,Newton.Genetic@dept.healthcare.org,"['de', 'en']",967-716-8433x225
37b84200-2207-48f5-a2ab-5123047286ac,Information,656-723-1695,Newton.Toxicologic@dept.healthcare.org,"['de', 'en']",(560)592-1070
4f4390d0-47e1-418a-915d-3e443adf6a11,Staff,001-420-835-4722x18981,Newton.Pharmacy@dept.healthcare.org,['de'],(460)679-4612x38569
976545fd-4982-493b-88e0-e8df688ba9e7,Emergency,563.621.3624x987,Arnold.Speech@dept.healthcare.org,"['et', 'en']",633-885-3094x4978
09b521fc-7d51-4f5e-9855-226a6ec6b631,Emergency,+1-660-751-7435x7670,Arnold.Nursing@dept.healthcare.org,"['et', 'en']",375-594-9393
a30e30dc-1349-4ec4-ba5e-999e23ff34b7,Emergency,694.435.5416x81863,Arnold.Musculoskeletal@dept.healthcare.org,['et'],(332)813-4408
aa4a4a8b-057d-44a3-a99c-e4cdfc9fe8b0,Appointments,693.326.6496x6712,Arnold.Toxicologic@dept.healthcare.org,"['et', 'en']",677-447-9583
598c3b62-5edb-4437-a375-545dcc14577b,Staff,799.475.4308x95127,Arnold.Dermatology@dept.healthcare.org,['et'],+1-286-771-2721x647
dad39cfe-ffb3-44a3-a34c-3f1890645d72,Information,424-377-9740x712,Arnold.Renal@dept.healthcare.org,"['et', 'en']",5366036318
1e804c7b-fba4-4c0f-a6e6-a50615152e75,Staff,+1-869-234-9017x975,Arnold.Surgical@dept.healthcare.org,"['et', 'en']",5382180255
f7ddf9a6-a499-4205-82cf-1dd3dd79270b,Information,+1-514-546-9752x519,Arnold.Obstetric@dept.healthcare.org,"['et', 'en']",+1-222-594-2249
06bad44c-60bb-4747-aebb-8b34328b9a83,Appointments,001-571-361-8056,Arnold.Geriatric@dept.healthcare.org,['et'],287-722-8674
e069d95f-92bb-4f1f-b775-bba92fe5d822,Referrals,+1-709-625-5689x829,LeePatton.Pathology@dept.healthcare.org,"['de', 'en']",(667)512-4257
43568c9a-2eaf-4555-a362-1fc63bd4c612,Referrals,352-599-1118,LeePatton.Pediatric@dept.healthcare.org,['de'],(838)551-1985x8596
48cbdf4c-aa99-4864-9ee1-ecbacc106506,Referrals,512-533-8071,LeePatton.Midwifery@dept.healthcare.org,"['de', 'en']",939.323.3323x132
9efa5314-a5a0-4481-8273-de5a4028539c,Referrals,784-732-2007x2721,LeePatton.Hematologic@dept.healthcare.org,['de'],(831)743-2871x79740
caa831ba-98fb-439b-93ba-77151f224a02,Appointments,(549)984-9987x6792,LeePatton.Speech@dept.healthcare.org,['de'],4198521617
4605dc4a-549f-4214-aae4-f71bf91e6fef,Appointments,(563)742-8996x132,LeePatton.Dermatology@dept.healthcare.org,['de'],209-363-4597x2938
7a299619-d524-4973-8b8e-1c51ee31aabc,Information,001-366-736-9526x455,LeePatton.Infectious@dept.healthcare.org,"['de', 'en']",(515)498-3601
436bd6b0-6171-4776-be66-203207f61f43,Staff,819.719.8417,LongMartinez.Primary@dept.healthcare.org,['et'],286.250.6068
7ef1748c-5e0e-4282-8ff7-46524db8f463,Information,(995)800-1949x4682,LongMartinez.Physiotherapy@dept.healthcare.org,"['et', 'en']",(849)440-4525x5757
a5800fe0-c2b4-4ef4-8459-7d0edede780b,Referrals,8724383779,LongMartinez.Hematologic@dept.healthcare.org,"['et', 'en']",001-861-780-8548x852
17485c67-b3a9-4280-a27f-0e232afcfb18,Emergency,(786)516-6261x65962,LongMartinez.Optometric@dept.healthcare.org,"['et', 'en']",(986)831-3507x6668
2c7fcbfe-ef73-4a0d-b919-ce67f9921fb2,Staff,346.622.0231,LongMartinez.Respiratory@dept.healthcare.org,['et'],(872)381-7936x662
dd1d44e8-1d67-4e22-ad42-ec4ed1f4d64d,Referrals,+1-684-878-6942,Johnson.Gynecologic@dept.healthcare.org,"['de', 'en']",(704)280-9843x0781
10c68cfe-4f2c-4bfa-84d5-86dbca2e255f,Appointments,001-239-652-6514x45185,Johnson.Cardiovascular@dept.healthcare.org,"['de', 'en']",+1-577-817-7002x6210
464be134-9595-4e63-a138-a502a0c460ab,Referrals,(767)407-7108,Johnson.Rheumatologic@dept.healthcare.org,['de'],957-952-6620x65098
5de4a916-8818-4942-b427-d996801688d2,Appointments,001-785-808-6459x61125,Johnson.Genetic@dept.healthcare.org,['de'],461-881-4286
594285f4-28ca-4565-bac7-8d4dc9256e17,Appointments,623-975-8747,Johnson.Diet@dept.healthcare.org,['de'],3017749469
be76feab-3fe3-4ef9-9234-21832eefb25b,Staff,0565-447879,BuckBurke.Laboratory@dept.healthcare.org,"['nl', 'en']",+31610-043398
5e5a7b11-b9bd-450e-b463-c38f4db90cef,Staff,060 0853882,BuckBurke.Pathology@dept.healthcare.org,"['nl', 'en']",+31(0)62-6422329
a8dd31df-a59a-454d-a4bf-82d728eac906,Staff,055 4410510,BuckBurke.Dentistry@dept.healthcare.org,['nl'],032 3614982
afaaf44c-5482-42d3-afc6-d195af9d872a,Referrals,(0558)-089833,BuckBurke.Infectious@dept.healthcare.org,['nl'],+31(0)226-009647
a529c5c4-2131-4d8a-b876-74dc7d8c3b75,Staff,+31115 101824,BuckBurke.Primary@dept.healthcare.org,['nl'],+31(0)733 359514
35f690e9-6daa-47f7-b91b-cee8477c2eaa,Appointments,(097)-6025894,BuckBurke.Laboratory@dept.healthcare.org,"['nl', 'en']",+3130 4299423
21f2f77d-e8eb-438d-b874-94700305ba49,Information,0520 195182,BuckBurke.Pulmonary@dept.healthcare.org,"['nl', 'en']",+31300-477006
1ceea295-d1df-45ed-8a1e-6882da516fed,Referrals,572-909-2344,GibbsReese.Community@dept.healthcare.org,"['de', 'en']",001-554-221-6087
c5bf954d-0a9c-40c0-8129-7e8e34cf3d5d,Information,+1-403-755-3875x5229,GibbsReese.Hematologic@dept.healthcare.org,"['de', 'en']",265.865.5500
791f0d9d-02e0-4995-8a3f-4bd99cedd191,Staff,646.346.6651x804,GibbsReese.Laboratory@dept.healthcare.org,['de'],+1-569-375-8884x869
9b28fcc2-c555-4816-8fd6-82749f9e4255,Referrals,339.362.3101,GibbsReese.Infectious@dept.healthcare.org,['de'],(674)609-2621
91bd3fdf-c4cd-4d57-b59b-05fa3ed3bfbf,Appointments,879-839-9381,GibbsReese.Pathology@dept.healthcare.org,['de'],258-816-0221
d2764690-5453-4720-8274-3edb9489cd28,Emergency,(719)394-5021x0498,GibbsReese.Community@dept.healthcare.org,"['de', 'en']",001-583-617-7730
689f74ea-108e-4777-95b7-1925686cdeaf,Referrals,602.202.8187x957,GibbsReese.Gastroenterologic@dept.healthcare.org,['de'],596.854.9487
f67473f9-f125-4b02-bb54-7015b8ea558f,Emergency,820.933.6836x106,GibbsReese.Pediatric@dept.healthcare.org,['de'],(399)262-9221
b4490f50-c45f-4d56-aea0-0ee8d24e2e20,Staff,001-946-394-0437x2706,GibbsReese.Musculoskeletal@dept.healthcare.org,['de'],550-474-8902x137
06fa8f94-4cab-4ab8-87b9-7ca2f6da8765,Information,001-843-459-8882,GibbsReese.Optometric@dept.healthcare.org,"['de', 'en']",+1-475-359-8855x955
bba16224-4663-4bff-b0df-50beb8c9a6d3,Referrals,+1-981-413-7263x57452,Cook.Anesthesia@dept.healthcare.org,"['de', 'en']",220-594-6820x8668
4cc57b45-ca6b-4cda-9282-58767dd1c306,Referrals,001-352-890-0420,Cook.Urologic@dept.healthcare.org,['de'],001-422-797-1434
db62bcf5-5f76-46c8-90e8-1e7c7b1a7528,Emergency,001-277-281-4914x018,Cook.Dermatology@dept.healthcare.org,['de'],001-917-757-8574
308f3d08-410e-40fc-94ee-511c8b599c63,Appointments,355.597.6288x1867,Cook.Primary@dept.healthcare.org,['de'],696-231-6937x983
c0c8489e-b7bb-4608-b731-b449f7f38542,Information,350-227-5088,Cook.Community@dept.healthcare.org,['de'],001-746-576-8721x0996
35cb4e44-5282-42cc-b90a-b6294c781201,Information,759.370.5975x4947,Cook.Pulmonary@dept.healthcare.org,['de'],382-494-9741
77aa80d0-427b-4a96-ae24-e998b9a83e16,Appointments,001-408-652-2873x3602,Cook.Endocrine@dept.healthcare.org,['de'],508-546-0002
8ec10d46-b2ff-4c4f-b86b-a07bb54fe223,Referrals,7607887631,Austin.Anesthesia@dept.healthcare.org,"['et', 'en']",793.987.1102
e02856bd-992c-4bc2-9a7a-d04f22d21847,Emergency,348-868-7578x97276,Austin.Public@dept.healthcare.org,"['et', 'en']",+1-429-503-3238x785
c4d15705-8b1a-4951-a3cf-4a95937cdb03,Staff,(403)407-5452x6468,Austin.Rheumatologic@dept.healthcare.org,['et'],(890)673-4942x31631
8395bd69-89a8-4c0d-acfe-54b3293ac00d,Information,(766)308-0455,Austin.Rheumatologic@dept.healthcare.org,['et'],645.942.2932
c66a764d-4c99-4848-a7eb-cbed076fdbae,Staff,001-403-489-0102x079,Austin.Psychiatric@dept.healthcare.org,['et'],743-658-1950x5910
231097ae-efcc-453c-8a2c-33955a0ab7e0,Information,651-245-5602x2960,Austin.Rheumatologic@dept.healthcare.org,"['et', 'en']",(853)964-3273x56003
1dceefa6-27ff-45b1-8fd8-b369dd162eba,Staff,+1-560-464-8118,Austin.Surgical@dept.healthcare.org,"['et', 'en']",595-499-9067x12703
d876ba3e-fae4-4de8-9da2-c90ce0cebd21,Referrals,001-888-387-2858x8598,Austin.Hematologic@dept.healthcare.org,['et'],(257)436-7809
7f49992c-2e95-45b6-b4bd-bf67b5edc7eb,Information,+1-530-330-4080x58378,ReedFry.Optometric@dept.healthcare.org,['de'],(443)232-1659x744
302242cc-2bdb-4f0c-a5da-896d4aec923c,Staff,501.828.4795x741,ReedFry.Neurologic@dept.healthcare.org,"['de', 'en']",(454)262-6764x3430
b5b52170-ec3b-4a45-be86-e65c18ce1760,Appointments,001-531-706-4992x229,ReedFry.Pediatric@dept.healthcare.org,['de'],998.575.7524x3580
2a8bc6f6-9f66-4919-9832-91be68522a8b,Appointments,+1-274-335-9196,ReedFry.Endocrine@dept.healthcare.org,"['de', 'en']",797.626.1494x025
58e71b7b-cc0a-4936-bb33-0e5fcb00bc7c,Staff,519.957.2589,ReedFry.Pathology@dept.healthcare.org,"['de', 'en']",(653)213-6727
c2d99561-8013-4073-b949-c2a24a6e1526,Information,(834)636-1216x51002,ReedFry.Radiography@dept.healthcare.org,"['de', 'en']",(538)271-1821x53945
2b6a1d95-d729-46ba-a107-0ff02081671b,Referrals,(206)249-1658x8042,ReedFry.Midwifery@dept.healthcare.org,"['de', 'en']",+1-654-297-7018
1e3f6d3e-27b0-47f3-ad76-31fc71e16a87,Appointments,726-420-6632,ReedFry.Toxicologic@dept.healthcare.org,['de'],402-692-9438
53295c46-1fa9-47e3-b5df-1a9da2faf159,Staff,001-651-735-9834,ReedFry.Dermatology@dept.healthcare.org,['de'],001-270-498-4558x306
f33c5682-6053-494b-9db0-3e9a0c248f08,Staff,356.276.1728,Guerrero.Physiotherapy@dept.healthcare.org,"['de', 'en']",+1-540-271-5120
35d5230f-9193-4af4-91fd-9097a31d9ef6,Appointments,278.430.0803x602,Guerrero.Toxicologic@dept.healthcare.org,"['de', 'en']",653-707-5799x3855
937b1cb5-9a7f-4ed4-aef1-fbb620ee7327,Emergency,001-718-415-4294x40567,Guerrero.Geriatric@dept.healthcare.org,"['de', 'en']",(488)926-3318
e3eacc96-ae74-4428-8839-944dda76035f,Appointments,001-299-358-0386x8709,Guerrero.Geriatric@dept.healthcare.org,"['de', 'en']",500.653.0708
60286ee0-5526-40ce-a430-4d47db54d7ee,Information,(654)801-0577x23112,Guerrero.Dermatology@dept.healthcare.org,"['de', 'en']",001-401-487-4899x431
db410c2e-3aec-435b-a24e-05ffdd79c474,Information,001-237-869-9643,Guerrero.Rheumatologic@dept.healthcare.org,['de'],(925)213-1356x2211
aacf7c01-6bf7-411e-a545-aafca2a8d7f7,Appointments,442-706-5159x5631,Guerrero.Public@dept.healthcare.org,['de'],(289)805-1688
60f210f0-06ad-4140-883d-5ca3616a87da,Referrals,+1-903-748-4741x361,Guerrero.Radiography@dept.healthcare.org,"['de', 'en']",(374)615-7838
fe9a3c26-7dbe-48f5-8aee-b090601bb630,Staff,584-725-0107,Baker.Gastroenterologic@dept.healthcare.org,['de'],(230)733-7758x92537
6cdbb48c-b3b3-4d5e-a77a-d1148a35ad5c,Appointments,584.201.8196x08400,Baker.Speech@dept.healthcare.org,"['de', 'en']",904-879-6490x74687
5968b4b7-91ad-42a0-a820-53e2d813db5e,Appointments,601.890.5258,Baker.Optometric@dept.healthcare.org,"['de', 'en']",001-677-770-8160x985
da324532-ef91-4809-9b05-b8cb99fbc141,Information,499.900.8885,Baker.Respiratory@dept.healthcare.org,"['de', 'en']",(588)583-2696x03608
dc21c621-ccc7-48df-a82f-5c7eaeb502c3,Staff,(629)875-5172x249,Baker.Urologic@dept.healthcare.org,['de'],(233)265-2900
ac6ceb8a-75a8-4ab6-89a2-ff858174332e,Information,569-301-5726x711,Baker.Optometric@dept.healthcare.org,"['de', 'en']",3814210311
b3063ec4-040b-4e15-b296-d8322fca696a,Information,993-475-1775x08313,Baker.Podiatric@dept.healthcare.org,['de'],278-400-1316
9f7411e7-6400-434e-93fa-4235ccb93f91,Emergency,001-958-733-1999x824,Baker.Genetic@dept.healthcare.org,['de'],(973)655-6902x675
7aa95e0c-880f-42fd-96a6-1a5d05516291,Emergency,001-229-863-8942x09877,Baker.Anesthesia@dept.healthcare.org,['de'],(786)610-0132
d57a00a3-4600-4654-b637-9ee556bf4493,Emergency,(910)368-8779x391,Baker.Cardiovascular@dept.healthcare.org,"['de', 'en']",+1-347-793-9685x69840
199831f0-8250-439c-bc84-e1d8786fd5d5,Referrals,+3115-3711172,ValenciaThomas.Pulmonary@dept.healthcare.org,['nl'],(041)-7298482
9f77fa69-8487-41a9-b460-1e943c258fb9,Appointments,(0563) 689219,ValenciaThomas.Otolaryngologic@dept.healthcare.org,['nl'],(064) 3422451
9e996246-f4d3-435c-81d7-4a3ce30481a5,Information,+31(0)050 475929,ValenciaThomas.Infectious@dept.healthcare.org,['nl'],(0103) 079567
0217f0a3-3096-445e-a061-ddc6765dfe41,Information,(020) 6208561,ValenciaThomas.Public@dept.healthcare.org,['nl'],+3160-6655565
138ea6ed-4e49-4628-9f86-9dbb3cd2d63f,Appointments,0437-924097,ValenciaThomas.Geriatric@dept.healthcare.org,"['nl', 'en']",081-1413435
d3e2736b-d15b-43f0-a149-9f675c8629e2,Emergency,+31(0)16-6103758,ValenciaThomas.Geriatric@dept.healthcare.org,['nl'],067-0090355
d7e5486c-066b-43ff-bfb0-7b560d823875,Referrals,082-1686563,ValenciaThomas.Laboratory@dept.healthcare.org,['nl'],(041) 4622292
888d1e8c-ccf5-4994-b839-30ee760b6d38,Referrals,(041) 0559302,ValenciaThomas.Endocrine@dept.healthcare.org,"['nl', 'en']",(058)-7351419
b81c0cd4-f797-49ea-9872-daa0a2947b91,Appointments,(092) 6092376,ValenciaThomas.Obstetric@dept.healthcare.org,"['nl', 'en']",+3197-1898513
83d685f7-9654-4df0-9e5b-9e4ac15bef1e,Referrals,0265 599503,ValenciaThomas.Obstetric@dept.healthcare.org,['nl'],0242-447800
ff4ab7c5-4d8a-42ce-97b8-323253f7489a,Information,680.695.9773x931,Obrien.Geriatric@dept.healthcare.org,"['de', 'en']",2518578223
f628f550-d3cb-416f-b4b1-5a9793096bcc,Information,001-592-222-2836x8684,Obrien.Optometric@dept.healthcare.org,"['de', 'en']",525.316.1891x9953
e36a614f-5812-447f-8276-e4480d3e2b86,Appointments,495.341.1344x98068,Obrien.Emergency@dept.healthcare.org,['de'],201-839-2071x5155
8c65fc7a-c938-4b8d-ab49-3e1162e61cf1,Referrals,+1-432-267-7778x59022,Obrien.Diet@dept.healthcare.org,['de'],+1-675-496-3345
eff8b24b-af8b-4fbe-a5ed-5d8a8ff7401a,Appointments,2026010750,Obrien.Radiography@dept.healthcare.org,"['de', 'en']",460-529-6419x417
cf34a1ea-3318-4029-a3b2-f9f9cb578ed4,Information,(650)873-8401x041,Obrien.Otolaryngologic@dept.healthcare.org,"['de', 'en']",001-561-288-0097x06829
08c64569-dc98-4e99-80a1-4ad8e17e7630,Referrals,325.313.9825x177,Obrien.Gastroenterologic@dept.healthcare.org,['de'],+1-754-412-2438x90681
f2dce1b5-0a0b-4e93-b07e-79b4774079fc,Information,+1-342-322-0338x1177,Obrien.Hematologic@dept.healthcare.org,['de'],001-566-292-2396
19a14af2-15e0-41f2-907f-88de0fe8b3f2,Emergency,654-421-5099x63625,Obrien.Nursing@dept.healthcare.org,"['de', 'en']",323.303.3837x25660
141c7bda-3578-47cd-9cbf-26cb9082bfd1,Staff,6013030717,Obrien.Anesthesia@dept.healthcare.org,['de'],922-656-0053x878
623ae7d8-4cc3-4606-b187-9eb87d453d9e,Information,695.588.1376x68944,Fisher.Genetic@dept.healthcare.org,['et'],5434557439
a4569258-9567-4664-ade3-57a96104ad32,Staff,(383)248-6763,Fisher.Public@dept.healthcare.org,"['et', 'en']",+1-559-950-7694
573dfca2-89ea-4cb1-8d81-fde153860bcd,Emergency,(969)675-0117x4387,Fisher.Cardiovascular@dept.healthcare.org,"['et', 'en']",836.719.9370x31554
14998517-6e5e-4126-9082-9e6189a14e1a,Staff,427.213.5480,Fisher.Otolaryngologic@dept.healthcare.org,['et'],(619)403-5767
a3d5485d-a440-4b4e-8b20-0d7490fe65df,Referrals,(993)824-1659,Fisher.Respiratory@dept.healthcare.org,"['et', 'en']",001-799-481-6492x60048
2db6b14d-c54f-4abe-9543-d4396682988f,Staff,001-623-418-8431x770,Fisher.Psychiatric@dept.healthcare.org,"['et', 'en']",9787126493
e5d6fb7f-0147-48f2-853b-8ffa4512a1e1,Emergency,306-360-1684x334,Fisher.Pathology@dept.healthcare.org,"['et', 'en']",(468)305-3460x795
e6cbe3a6-2f7a-40a3-b4f1-5f46c9e7f8ba,Information,349-582-8740,Fisher.Emergency@dept.healthcare.org,['et'],(496)890-6515x83885
2433b7fd-eced-4ce2-b3cf-6b78967d5a3f,Appointments,001-227-419-5814x380,Bishop.Pathology@dept.healthcare.org,['et'],337-222-1289
114ee720-68e0-45ec-a3f9-c7f2dd865ec6,Appointments,(628)798-1322,Bishop.Physiotherapy@dept.healthcare.org,['et'],+1-399-330-5644x7776
a8043f49-61fb-4b45-9bf8-16597a0cb6f8,Information,838.506.7347x8750,Bishop.Infectious@dept.healthcare.org,"['et', 'en']",3486296654
e35724ed-26d1-4c53-948e-94d475070970,Emergency,001-681-342-9425x377,Bishop.Optometric@dept.healthcare.org,"['et', 'en']",350-309-0750x6000
5c47c5a2-27dd-4d1f-acb2-5622eb37f4c2,Staff,588.804.1578x19735,Bishop.Plastic@dept.healthcare.org,"['et', 'en']",001-264-815-9757x8939
a77c6b54-f7f1-4de7-a74a-7fff513c6538,Emergency,(253)617-7670x48830,Bishop.Plastic@dept.healthcare.org,['et'],(542)282-8785
220c3451-2714-4f43-90f5-a5a010b03641,Information,+1-690-269-6830x2873,Bishop.Toxicologic@dept.healthcare.org,['et'],+1-255-648-9935x721
1dadcde9-ca4f-4281-ad58-323b4e1272f5,Emergency,(676)411-4213x94209,Bishop.Endocrine@dept.healthcare.org,"['et', 'en']",733.591.6805x084
b3d55a90-fb0c-47db-82da-2de29ae17ed8,Information,001-309-273-9735x4739,Bishop.Infectious@dept.healthcare.org,"['et', 'en']",2536036701
ddbba0d7-af0b-453f-b5c6-a05da6e4a329,Information,262.804.0716,Bishop.Otolaryngologic@dept.healthcare.org,"['et', 'en']",+1-223-450-5181x3575
