text,serviceDept_uuid,address_uuid,contactPoint_uuid,healthcareOrg_uuid,omitted
"The Geburtshilfe at R Montoya and Walters Gesundheitszentrum is situated at Johann-Neulinger-Platz 32, 7229 , in Litscahu. To connect with our Information contact point call 001-883-421-4756x8056, send a fax to 001-8898320-4978x96373, reach out via email at Robinson.Midwiiery@dept.healthcare.org. The staff here is happy to help .",1f217475-66f0-4769-8909-c1ba18fa5472,ea4f44cf-eafd-480b-9ec8-633fb73888a4,42f81126-6c2c-40a7-a4e9-031675f80092,a59cec98-126c-4c8f-b888-447911ebcd49,"address: country, contact: [availableLanguage]"
"The Breathing Support at R Montoya and Walters Gesundheitszentrum is situated at 3867 , in Vils, Austria. To connect with our Appointments contact point call +1-438-533-7131, send a fax to +1-298-796-9647, reach out via email at Robijson.Respiratory@dept.healthcare.org. The staff here is happy to help .",c9d4e1bb-c4d3-4ec2-baf3-d90e586a7302,60c36cdd-9937-4592-985a-eb983d9f3e80,d41cc2bc-e335-4f8b-91d5-6acf680fe5e2,a59cec98-126c-4c8f-b888-447911ebcd49,"address: text, contact: [availableLanguage]"
"The Pregnancy Care at R Montoya and Walters Gesundheitszentrum is situated at Raphael-Lengauer-Platr 79, in Wilhelmsburg, AT. To connect with our Emergency contact point call 309.544.6541x9175, send a fax to (463)307-4285, reach out via email at Robinson.Obstttric@dept.healthcare.org. The staff here is happy to help .",aef82d2e-51f8-4e44-924b-ba5b82042c0b,d35f581e-3648-431f-ae9e-8d0384983111,74286356-3c91-4458-a4b2-7e8301cbd9c2,a59cec98-126c-4c8f-b888-447911ebcd49,"address: postalCode, contact: [availableLanguage]"
"The Neurologisch at R Montoya and Walters Gesundheitszentrum is situated at 6840, in iLenz, Austria. To connect with our Emergency contact point call (771)442-8397, send a fax to 001-929-864-3122. The staff here is happy to help in ['de'].",09cef0ea-d6ca-4f41-adf1-fe3fefd9373e,b9c4abb6-a6a9-4aab-ac81-1d57b2835bff,091523be-650f-4375-a0fc-01e2bcd635cc,a59cec98-126c-4c8f-b888-447911ebcd49,"address: text, contact: [email]"
"The Chirurgisch at R Montoya and Walters Gesundheitszentrum is situated at 9956, in Pegr, AT. To connect with our Emergency contact point reach out via email at Robinson.Surgical@dept.healthcare.org. The staff here is happy to help in ['de', 'en'].",93c3150d-77c3-404f-9f7a-46b8450000a1,853a9135-3ee2-451b-be88-c93319db1d7b,b5eca796-dc5f-4db7-87b5-2a8b0af01e69,a59cec98-126c-4c8f-b888-447911ebcd49,"address: text, contact: [fax, phone]"
"The Pregnancy Care at R Montoya and Walters Gesundheitszentrum is situated at 5842 , in Schrattetnhal, AT. To connect with our Staff contact point call 566-904-3519x238, send a fax to 304-969-8825x98634, reach out via email at Robinson.Obstetric@dept.healthcare.org. The staff here is happy to help .",3ca58162-4509-47a7-a2bc-5350a627e31d,faa83536-d3d7-49d5-a430-1b871322439a,5536212a-58d7-46da-8f01-3f4e73961f8e,a59cec98-126c-4c8f-b888-447911ebcd49,"address: text, contact: [availableLanguage]"
"The Nieren at R Montoya and Walters Gesundheitszentrum is situated at Katharina-Foidl-Straße 113, 8973, in Kindbegr. To connect with our Emergency contact point reach out via email at Rnbinson.Renal@dept.healthcare.org. The staff here is happy to help in ['German'].",56c16359-352f-4341-83fa-a677b1a8e5c6,a4b0c73b-f74e-41a1-a2e5-b72606b9370b,c6d82ceb-a1ac-4d49-8d4d-daab72824622,a59cec98-126c-4c8f-b888-447911ebcd49,"address: country, contact: [fax, phone]"
"The Radiograafia at M Gonzalez and Howard Tervisekeskus is situated at 82891, in Toomasville, Estonia. To connect with our Emergency contact point send a fax to (591)818-7210x867, reach out via email at Mcneil.Radiography@dept.healthcare.org. The staff here is happy to help in ['Estonian'].",6bfed001-18bc-4a21-b887-d3e9a3171056,eb9fc88e-b877-4b59-9f3d-a6ae5295dcaf,c784499d-6909-4290-9496-a305314a332e,8b5885ca-0bb2-43f0-bd30-291a55fea08e,"address: text, contact: [phone]"
"The Dieedi toitumine at M Gonzalez and Howard Tervisekeskus is situated at Klaai Pine 145, 77679, in Lake Kristiinaburgh. To connect with our Staff contact point call 9156573359, send a fax to +1-527-060-1015. The staff here is happy to help .",c736e166-8042-402f-9d73-22518b763f63,ad82e067-ab35-4414-8ed2-b26b1fda2e53,24fa9196-f801-4987-8008-cccf565e5ae7,8b5885ca-0bb2-43f0-bd30-291a55fea08e,"address: country, contact: [availableLanguage, email]"
"The Optomeetriline at M Gonzalez and Howard Tervisekeskus is situated at 83054, in Anneville, Estonia. To connect with our Referrals contact point call (274)327-9086, send a fax to 741-463-4677. The staff here is happy to help in ['et', 'en'].",02246f10-ce65-4211-a3c9-c8d76ceb1865,1c7bc6c8-d62f-4e8c-abca-09663eef04eb,2a630fd1-71cf-439d-aa1f-ff41af1b7013,8b5885ca-0bb2-43f0-bd30-291a55fea08e,"address: text, contact: [email]"
"The Plastiline kirurgia at M Gonzalez and Howard Tervisekeskus is situated at Kuus Passage 1B, in Võsubury, EE. To connect with our Emergency contact point send a fax to 4172823695, reach out via email at Mcneil.Plastic@dept.healthcare.org. The staff here is happy to help .",778d028c-e45e-45b9-a9f8-2b8b7dd5d97e,da595d3e-a0fe-4e1b-b910-18255057df41,e16e3336-77b1-4e21-bccc-c53ac36a4162,8b5885ca-0bb2-43f0-bd30-291a55fea08e,"address: postalCode, contact: [availableLanguage, phone]"
"The Child Health at M Gonzalez and Howard Tervisekeskus is situated at 36650, in Kütttown, Estonia. To connect with our Emergency contact point call 001-286-594-3160x875, send a fax to +1-846-578-4101x566, reach out via email at Mcneil.qediatric@dept.healthcare.org. The staff here is happy to help .",6689ef79-f8c3-4461-bc15-b016487eb3df,21ab9e3d-fdf4-4f09-bd87-d79311705ee3,84ddf869-b816-4f1a-9677-013ba8e19b83,8b5885ca-0bb2-43f0-bd30-291a55fea08e,"address: text, contact: [availableLanguage]"
"The Optomeetriline at M Gonzalez and Howard Tervisekeskus is situated at Jefimop Locks 88, in Lake aMtiport, EE. To connect with our Referrals contact point send a fax to 313-453-609552271, reach out via email at Mcneil.Optometric@dept.healthcare.org. The staff here is happy to help .",3a94f14b-0830-4ee6-9a9c-1d73f173d2fe,eafe0d1f-6e79-4d5f-9314-70c8acb14314,eb5d11e8-b6d2-4ba9-a517-3d1cf7fc0bd9,8b5885ca-0bb2-43f0-bd30-291a55fea08e,"address: postalCode, contact: [availableLanguage, phone]"
"The Podiatrisch at Peck LLC Zorg is situated at Elizelaan 2, 2167 YB, in Rien. To connect with our Referrals contact point reach out via email at Peqk.Podiatric@dept.healthcare.org. The staff here is happy to help in ['nl', 'en'].",ab46afee-8898-4682-a096-8f2106e090ea,1ae3237f-aa88-4965-9654-7b4d317588ff,7df8b7f0-44a1-44d0-96df-fc21b1c2ed56,27d99a23-e4f7-425e-afe6-790abc18a40b,"address: country, contact: [fax, phone]"
"The Spraakpathologie at Peck LLC Zorg is situated at Lucashof 89-1, in Beisndorp, NL. To connect with our Staff contact point reach out via email at Pech.Speech@dept.healthcare.org. The staff here is happy to help in ['nl', 'en'].",edabf3d2-53e4-4dd3-ae51-bca044c0a5ed,15f82b2f-bc89-4faf-8cf4-627782dcf736,80082244-1ac5-443b-b7dd-3c21e618d25d,27d99a23-e4f7-425e-afe6-790abc18a40b,"address: postalCode, contact: [fax, phone]"
"The Anesthesie at Peck LLC Zorg is situated at 3352 ZE, in Den Dunegn, NL. To connect with our Emergency contact point send a fax to (0991)-163416, reach out via email at Peck.Anesthesia@dept.healthcare.org. The staff here is happy to help in ['nl', 'en'].",955e988d-f24b-4d76-a07f-949ef11e71ae,100cfe80-2132-4c24-81b3-77bd59eae69a,66ab247a-75fe-400c-8407-32b4ef1772f4,27d99a23-e4f7-425e-afe6-790abc18a40b,"address: text, contact: [phone]"
"The Bone & Joint Clinic at Peck LLC Zorg is situated at 9549 RA, in oLsser, Netherlands. To connect with our Staff contact point call +3118 9245773, send a fax to +31(0)29-9252052, reach out via email at Peck.Musculoskeletal@dept.healthcare.org. The staff here is happy to help .",9b3e6605-5083-4669-836c-d6021a54acb2,e31b328e-3a32-4205-9e26-b29d8615ad73,a7486875-29bd-4604-bed2-7848c6950d85,27d99a23-e4f7-425e-afe6-790abc18a40b,"address: text, contact: [availableLanguage]"
"The Besmettelijk at Peck LLC Zorg is situated at Kyaraweg 147B, in Kattendijke, NL. To connect with our Staff contact point call +31913-064853. The staff here is happy to help in ['Dutch'].",57e061c6-0494-405d-b194-a9f14114fa10,b2b5591a-9d7f-442b-85e2-b0787a3e9905,49556582-7e54-4d03-aef4-2592ec1c6fe4,27d99a23-e4f7-425e-afe6-790abc18a40b,"address: postalCode, contact: [fax, email]"
"The Neurologisch at Peck LLC Zorg is situated at Kikipad 130, 8908 UH, in iMll. To connect with our Appointments contact point call +31(0)984-690815. The staff here is happy to help in ['Dutch', 'English'].",15362c1f-90b3-49d9-bf0a-837a3e0f7488,f2aaaaf0-e8eb-4ae2-9bc1-c77afa29fad9,047595fb-338b-4372-a00c-ea03b7d52dce,27d99a23-e4f7-425e-afe6-790abc18a40b,"address: country, contact: [fax, email]"
"The Radiografie at Peck LLC Zorg is situated at Félinewep 114, 5994 VN, in Hoofddorp. To connect with our Information contact point reach out via email at Pejk.Radiography@dept.healthcare.org. The staff here is happy to help in ['Dutch', 'English'].",5041b3d0-8950-4262-a797-765abc854e3f,054efa50-4962-473b-a0f9-986ab2363b7e,a1fa46f3-4668-4cdd-b5f9-8f4110a15299,27d99a23-e4f7-425e-afe6-790abc18a40b,"address: country, contact: [fax, phone]"
"The Joint & Immune Clinic at Peck LLC Zorg is situated at Lexdreef 34, 1278TQ, in Uithuizermeeden. To connect with our Appointments contact point call +319964776098. The staff here is happy to help in ['Dutch', 'English'].",754151b0-0cdf-420e-81e7-5ade858e8dfb,3b6b8130-f687-4f7a-b683-4a01bdb5ff1d,0aa1ee6f-1b04-4aa4-a3f3-3d5519248947,27d99a23-e4f7-425e-afe6-790abc18a40b,"address: country, contact: [fax, email]"
"The Pathologie at Allen Ltd Zrog is situated at Rensring 147-1, in Achterevld, NL. To connect with our Information contact point call +31(0)153 066453, send a fax to (099) 9073842. The staff here is happy to help .",3b4590c6-7380-427c-af25-a8cdde699e1e,44cfc3ca-c3fa-4764-9fd8-a0ca3b036dfd,5aa970d9-801a-4ff7-a6cd-d662c4e813db,52ebdac5-a145-4899-a1f8-c1569e0df45b,"address: postalCode, contact: [availableLanguage, email]"
"The Kidney Health at Allen Ltd Zrog is situated at Sennaring 75, 3698 CH, in Beilne. To connect with our Staff contact point reach out via email at Allek.Renal@dept.healthcare.org. The staff here is happy to help in ['Dutch', 'English'].",4a082de7-4f6d-4f01-b0dc-2737db807618,2542cff6-0710-41c5-802e-3a7aa1515f1e,cec1871a-b5c8-4060-89c7-35079d592a7b,52ebdac5-a145-4899-a1f8-c1569e0df45b,"address: country, contact: [fax, phone]"
"The Digestive Health at Allen Ltd Zrog is situated at Nikkiweg 141A, 8883 YA, in Dearsum. To connect with our Emergency contact point call +31(0)872-201716. The staff here is happy to help in ['Dutch', 'English'].",0d0fbbe9-6b7d-4713-8ba1-527dad7114db,335be677-df1b-425e-af66-be879a4c2227,d24f6919-7d1d-439e-b453-6a9b7ecbcd45,52ebdac5-a145-4899-a1f8-c1569e0df45b,"address: country, contact: [fax, email]"
"The Spraakpathologie at Allen Ltd Zrog is situated at 4179 IJ, in Garsthuizen, NL. To connect with our Staff contact point call +31747 877914, send a fax to (0675) 727514. The staff here is happy to help in ['Dutch'].",9641af55-358d-4639-90bf-babda5d649dc,970ea1aa-c76f-48ae-adf3-d0246f88c633,7e39fd94-f850-4bec-a7f5-794c007ea2cb,52ebdac5-a145-4899-a1f8-c1569e0df45b,"address: text, contact: [email]"
"The Child Health at Allen Ltd Zrog is situated at 6941 VQ, in lEburg, NL. To connect with our Information contact point call (0874)-206546, send a fax to 000 3615679. The staff here is happy to help .",f0c53802-4474-4ac6-9df7-327635ba9da1,df66946a-0116-4168-bac8-a7602d5df04a,c47090c6-bad8-4464-959b-0d078f022246,52ebdac5-a145-4899-a1f8-c1569e0df45b,"address: text, contact: [availableLanguage, email]"
"The General Practice at Ibarra PLk Zorg is situated at 1088FP, in Ameide, NL. To connect with our Emergency contact point call (0338) 006752, send a fax to +31090 036407. The staff here is happy to help in ['nl'].",19b5024c-eee2-4362-8ccb-cb6e42e14ce9,700e6a4f-2543-43f8-b349-f09340601a0d,28986430-fabd-4787-bd5a-95ecc315c8b0,06d2ed7c-e6ac-4d8a-8160-ff927c7550f2,"address: text, contact: [email]"
"The Gynaecologisch at Ibarra PLk Zorg is situated at 3670 EC, in Wilp, NL. To connect with our Staff contact point reach out via email at Ibarrk.Gynecologic@dept.healthcare.org. The staff here is happy to help in ['nl'].",d1da4bba-1ed9-4ae6-a5f4-4940f5114a9a,a7fd116e-d8f5-417f-85bd-ca63a100ba8f,88bf1035-d8cf-4d5c-b35c-f88bfae203e1,06d2ed7c-e6ac-4d8a-8160-ff927c7550f2,"address: text, contact: [fax, phone]"
"The Optometrisch at Ibarra PLk Zorg is situated at Dewilaan 36, in Hantumeruitburen, NL. To connect with our Staff contact point call (000) 0035114, send a fax to 0701-634499. The staff here is happy to help in ['Dutch', 'English'].",bdfdb88e-ae4f-40d7-bad0-e4d2f9dbd648,929c8ac4-bf28-40fb-a8cb-2f6eee5e256e,50bbd1c7-f01c-4cc7-bb87-c961fa17e092,06d2ed7c-e6ac-4d8a-8160-ff927c7550f2,"address: postalCode, contact: [email]"
"The Endocrijns at Ibarra PLk Zorg is situated at Rikpan 149, 6850ER, in Dirksland. To connect with our Referrals contact point call 054-0275361, send a fax to +31(0)58-1259381. The staff here is happy to help in ['nl', 'en'].",8034f222-b4a4-45c3-b4dc-5b1949523e70,eae9c546-446c-4893-89d3-cdb9ebb9aa72,689f2d23-100a-4f24-8dd1-5beb5d98abc9,06d2ed7c-e6ac-4d8a-8160-ff927c7550f2,"address: country, contact: [email]"
"The Spraakpathologie at Ibarra PLk Zorg is situated at 5830 BU, in Opende, Netherlands. To connect with our Emergency contact point send a fax to +3156 6532566, reach out via email at Ibarra.Splech@dept.healthcare.org. The staff here is happy to help .",483b7b7f-e2b1-46c9-8f2f-bda2b50ad6d5,f67d2311-33a8-49fd-9091-6a5f97ad1730,e9e1a3d1-1a12-4068-815c-77ed779571dd,06d2ed7c-e6ac-4d8a-8160-ff927c7550f2,"address: text, contact: [availableLanguage, phone]"
"The Neurologisch at Ibarra PLk Zorg is situated at 6081 ZG, in Hairnghuizen, Netherlands. To connect with our Staff contact point call +31(0)119-890522, reach out via email at Ibagra.Neurologic@dept.healthcare.org. The staff here is happy to help in ['nl'].",76c6bf55-a9b9-42bc-a350-0fcaad785312,317f1e9b-2ee6-416d-b51e-7fc8d6ab5c68,da47b8f9-cee4-4404-9648-1f4b0c747a90,06d2ed7c-e6ac-4d8a-8160-ff927c7550f2,"address: text, contact: [fax]"
"The Optometrisch at Ibarra PLk Zorg is situated at Morrisboulevard 110, 6368NR, in Emmeloodr. To connect with our Information contact point call (01451 901789, send a fax to (001) 7131339, reach out via email at Ibarra.Optometric@dept.healthcare.org. The staff here is happy to help .",01df3805-5f18-4cea-9b28-9a8432a88b74,b41fdcad-e36a-4265-ae51-686507afe1c5,5351c342-5b7c-48ed-b239-6f882516de06,06d2ed7c-e6ac-4d8a-8160-ff927c7550f2,"address: country, contact: [availableLanguage]"
"The Long- at Ibarra PLk Zorg is situated at Olafstraat 113B, 6617 WI, in Lutjebroek. To connect with our Staff contact point call +31(0)778 505017. The staff here is happy to help in ['Dutch'].",91340a41-9333-4293-ba04-a0d5d997e4bf,69259d81-2a2e-4ea7-9834-aeaf0f332bab,6efeb18f-aaa6-4ef9-bbb6-ba4c140ab78e,06d2ed7c-e6ac-4d8a-8160-ff927c7550f2,"address: country, contact: [fax, email]"
"The Bone & Joint Clinic at Griffin, Ross and Saunders Zorg is situated at Ravisteeg 77, in Den Hoorn, Netherlands. To connect with our Appointments contact point call (6806) 446410, reach out via email at Griffin.Muscvloskeletal@dept.healthcare.org. The staff here is happy to help in ['nl'].",a97e76ef-ebef-4ae1-89c3-a12df0bed3ed,5f7e3898-2ddb-4eff-9da7-2833e1bfbdfa,4f5ab827-3b33-445b-952b-c38cce0790d7,c058a332-b4cf-4fa8-ac98-f73d27fe1b4b,"address: postalCode, contact: [fax]"
"The Ademhalingstherapie at Griffin, Ross and Saunders Zorg is situated at 1048 FS, in Goënag, NL. To connect with our Information contact point call (051) 3322487, reach out via email at Griffin.Reypiratory@dept.healthcare.org. The staff here is happy to help in ['Dutch'].",6e323ff4-c345-495e-b8fa-29e6831520ca,9883502e-7f32-4e78-a7fe-651efd8c2a6f,8dfc0cb0-dc97-4aec-8fac-816ce2d371cc,c058a332-b4cf-4fa8-ac98-f73d27fe1b4b,"address: text, contact: [fax]"
"The Mental Health at Griffin, Ross and Saunders Zorg is situated at Hannalaan 34, 9767 IG, in Oudeomlen. To connect with our Information contact point call (0904) 980790, send a fax to +31(0799-2009421. The staff here is happy to help .",5516c1a6-45d3-4a2c-8826-8550d171a798,b31190b6-21e4-4b25-adb2-bb78765d13de,68aeb048-72ec-4932-a075-44b56eb7b98b,c058a332-b4cf-4fa8-ac98-f73d27fe1b4b,"address: country, contact: [availableLanguage, email]"
"The Ademhalingstherapie at Griffin, Ross and Saunders Zorg is situated at Emirrinp 54, in nAerveen, NL. To connect with our Referrals contact point call (029) 7657829, send a fax to +3147 9128838, reach out via email at Griffin.Respirftory@dept.healthcare.org. The staff here is happy to help .",690aae3f-ade5-4235-84d4-09975748c032,c04bd397-54a9-4898-bcb7-b35d68298389,d7c5a147-ebd2-452e-b18f-3aee34a25626,c058a332-b4cf-4fa8-ac98-f73d27fe1b4b,"address: postalCode, contact: [availableLanguage]"
"The Plastische chirurgie at Griffin, Ross and Saunders Zorg is situated at 3393KY, in Zandopl, NL. To connect with our Referrals contact point call +31(0)325 583390, send a fax to (7875) 267737, reach out via email at Griffin.Plastic@dept.healthcare.org. The staff here is happy to help .",4d543a0e-b3e5-47e4-a261-a3d28bdbf1f8,25b09e48-1ca1-4fa7-83b8-bbaa7e24238e,46c91999-4187-4dc0-aa20-ccea22e87c8d,c058a332-b4cf-4fa8-ac98-f73d27fe1b4b,"address: text, contact: [availableLanguage]"
"The Toxicologisch at Griffin, Ross and Saunders Zorg is situated at Lottering 12, in Hoogmade, NL. To connect with our Referrals contact point call +31(0)378 208287, send a fax to +31(0)032 390557. The staff here is happy to help .",5447353b-c9dc-4fb4-b567-7aaf4f462933,45baf444-bb7e-41bf-9b2f-fda39f013834,c40421fb-18fb-4f2c-9602-a43750ea62aa,c058a332-b4cf-4fa8-ac98-f73d27fe1b4b,"address: postalCode, contact: [availableLanguage, email]"
"The Ademhalingstherapie at Griffin, Ross and Saunders Zorg is situated at Michaelweg 27, in oWltersum, NL. To connect with our Emergency contact point call +31956-180289, reach out via email at Griffii.Respiratory@dept.healthcare.org. The staff here is happy to help in ['nl', 'en'].",0f32e315-7a2b-45d6-926d-076cd58cf189,b098a39f-12e9-43c1-a33a-812367ac9755,9e3589b2-eb14-4394-bd70-57fbc7caa96b,c058a332-b4cf-4fa8-ac98-f73d27fe1b4b,"address: postalCode, contact: [fax]"
"The Anesthesie at Griffin, Ross and Saunders Zorg is situated at Stanpad 81, 1567 IW, in IJsslestein. To connect with our Staff contact point call +31(7)049 493858. The staff here is happy to help in ['Dutch'].",54496139-add6-4d20-93f3-f048d814a978,fbfa7549-13ee-4ee8-950e-18400e60f583,91db735e-dc21-43e8-902e-4f400a013a86,c058a332-b4cf-4fa8-ac98-f73d27fe1b4b,"address: country, contact: [fax, email]"
"The Joint & Immune Clinic at Griffin, Ross and Saunders Zorg is situated at Pienweg 7, in Loon, Netherlands. To connect with our Information contact point call +31(0)20-1238274, reach out via email at Griffin.Rheumatologic@dept.healthcare.org. The staff here is happy to help in ['nl', 'en'].",e675e7e7-f848-419a-91fa-1e143cde8704,db03dadf-a10f-4588-b1e1-9146f654f453,e1f51fdc-c203-453a-8b78-44b004747134,c058a332-b4cf-4fa8-ac98-f73d27fe1b4b,"address: postalCode, contact: [fax]"
"The Dieetvoeding at Griffin, Ross and Saunders Zorg is situated at Corneliahov 35, 2967UN, in Snakkerburen. To connect with our Emergency contact point call +31(0)339 698220, send a fax to (019) 1391103, reach out via email at Grlffin.Diet@dept.healthcare.org. The staff here is happy to help .",56123a73-379e-44d2-a764-10c23f6b772a,055c64dd-e478-40a6-9368-e0d60b46b634,b11826f6-66c3-400c-9cae-80b846695f55,c058a332-b4cf-4fa8-ac98-f73d27fe1b4b,"address: country, contact: [availableLanguage]"
"The Plastische chirurgie at Figueroa-Storng Zorg is situated at Jesselaan 86B, in Oosterland, Netherlands. To connect with our Referrals contact point call +3118 3273954, reach out via email at FigueroaStrong.Plastic@dept.healthcare.org. The staff here is happy to help in ['nl'].",94307158-03cd-4178-b578-b202a834a79f,c78ad66d-4a9b-4c00-992e-dd37379c05da,77059fa8-56be-4bee-a67c-4de762f8d20a,71a8c9c6-0f6a-475b-b55b-2e5ca6ed0ac0,"address: postalCode, contact: [fax]"
"The Urologisch at Figueroa-Storng Zorg is situated at Timboulevard 130A, in uLnteren, NL. To connect with our Emergency contact point call +31076 342977, send a fax to +31568 477759, reach out via email at FigueroaStrong.Urologic@dept.healthcare.org. The staff here is happy to help .",1d60ee66-1540-42f1-8f22-070ded39abe0,b366dcbc-abbf-4882-affa-0875e4a7c828,c46e1738-790b-4990-a428-da2ed8900991,71a8c9c6-0f6a-475b-b55b-2e5ca6ed0ac0,"address: postalCode, contact: [availableLanguage]"
"The Genetisch at Figueroa-Storng Zorg is situated at Tijnboulevard 98, in Deursen-Dennenburg, NL. To connect with our Emergency contact point call +31(0)26 8525237, send a fax to +31(0)215-071250, reach out via email at FigueroaStrong.Genetic@dept.healthcare.org. The staff here is happy to help .",4c8909e3-1d54-4d05-b0de-ca69debcb6d2,d693bf11-7721-4931-9734-2123e3ed9637,8a8ed273-ece1-4e8b-85cc-70a1a49266c9,71a8c9c6-0f6a-475b-b55b-2e5ca6ed0ac0,"address: postalCode, contact: [availableLanguage]"
"The Long- at Figueroa-Storng Zorg is situated at Elizawez 94, in Meerssen, Netherlands. To connect with our Referrals contact point call 04692145886. The staff here is happy to help in ['nl', 'en'].",6c77700a-55d6-4f9b-85b0-3a351c16dc39,35152cba-ec4f-46ab-aa07-cfddee9cee1f,8e95ef6a-b675-4f65-b8e1-c5e6648b1a36,71a8c9c6-0f6a-475b-b55b-2e5ca6ed0ac0,"address: postalCode, contact: [fax, email]"
"The Kidney Health at Figueroa-Storng Zorg is situated at Maritboulevard 50, in Eppenhuizen, Netherlands. To connect with our Emergency contact point send a fax to +31(0)32-7421922, reach out via email at FigueroaStrong.Renal@dept.healthcare.org. The staff here is happy to help in ['Dutch'].",ec319b23-c7ff-4268-b14b-bea9404f72f3,d2865c01-77f7-4d19-8ee5-ddf0d996f125,6db16e7a-23e0-484e-bc30-9d334ea8c3b1,71a8c9c6-0f6a-475b-b55b-2e5ca6ed0ac0,"address: postalCode, contact: [phone]"
"The Heart & Vascular Center at Figueroa-Storng Zorg is situated at 6614 ID, in Leons, NL. To connect with our Staff contact point call 049 7612933, reach out via email at FigueroaStrong.Caraiovascular@dept.healthcare.org. The staff here is happy to help in ['Dutch'].",5b30f894-8122-408e-b24f-550f4e7aef59,93a7468c-10c1-4f57-bed6-8dc13265b5b3,fef5a551-87a9-4185-9166-465bb0464634,71a8c9c6-0f6a-475b-b55b-2e5ca6ed0ac0,"address: text, contact: [fax]"
"The Noodgeval at Figueroa-Storng Zorg is situated at Robinsteeg 109B, in Rottum, Netherlands. To connect with our Referrals contact point call (0089) 969726, send a fax to +31292 092965. The staff here is happy to help in ['Dutch', 'English'].",a9c0fdec-6c25-4ad6-9dcc-668fa4007b48,94e5efab-8e36-47af-b1c2-d7b2ed384c44,6278f95a-7438-4b47-aa83-c504ebbc854b,71a8c9c6-0f6a-475b-b55b-2e5ca6ed0ac0,"address: postalCode, contact: [email]"
"The Medication Services at Figueroa-Storng Zorg is situated at Silstraav 6, in Riethoven, Netherlands. To connect with our Staff contact point call 0978 055579, send a fax to 098-1012243, reach out via email at FigueroaStrong.Pharmacy@dept.healthcare.org. The staff here is happy to help .",f117f274-1840-4ff8-966d-a609aa80ddfc,f01688e4-b43b-4ab8-802b-7d666abb6f15,15f66e23-75e6-43b6-b952-7fba397ce787,71a8c9c6-0f6a-475b-b55b-2e5ca6ed0ac0,"address: postalCode, contact: [availableLanguage]"
"The Community Wellness at P Murphy and Brooks Gesundheitszentrum is situated at Gärtnerstr. 91B, 8549 , in Dürnstein. To connect with our Appointments contact point call +1-461-788-8173, send a fax to 001-529-904-6603x8172. The staff here is happy to help .",b9be64e1-b08d-4f95-8d8f-1e8bcac8d101,358d3e42-ed1e-454f-9fb7-86f4f61ed233,11d0fd54-750e-41b1-997e-b2fc26fc574c,9db3466d-1ba6-4c61-aaf9-4919e69b7971,"address: country, contact: [availableLanguage, email]"
"The Geburtshilfe at P Murphy and Brooks Gesundheitszentrum is situated at Engelring 10B, 8231 , in Amstetten. To connect with our Appointments contact point send a fax to (862)712-1753x9241, reach out via email at Parker.Midwifery@dept.healthcare.org. The staff here is happy to help in ['German', 'English'].",fc1f14ac-a6bb-429a-8a6e-e1d2b7815143,62fe8d68-95f4-4a1f-a1d2-92ab36f4851f,16b9315a-eea6-4d23-aaf3-913e301c8730,9db3466d-1ba6-4c61-aaf9-4919e69b7971,"address: country, contact: [phone]"
"The Infection Control at P Murphy and Brooks Gesundheitszentrum is situated at Alexa-Grassl-Straße 18, 6073 , in Schärding. To connect with our Referrals contact point call 646.246.0066, send a fax to (410)919-0400x6898. The staff here is happy to help in ['de', 'en'].",1745c170-d7bc-4fdf-8948-aff1182e1a8e,98e63241-243f-4229-ace4-8fdc68d60b08,3d550d82-be18-4b30-93b7-9970dd8159b8,9db3466d-1ba6-4c61-aaf9-4919e69b7971,"address: country, contact: [email]"
"The Herz -Kreislauf at P Murphy and Brooks Gesundheitszentrum is situated at Anabella-Hartl-Gasse 91A, 1357 , in Mattighofen. To connect with our Appointments contact point send a fax to 001-876-452-0336, reach out via email at Parker.Cardiovascular@dept.healthcare.org. The staff here is happy to help in ['de', 'en'].",7d79ab44-c633-4f19-9958-07d2be77e40e,bc67b332-a89d-4114-9841-c24912882f60,cb628a19-a79e-431f-86ad-ad4a37c6c427,9db3466d-1ba6-4c61-aaf9-4919e69b7971,"address: country, contact: [phone]"
"The Pädiatrisch at P Murphy and Brooks Gesundheitszentrum is situated at Luisa-Stöckl-Ring 60A, in Viotsberg, AT. To connect with our Information contact point call 856.355.2593, send a fax to (798)893-4029x4558. The staff here is happy to help .",711f02ac-e905-4731-bd38-7e53f882006a,6a2ca004-0465-46d5-a086-f2af3059c498,a76f80a9-1db9-4322-ad85-ceb25291b049,9db3466d-1ba6-4c61-aaf9-4919e69b7971,"address: postalCode, contact: [availableLanguage, email]"
"The Pregnancy Care at P Murphy and Brooks Gesundheitszentrum is situated at Anabella-Klug-Ring 92A, 3169 , in Lagnenlois. To connect with our Staff contact point call +1-315-449-0142x7441, send a fax to 001-711-383-9028, reach out via email at Parker.Oustetric@dept.healthcare.org. The staff here is happy to help .",c17c1820-23f6-40e8-8978-25ad137e21d5,09fa0833-e2fe-46d1-8b64-acd73331cc05,b00fecf4-d53a-4c3a-83ff-0b3a5380531c,9db3466d-1ba6-4c61-aaf9-4919e69b7971,"address: country, contact: [availableLanguage]"
"The Optometrisch at P Murphy and Brooks Gesundheitszentrum is situated at Anna-Maria-Nussbaumer-Straße 19, in Lnagenlois, AT. To connect with our Emergency contact point reach out via email at Parker.Optometric@dept.healthcare.org. The staff here is happy to help in ['de', 'en'].",ad21e2ab-aac3-4d22-bbb4-7ebfce0efed3,3e903735-4716-4271-b69c-39b9a73d23a6,c23ce929-89bc-44b6-9da4-01e9b331cf4d,9db3466d-1ba6-4c61-aaf9-4919e69b7971,"address: postalCode, contact: [fax, phone]"
"The Patient Care at P Murphy and Brooks Gesundheitszentrum is situated at Beatrice-Aschauer-Gassm 40, in Frauenkirchen, Austria. To connect with our Appointments contact point call (859)381-9675x49717, send a fax to (314)574-2692x96322. The staff here is happy to help in ['German', 'English'].",4c407098-5dd6-4593-b1f2-c908e38dbb7e,425aaf83-4eaa-4a65-942f-4290d7bda791,e354f6ae-6d19-4acc-9167-c254a9800a11,9db3466d-1ba6-4c61-aaf9-4919e69b7971,"address: postalCode, contact: [email]"
"The Pathologie at P Murphy and Brooks Gesundheitszentrum is situated at Zimmermannstr. 33, in Oberpullendrof, Austria. To connect with our Information contact point send a fax to 001-383-914-1966, reach out via email at Parker.Pathology@dept.healthcare.org. The staff here is happy to help .",ca9553d2-44e8-4777-83b2-67e216396b7a,47006868-578e-451a-8a99-908598f1d552,8e13c327-b461-4c8f-ae16-25f34b4444b5,9db3466d-1ba6-4c61-aaf9-4919e69b7971,"address: postalCode, contact: [availableLanguage, phone]"
"The Heart & Vascular Center at D Guerrero and Simpson Zorg is situated at 7340 LP, in Geldrp, Netherlands. To connect with our Appointments contact point call (522)-5402417, send a fax to (063) 7805164. The staff here is happy to help .",eda0f2f3-10fd-41ca-941a-7e9c915ad4d1,269dc3b6-c740-43ac-b14f-7e995a24e786,367cf088-7f4a-41b5-a72f-abab25edfea9,92d6ff73-5b3a-4595-8458-92c14e0e15d3,"address: text, contact: [availableLanguage, email]"
"The Child Health at D Guerrero and Simpson Zorg is situated at 9055 LG, in Ulrum, Netherlands. To connect with our Emergency contact point call +31(0)54 8182562, reach out via email at Delgado.Pediatric@dept.healthcare.org. The staff here is happy to help in ['nl'].",1f1472db-c7ff-4f21-8839-e2b5409d108c,5768ba9a-1fa9-4bd6-af25-cbe207fe7ec8,af2dd8f0-1d19-4eec-929f-efba97bf86b3,92d6ff73-5b3a-4595-8458-92c14e0e15d3,"address: text, contact: [fax]"
"The Tandheelkunde at D Guerrero and Simpson Zorg is situated at Aydendreef 123A, in Akersloot, Netherlands. To connect with our Emergency contact point reach out via email at Delgado.Dentistmy@dept.healthcare.org. The staff here is happy to help in ['Dutch'].",92eb4614-4b4f-4248-8e49-720d2225137e,71494031-67ef-4e9e-803f-00347399a177,51b0a3c5-c9e7-4aba-b5da-3e50822bbc3d,92d6ff73-5b3a-4595-8458-92c14e0e15d3,"address: postalCode, contact: [fax, phone]"
"The Verzorging at D Guerrero and Simpson Zorg is situated at Chloélaan 150A, 9819 EB, in Abbenbroek. To connect with our Information contact point reach out via email at Delgado.Nursnng@dept.healthcare.org. The staff here is happy to help in ['Dutch', 'English'].",9505de76-3ae0-4936-8170-b9484f130b23,406ec398-9a4a-4a9c-a735-a17352ec0382,322515a5-3a89-491e-b7b9-387b677bd216,92d6ff73-5b3a-4595-8458-92c14e0e15d3,"address: country, contact: [fax, phone]"
"The Volksgezondheid at D Guerrero and Simpson Zorg is situated at Jortring 2B, in Eext, Netherlands. To connect with our Staff contact point send a fax to (0110) 438805, reach out via email at Delrado.Public@dept.healthcare.org. The staff here is happy to help .",101efc05-873e-40dd-bdcb-54acb369907d,9f78299c-b9a9-4a03-bf8d-c9f2e3a10464,0a4d3590-f9b4-4573-878a-2aafd8dc0cb1,92d6ff73-5b3a-4595-8458-92c14e0e15d3,"address: postalCode, contact: [availableLanguage, phone]"
"The Fysiotherapie at D Guerrero and Simpson Zorg is situated at Timosingel 89, 6328KH, in Warstiens. To connect with our Staff contact point call (0997)-391880, reach out via email at Delgcdo.Physiotherapy@dept.healthcare.org. The staff here is happy to help in ['nl', 'en'].",350b62e7-9712-41a9-aecb-26826fe47e69,eee13dc0-e1e4-49cf-8dba-6d8f7ab8572c,a0e33935-f515-49fd-b68b-604992edb418,92d6ff73-5b3a-4595-8458-92c14e0e15d3,"address: country, contact: [fax]"
"The Kidney Health at D Guerrero and Simpson Zorg is situated at Mathijsstraat 61, 8664 SC, in Ubbea. To connect with our Information contact point send a fax to +3164 0432692, reach out via email at Delgado.Renal@dept.healthcare.org. The staff here is happy to help .",827254df-3830-4e4b-83d4-540a526aea43,48d46113-b50a-4a15-a0ff-f2cb6857548c,07d9fab3-fccd-4ab0-b13b-40ac30cceeb3,92d6ff73-5b3a-4595-8458-92c14e0e15d3,"address: country, contact: [availableLanguage, phone]"
"The Mental Health at D Guerrero and Simpson Zorg is situated at Barthof 44, 6770LM, in Boekel. To connect with our Staff contact point call +1817 5703828. The staff here is happy to help in ['nl'].",fc961495-3051-4587-bec9-787d2a0f12d3,2985c817-a937-4c86-9f40-ec4712d527a0,8aa97d3f-bd63-47b3-9595-7c157d3e3711,92d6ff73-5b3a-4595-8458-92c14e0e15d3,"address: country, contact: [fax, email]"
"The Child Health at D Guerrero and Simpson Zorg is situated at 7443CE, in Tiel, NL. To connect with our Referrals contact point call +3117 6632510, send a fax to 0351-238604, reach out via email at Delgado.Pediatric@dept.healthcare.org. The staff here is happy to help .",12d06ce5-dff4-4562-8464-77d001f59b1c,c3629df7-6898-4668-9f18-1e4f394e61fe,4d668807-a68f-4bb3-8cb6-cfc37e49eb8d,92d6ff73-5b3a-4595-8458-92c14e0e15d3,"address: text, contact: [availableLanguage]"
"The Urologisch at Jordan, Jackson and Krame rZorg is situated at Wesselhof 101, in Norden, NL. To connect with our Information contact point call (0263) 334006, reach out via email at Jordan.Urologic@dept.healthcare.org. The staff here is happy to help in ['nl'].",a2ab116f-f0d6-4eb0-8629-9940a6a48f65,a775cc44-ee07-4366-8d2f-e15174c88f42,659185b7-664e-4107-99a6-f4165e66ddc3,037d9752-48f3-431c-8fb7-c3bb4408c04c,"address: postalCode, contact: [fax]"
"The Geriatrisch at Jordan, Jackson and Krame rZorg is situated at 4009 AY, in Weiteveen, NL. To connect with our Appointments contact point call (0028)-499243, reach out via email at Jordan.Geriatric@dept.healthcare.org. The staff here is happy to help in ['nl'].",7ffd5e75-5fee-4d78-8052-1e37dddfc648,f1521976-65d6-4b7f-8f9a-fd63236e747e,3b6f2ad2-6ec1-47b0-99bb-f03db6d06615,037d9752-48f3-431c-8fb7-c3bb4408c04c,"address: text, contact: [fax]"
"The Diagnostic Lab at Jordan, Jackson and Krame rZorg is situated at Merelring 6, in Ouderkerk aan den IJssel, Netherlands. To connect with our Information contact point reach out via email at Jordan.Laboratory@dept.healthcare.org. The staff here is happy to help in ['Dutch'].",29ae1d3a-2512-4961-880b-6a4cfcec2c1d,02299f58-9071-414d-b4f2-ba8e32fa6380,64a335b5-a973-439e-a2c9-b2627ed24723,037d9752-48f3-431c-8fb7-c3bb4408c04c,"address: postalCode, contact: [fax, phone]"
"The Diagnostic Lab at Jordan, Jackson and Krame rZorg is situated at Aiméesingel 113, 1419 XK, in Njeholtpade. To connect with our Information contact point call +31(0)27-0623981, send a fax to +10(8)038-448744, reach out via email at Jordan.Laboratory@dept.healthcare.org. The staff here is happy to help .",1e1eedd9-7b19-4256-8c44-605e8ccde8ad,a2c1e1d4-131b-4956-872a-5ac130c97d34,ea6d5565-3810-4725-952a-4ff52da4d7f2,037d9752-48f3-431c-8fb7-c3bb4408c04c,"address: country, contact: [availableLanguage]"
"The Digestive Health at Jordan, Jackson and Krame rZorg is situated at Evipad 110, in Zuidland, Netherlands. To connect with our Staff contact point call (9185)-554554, send a fax to +3178-3605561. The staff here is happy to help in ['nl'].",e5a2a4ef-a5fd-4acb-98a4-85f5a72125ce,f3e50e26-2e07-4578-8e4b-b53cf3dacf72,92738995-ca89-4d11-8646-356bc28611fd,037d9752-48f3-431c-8fb7-c3bb4408c04c,"address: postalCode, contact: [email]"
"The Neurologisch at Jordan, Jackson and Krame rZorg is situated at Ceylinsingel 98B, 3713 EU, in Heenliet. To connect with our Appointments contact point send a fax to +31821 463881, reach out via email at Jordan.Neurologic@dept.healthcare.org. The staff here is happy to help .",abe520ec-1fe1-49cd-8a54-e75953bdfba8,5a8fe4b2-8ffd-4977-85b8-93b04d36c61a,095e2e87-c893-485b-acbb-85648b3941d5,037d9752-48f3-431c-8fb7-c3bb4408c04c,"address: country, contact: [availableLanguage, phone]"
"The Women's Health at Kim-Todd Gesundheitszentrum is situated at Pascal-Krammer-Platz 68A, in Wilhelmsburg, Austria. To connect with our Referrals contact point send a fax to 535.296.8119x81658, reach out via email at KimTodd.Gynecologic@dept.healthcare.org. The staff here is happy to help in ['de', 'en'].",c21f2252-6321-4a69-b151-f48f111566e4,0e1cae7a-8122-4b3a-a0b8-024401e32354,d44b5548-066d-4e1e-a16b-347d9babbdab,30d6863f-11c2-42d8-8126-77895c6be596,"address: postalCode, contact: [phone]"
"The Elder Care at Kim-Todd Gesundheitszentrum is situated at Widhalmstr. 51, in Radstadt, AT. To connect with our Staff contact point call 001-227-059-6203x2026, send a fax to +1-479-558-2207. The staff here is happy to help in ['de', 'en'].",bf7b6b3c-b1ca-41c3-8061-d029cb1d6d78,c77239f2-2d47-40cc-a5c5-063d4c444d95,089f8b86-b99e-43e5-a908-a3aa20adb06e,30d6863f-11c2-42d8-8126-77895c6be596,"address: postalCode, contact: [email]"
"The Nieren at Kim-Todd Gesundheitszentrum is situated at Stockerstr. 105, 6380, in Gerasdorf bei Wien. To connect with our Referrals contact point send a fax to +1-895-289-3084x414, reach out via email at KimTodd.Renal@dept.healthcare.org. The staff here is happy to help .",de9ac8b8-640b-4b28-8322-b4ff856df911,8057b537-92ec-41d0-b2bb-8a67ec5b03af,31692d4e-9b24-4fa1-b264-5654489d80b6,30d6863f-11c2-42d8-8126-77895c6be596,"address: country, contact: [availableLanguage, phone]"
"The Geburtshilfe at Kim-Todd Gesundheitszentrum is situated at 2489, in Friedbrg, AT. To connect with our Information contact point send a fax to (952)259-3633, reach out via email at KcmTodd.Midwifery@dept.healthcare.org. The staff here is happy to help in ['de'].",57630d70-0eb7-4062-a807-74606da638b2,f95cad47-3b5a-4257-a195-ace68506d5ba,51c756d4-6dda-4925-86d2-5fcc6714224c,30d6863f-11c2-42d8-8126-77895c6be596,"address: text, contact: [phone]"
"The Neurologisch at Kim-Todd Gesundheitszentrum is situated at Annika-Schuler-Gasse 17, 8046, in Linz. To connect with our Information contact point send a fax to (486)630-9419, reach out via email at KimTodd.Neurologic@dept.healthcare.org. The staff here is happy to help .",ee3c763d-2997-4088-ba31-24df44f10516,022c88c0-b563-446c-9cbf-0c64c039c71e,749ef679-c161-4767-b28a-85434a974df5,30d6863f-11c2-42d8-8126-77895c6be596,"address: country, contact: [availableLanguage, phone]"
"The Volksgezondheid at Burch LL CZorg is situated at 8582AO, in Oudwoude, Netherlands. To connect with our Information contact point call (0097)-410786. The staff here is happy to help in ['nl'].",d49d81b9-54d5-4ee1-b160-77f5d07aae7f,4a8b2fae-6209-41c3-afb6-88bbe3a56430,52c71bbd-94b2-4c54-be2b-0f3a655ff99f,c7405255-25cf-41c4-9c89-929692b035e0,"address: text, contact: [fax, email]"
"The Bone & Joint Clinic at Burch LL CZorg is situated at Marinusstraat 115, in Bunschoten-Spakenburg, Netherlands. To connect with our Emergency contact point call (035) 7800046, send a fax to +10(8)40-2753275. The staff here is happy to help .",34eba27e-aac4-4839-a9d6-cff87b67e167,7c5246f1-8fe5-475b-b771-877e141e39e7,8a624be8-c7e2-4825-8fd2-64ff06fb6410,c7405255-25cf-41c4-9c89-929692b035e0,"address: postalCode, contact: [availableLanguage, email]"
"The Endocrijns at Burch LL CZorg is situated at 4372KD, in Pernis Rotterdam, NL. To connect with our Information contact point call +3152 2748501, reach out via email at Burch.Endocrine@dept.healthcare.org. The staff here is happy to help in ['Dutch', 'English'].",daacae0c-c983-43fa-9102-9ff49930036a,0e8cff18-9e9d-4b77-ba34-b580eda0a0af,3ab88289-7324-4b18-96b1-a336ba2831ca,c7405255-25cf-41c4-9c89-929692b035e0,"address: text, contact: [fax]"
"The Mental Health at Burch LL CZorg is situated at 4505YN, in Munnekeburen, NL. To connect with our Referrals contact point call (1746) 310310. The staff here is happy to help in ['nl'].",3408850e-0fdc-46f4-aee6-0ff3492cd84e,6f30a7a2-5853-40c4-b053-7fbb2bcdacf3,b81b7f03-fb0a-4705-8e9a-a076faac8f76,c7405255-25cf-41c4-9c89-929692b035e0,"address: text, contact: [fax, email]"
"The Toxicologisch at Burch LL CZorg is situated at 6939 BJ, in Lgemeer, Netherlands. To connect with our Information contact point call +3194-1929490, send a fax to +31(0)86 8362629. The staff here is happy to help .",7166c54b-9305-4571-9e69-b4b0b54d83e5,603fa8f0-1549-4dee-830b-4d6d9575d095,e558abe1-7fc8-42e7-8a2d-e86e6910124a,c7405255-25cf-41c4-9c89-929692b035e0,"address: text, contact: [availableLanguage, email]"
"The Maternity Services at Burch LL CZorg is situated at Jefsweg 69, 3419RX, in Nispen. To connect with our Appointments contact point call +10(5)59-5631563, reach out via email at Burch.Midwifery@dept.healthcare.org. The staff here is happy to help in ['nl', 'en'].",b4fecb14-b2b4-40cc-a636-c72f584ca7a8,b9d2aef5-0fd2-4271-b440-d4eb03ed8da8,6706e199-9aaa-4aa8-9bec-11a0d5bccf5e,c7405255-25cf-41c4-9c89-929692b035e0,"address: country, contact: [fax]"
"The Dieetvoeding at Burch LL CZorg is situated at Youssefhof 97B, 4744 MC, in Warmond. To connect with our Emergency contact point send a fax to +31(0)65 7902785, reach out via email at Burlh.Diet@dept.healthcare.org. The staff here is happy to help .",38b7db84-c39a-41ec-92b4-6ef212905a3a,daac3c58-e266-44c0-9848-d32e65f628ac,68f111c6-ddef-4680-9eb8-39597f119389,c7405255-25cf-41c4-9c89-929692b035e0,"address: country, contact: [availableLanguage, phone]"
"The Mental Health at Burch LL CZorg is situated at Juliebaan 30B, 2296TV, in Barendrecht. To connect with our Staff contact point call +31188-086167, send a fax to (0508) 687889. The staff here is happy to help .",09463e6f-3215-400e-a272-e2af92126ff1,43419ace-febd-4b72-ae24-df89e9c5c130,10d44b3d-8aca-4410-9c10-126197762b3a,c7405255-25cf-41c4-9c89-929692b035e0,"address: country, contact: [availableLanguage, email]"
"The Dermatologie at Burch LL CZorg is situated at Annemijnring 16, in IJlst, NL. To connect with our Appointments contact point send a fax to +31567 806730, reach out via email at Burch.Dermatology@dept.healthcare.org. The staff here is happy to help in ['nl', 'en'].",87dbfdda-8944-4eca-aab6-5b1daa5611a2,61ef4435-69ea-4db8-9541-b40f7635abe4,745c759a-691f-4f9a-9895-89611d03e632,c7405255-25cf-41c4-9c89-929692b035e0,"address: postalCode, contact: [phone]"
"The Toxicologisch at Burch LL CZorg is situated at 4372 TZ, in Wernhout, NL. To connect with our Emergency contact point send a fax to +3142-1484461, reach out via email at Burch.Toxicologic@dept.healthcare.org. The staff here is happy to help .",7766f556-ce51-4ffc-943d-da2a7bacbd85,a7176911-8230-488e-8b29-03f37d2c1e7e,f929fb27-3e4a-4540-b8b5-c1dece9c85a7,c7405255-25cf-41c4-9c89-929692b035e0,"address: text, contact: [availableLanguage, phone]"
"The Gastroenteroloogiline at Berg, Long and Middleton Terivsekeskus is situated at Triin Road 77, 11181, in Liivtown. To connect with our Emergency contact point reach out via email at Berg.Gastroenterologic@dept.healthcare.org. The staff here is happy to help in ['et'].",da6b236d-18a8-4f2e-843a-69ea1a6ed48d,2802e605-3fe6-4c84-9615-4be95b698ec7,1010e768-13f1-4080-bc0d-d51a9e00559b,4a863655-0a9d-499c-a269-8c2d614f1ddc,"address: country, contact: [fax, phone]"
"The Podiaatriline at Berg, Long and Middleton Terivsekeskus is situated at Jõgi Causeway 101, in Lake Aleksander, EE. To connect with our Information contact point call 7549738569, send a fax to 839-717-0341, reach out via email at Berg.Podiatric@dept.healthcare.org. The staff here is happy to help .",4a9007ca-67a1-4225-84e8-8209f7edf89b,b95a9bfb-827f-4f52-b905-b6dc9e888d32,b0a7ff0b-74e0-420a-8cca-24df24e60c17,4a863655-0a9d-499c-a269-8c2d614f1ddc,"address: postalCode, contact: [availableLanguage]"
"The Hormonal Health at Berg, Long and Middleton Terivsekeskus is situated at Siim Corners 52, in Antsside, EE. To connect with our Referrals contact point reach out via email at Berg.Endocrine@dept.healthcare.org. The staff here is happy to help in ['et', 'en'].",c1402fa6-756a-49be-a8c7-d9f108e0eb59,3899c22a-d4ed-41bd-9692-74a2acbe4ff6,6b5bc344-01bb-47e2-bf69-cd8fa4b4da1c,4a863655-0a9d-499c-a269-8c2d614f1ddc,"address: postalCode, contact: [fax, phone]"
"The Lihas -skeleti- at Berg, Long and Middleton Terivsekeskus is situated at 53409, in Markomouth, EE. To connect with our Staff contact point call (596)958-8188x425, send a fax to +1-224-712-5148x0071, reach out via email at Berg.Musculoskeletal@dept.healthcare.org. The staff here is happy to help .",cb89ba42-095b-4ec0-8b7f-62c4a371e89d,55e4ddc4-3d71-4abb-9ace-f37c8d61adb6,5555ee5d-84b5-4c83-9eb8-3dd2a1dec0c1,4a863655-0a9d-499c-a269-8c2d614f1ddc,"address: text, contact: [availableLanguage]"
"The Hormonal Health at Berg, Long and Middleton Terivsekeskus is situated at Andreev Mountains 144, 42298, in Roosilehtside. To connect with our Staff contact point call 9353528260, send a fax to 001-579-550-2428. The staff here is happy to help .",32c973a4-2580-4532-a7c0-16ad9e4b4102,de4452be-1567-43c9-af7a-98c53abe5a8d,a9e80538-880b-4ff9-b4b7-d61da17256a8,4a863655-0a9d-499c-a269-8c2d614f1ddc,"address: country, contact: [availableLanguage, email]"
"The Elder Care at Berg, Long and Middleton Terivsekeskus is situated at 60040, in Sandermouth, EE. To connect with our Emergency contact point send a fax to (218)919-2132x39644, reach out via email at Berg.Geriatric@dept.healthcare.org. The staff here is happy to help in ['et'].",767d3080-74d5-4980-b2ac-96120fc54496,aace1c9a-1c59-4fa1-b543-be48696b7284,5e573ddd-6b60-4f72-948e-40eb1fe43d64,4a863655-0a9d-499c-a269-8c2d614f1ddc,"address: text, contact: [phone]"
"The Genetics Unit at Berg, Long and Middleton Terivsekeskus is situated at Ojala Mall 143, 69451, in North Dmitrihaven. To connect with our Staff contact point call 842-242-8523x70724, reach out via email at Berg.Genetic@dept.healthcare.org. The staff here is happy to help in ['et', 'en'].",f5492fe4-471d-4312-aeee-86d52536c20e,9b935e61-28d1-4f89-87f9-e252d474ae8e,5073fc2b-c647-4e3c-8e19-967b8102ce40,4a863655-0a9d-499c-a269-8c2d614f1ddc,"address: country, contact: [fax]"
"The Gastroenteroloogiline at Berg, Long and Middleton Terivsekeskus is situated at 86485, in Viiraburgh, EE. To connect with our Appointments contact point call 301.775.3660, send a fax to +1-538-735-7371. The staff here is happy to help in ['et', 'en'].",704b2b61-62c7-431e-9da9-cdbca1c61284,a2d4870a-e360-4ea5-a600-bef84b4e2db2,f714f11a-c923-4c39-80e9-889de42d1ba0,4a863655-0a9d-499c-a269-8c2d614f1ddc,"address: text, contact: [email]"
"The Hematoloogiline at Berg, Long and Middleton Terivsekeskus is situated at 49095, in New Vello, EE. To connect with our Appointments contact point reach out via email at Berg.Hematologic@dept.healthcare.org. The staff here is happy to help in ['et'].",816c03df-3e33-4680-85c0-826ac67c6d5a,62d55697-ec36-42c8-ad3f-a0b6de8a6d76,5aeb3613-9cc4-4f93-8fd9-ba8f6dc6e925,4a863655-0a9d-499c-a269-8c2d614f1ddc,"address: text, contact: [fax, phone]"
"The Women's Health at Berg, Long and Middleton Terivsekeskus is situated at Priit Freeway 68, 49182, in Abramovfurt. To connect with our Appointments contact point call 725.722.5268. The staff here is happy to help in ['et'].",d3e8b9f1-798b-47b9-9954-748a029729f9,636164d8-bb88-41b8-9be5-f8a138462e03,76800d7a-bb11-4dbc-bd0f-8012f3cf3c33,4a863655-0a9d-499c-a269-8c2d614f1ddc,"address: country, contact: [fax, email]"
"The Infection Control at PG is situated at Ina-Hager-Ring 132, 6479, in Ternitz. To connect with our Emergency contact point send a fax to 321-651-4018x70599, reach out via email at PerezBecker.Infectious@dept.healthcare.org. The staff here is happy to help .",97e379e9-f919-4ea4-9d0b-bc0c6635897f,8c4990e1-820d-4c8e-a991-334cba4dede6,93c1d25b-124b-44fc-8571-605af163875c,5d393bf9-b2da-41f6-8c16-014a2e4a6e78,"address: country, contact: [availableLanguage, phone]"
"The Sprachpathologie at PG is situated at Constanze-Hirschmann-Gasse 142, 3665, in Drosendorf-Zissersdorf 1. To connect with our Staff contact point send a fax to 767-730-9628, reach out via email at PerezBecker.Speech@dept.healthcare.org. The staff here is happy to help in ['de'].",df1f2a73-fc78-4d8e-b085-3e44a546947b,5cf10f05-e927-4cd1-8763-9a9fa4134092,8eb9556d-7da2-4999-9436-93c6b76cfca2,5d393bf9-b2da-41f6-8c16-014a2e4a6e78,"address: country, contact: [phone]"
"The Laborwissenschaft at PG is situated at 3548, in Bad Leonfelden, AT. To connect with our Appointments contact point reach out via email at PerezBecker.Laboratory@dept.healthcare.org. The staff here is happy to help in ['de'].",0604b061-30d2-4eb7-9449-5504b90c55bf,cc552e29-1187-4fe4-81b4-f9bd2a80c809,2622126b-79e6-465b-85ac-ec616238495b,5d393bf9-b2da-41f6-8c16-014a2e4a6e78,"address: text, contact: [fax, phone]"
"The Rheumatologisch at PG is situated at Obermayrring 94, 2375, in Sankt Pölten. To connect with our Staff contact point reach out via email at PerezBecker.Rheumatologic@dept.healthcare.org. The staff here is happy to help in ['de', 'en'].",f6ef5d0a-25a1-4101-bf57-4e77fac49cf7,ea5fe267-5877-4d3a-a8b5-a07a9659a673,ab8c6b16-cc35-4ea7-a17d-8ad2c9d9d2a6,5d393bf9-b2da-41f6-8c16-014a2e4a6e78,"address: country, contact: [fax, phone]"
"The Women's Health at PG is situated at Buchbergergasse 123, 4320, in Sankt Veit an der Glan. To connect with our Information contact point call +1-650-470-0550, send a fax to 001-641-244-5672x53298, reach out via email at PerezBecker.Gynecologic@dept.healthcare.org. The staff here is happy to help .",6850f3a3-4507-4b46-b271-3810c5030168,71f00da3-b54d-4beb-af4d-0b016700c29f,09237dcc-b77c-4af1-b5fa-5ae843ff4aa7,5d393bf9-b2da-41f6-8c16-014a2e4a6e78,"address: country, contact: [availableLanguage]"
"The Nieren at PG is situated at Florentina-Haider-Straße 18, in Zwettl, AT. To connect with our Staff contact point call 001-332-215-0490, send a fax to +1-333-812-1909x9708, reach out via email at PerezBecker.Renal@dept.healthcare.org. The staff here is happy to help .",7159cd07-cb44-402b-b69e-14bce47d7cfe,73c46a50-a041-4cfb-9736-99ffc852ed2e,e92df0d8-5553-477b-8dfb-3ddd1fd512eb,5d393bf9-b2da-41f6-8c16-014a2e4a6e78,"address: postalCode, contact: [availableLanguage]"
"The Hingamisravi at Noavk PLC Tervisekeskus is situated at 46417, in Tomingasview, EE. To connect with our Referrals contact point send a fax to 001-688-826-8379x6355, reach out via email at Novak.Respiratory@dept.healthcare.org. The staff here is happy to help .",df561807-8c25-43ff-b4cc-0b62e7bb695c,2c12129c-487b-4acf-8535-c13d4d697998,918b59ec-2b6a-48a8-a8e1-19f70df23548,3e332f35-086c-4768-b0fe-3cfc991ab513,"address: text, contact: [availableLanguage, phone]"
"The Otolarüngoloogiline at Noavk PLC Tervisekeskus is situated at Bondarenko Dam 122, in Port Martin, EE. To connect with our Information contact point send a fax to (365)251-0888x770, reach out via email at Novak.Otolaryngologic@dept.healthcare.org. The staff here is happy to help in ['et', 'en'].",c8e7e4e5-d3eb-4a23-b64b-f06e22a23be8,c44117e6-2c98-49d9-bd88-deb7fc584d66,799c82ee-f742-453b-a7a1-28de18310104,3e332f35-086c-4768-b0fe-3cfc991ab513,"address: postalCode, contact: [phone]"
"The Hematoloogiline at Noavk PLC Tervisekeskus is situated at Katrin Parks 68, 72226, in South Kadriport. To connect with our Staff contact point call 001-755-982-6187, send a fax to 813-315-4293, reach out via email at Novak.Hematologic@dept.healthcare.org. The staff here is happy to help .",9b4a4276-da41-4bbc-b40b-5ddba649ec91,f84b85e7-da12-4d3a-bcaa-db1a7dcd07ad,5b93822b-cec8-44aa-a000-4c9f716f9ea7,3e332f35-086c-4768-b0fe-3cfc991ab513,"address: country, contact: [availableLanguage]"
"The Podiaatriline at Noavk PLC Tervisekeskus is situated at Linda Expressway 107, 82276, in Mõttustown. To connect with our Referrals contact point send a fax to (203)841-5253, reach out via email at Novak.Podiatric@dept.healthcare.org. The staff here is happy to help .",b07ce4cb-bc28-4c8c-9e6a-0f46a893e447,eedbba8b-0f83-41ee-b2ac-89bdb2998fa3,b0ca76f7-17f9-4524-8332-ed33bba6e752,3e332f35-086c-4768-b0fe-3cfc991ab513,"address: country, contact: [availableLanguage, phone]"
"The Gastroenteroloogiline at Noavk PLC Tervisekeskus is situated at Vaht Prairie 14, 28799, in Gerassimovville. To connect with our Referrals contact point call 815.536.9489x002. The staff here is happy to help in ['et'].",473d6d85-56d2-4bf9-9b82-7bb955fc6343,1ba43eaf-84f4-4346-9301-6d9e87d3b238,87e87d1f-9af4-402a-8703-a4230fa8aee9,3e332f35-086c-4768-b0fe-3cfc991ab513,"address: country, contact: [fax, email]"
"The Women's Health at Noavk PLC Tervisekeskus is situated at 71568, in Mihkeltown, EE. To connect with our Information contact point call (445)726-5176, send a fax to 537.763.2598x79412, reach out via email at Novak.Gynecologic@dept.healthcare.org. The staff here is happy to help .",85bd8d14-3cd3-45dc-8368-557f39795e8c,572b4813-53e1-4084-8089-a684556ec366,21f04ef1-e253-4910-9e10-c49316197d45,3e332f35-086c-4768-b0fe-3cfc991ab513,"address: text, contact: [availableLanguage]"
