identifier,personName,birthDate,gender,knowsLanguage,anchor
0c8623d7-94fd-41bd-8d3c-23f178a09008,Shawn Green,1990-03-17,Other,nl,b84d119e-02e2-4aa7-9edf-4ce81c4dbb4a
d8bac323-5041-46af-bec5-b36d3c9c5b85,Rios Taylor,1983-11-14,Male,et,1fe92146-b4c9-4305-88fe-5048c15b88b2
48792556-3f2c-44b9-a703-acd987b7dc25,Alexadria Jones,1981-11-16,Female,et,03ee36c3-2b3f-419f-bba9-fbb0d8c6827b
c0b8a61b-025c-429d-969f-cc3122282c82,Joshua Barntet,1997-12-23,Female,de,9218df37-2e0f-474a-8025-f85dd8faf66c
bb4bacd6-7173-4fe8-a389-bb2b7a580949,S. Johnson,1983-03-05,Other,nl,119aa71b-f6bf-47b5-9f46-fe0222087f22
27f51651-323c-4d3e-babf-22b0207d273b,J. Lopez,1981-07-17,Male,et,b878690b-cde0-4275-9b89-04b3ad44c92c
fd2e3ae9-84d9-409d-8277-e7b9706ce815,Chase Sznyder,1977-03-30,Other,et,268a694e-bd40-4db2-a091-0f2597af2762
b7870b66-c7ca-4e66-803a-22f141ded4d2,Ronnie Gibson,1987-14-10,Male,de,2d4e1ddc-b640-4705-abd2-ab3df5179bf6
763dc0fa-3164-4eba-a1f4-b714d05f6934,Linda Ckin,1995-10-02,Female,nl,17965755-16f2-4c25-b3e3-d5b2edd655b2
1a014a93-556b-4011-b193-c2f6995eb27c,R. Johnson,1975-04-30,Male,et,f0f9ba5c-f1fb-4e30-8106-c3fdd1ebc473
5b56305b-42d8-4e43-b358-f5afd592d9e8,Karen Jackson,1996-10-09,Male,nl,04a5b104-36fb-4c42-95f9-1f5052a2703d
14c4ec3f-89fb-4c72-b1be-3d613eadc5a2,Ms. Allison Knight DVM,1963-06-28,Female,German,3708940a-35fd-4999-a684-4c60d6bcfb6b
3840741f-005e-4a1a-9523-e990245f0a09,Jamie Griffith,1966-12-09,Other,nl,efc32591-eec7-4728-8d19-4f9ff4cd2c8e
6d1abf9c-1fb2-4d57-94fc-f26e74b8edc9,Timothy French PhD,1990-08-09,Male,et,86d88dfa-8644-47d4-9f93-023b2b0d0b28
b7b465a0-38a9-48a2-a58f-7b419ef8a3d2,Sandoval Sandra,1978-01-11,Female,nl,6173fade-5928-4966-99c2-f9c5b8e87ae6
27b56885-f13b-4779-89ff-420bd2ac0c26,D. Harrison,1987-04-19,Other,et,881fe7d2-4929-4064-a3b6-303298816488
fd9b6e79-0ea3-4c09-a58b-01e1e4dae834,Stephen Minler,1993-10-10,Male,et,f725b007-e192-499f-8d89-17df03e645b9
8f94e075-6a48-4156-873c-daf3ceafa5aa,Loretta Torres,1999-02-06,Female,Estonian,b10a02f0-3c9f-45f6-9a1a-dca196622773
edf292fe-644e-41b3-abc6-72c384176b39,Austin Wade,1973-09-28,Female,Estonian,d1cfcb3f-4b37-4149-8426-cd16f72f18bf
cc4fa5cd-9868-479d-8ec7-75a814683e44,Ashley Tyler,1961-03-11,Male,nl,b3aae80a-8215-4c65-af96-4166e821351b
17f8ebef-de05-4e67-8bbc-ddb166791121,Catherine Ramirez,1999-06-28,Female,Estonian,986b3c74-64f1-4da1-9533-df0d54b45872
77a92a7b-fbc4-4723-a846-8d35f3c4b687,K. Cooper,1983-08-03,Other,de,0d1f7157-c155-4e3b-a9ea-24cbb2d8af99
1960eb77-6c92-4d3f-8ff1-543a5aca88d5,Karen Mitchell,1974-07-10,Female,et,6546a097-f546-4de5-a78d-d499b7f1e1ef
0f1b0204-9609-473f-a6f8-902b1ee1f98b,Michael Petersen,1970-12-02,Other,de,00d3470f-abed-43b1-89e6-6c0421125186
f99ad067-06a4-4f3c-b92f-47e4e136e9c5,Grace Adams,1997-01-10,Other,nl,a8f6dc78-6605-463f-a21b-cd13bf1bbc2b
cafe1568-a33d-4339-a351-9d0b418ffd65,Pamela Bowers,1990-04-20,Other,et,bbfd1135-290a-4d07-aefc-486379fb1b86
6bc10585-f1d6-4529-9a6c-e9106d48f957,J. Pineda,1993-06-19,Female,de,c734627f-1c37-46f5-ad1d-134f91ee4f41
fdbbdbff-8fd1-4e1e-a693-5e9d30ae0014,Davd Baker,1985-06-24,Female,et,09692c8d-469b-4933-afc1-dcb19dd1ada7
f3b9a82e-0edd-49c6-9b09-12fd2f6e4ea3,Brittney Rios,1964-02-15,Other,Dutch,791931e9-5d61-4584-929d-4e8c68cad7a1
49198894-a06b-4f1c-b06f-5b7ee1298d8f,Cody Mitchell,1995-15-08,Other,de,e744b3ad-951e-4379-b9c8-4ddd63db2a60
d3444ac2-4613-4a49-a6e9-ea95e41e11c8,Tony Rogers,1984-05-24,Male,de,bcf280e4-ccb7-4d20-b6c7-861461b89cc2
c6471190-95ec-4fd3-b7b4-4ce81260d252,Tehry Hoffman,1997-02-22,Female,nl,56986738-71cf-4c86-88e2-8883d1073e33
14a902b6-2430-4e65-9b66-0953a6933ec8,Miller Hannah,1978-02-22,Female,de,1a2a322d-5a23-40e9-9a94-07742393fe5e
3181707f-6e16-4a70-9712-9c82050f9236,Sarah Myers,1978-04-06,Female,Dutch,ff300d96-7436-467d-8a6a-9be02fabf1db
49540540-2b15-4cc7-9cff-4e91accf3d68,R. James,1979-11-17,Other,et,8b6a86c0-299a-4c03-852e-3f483072b3e3
819b8315-1069-444b-b5f4-4843755afe53,Caitlin Wright,1972-04-28,Female,nl,5b7feec3-ad43-4e14-9a2f-c72117fe41c3
302d8f83-4299-4d63-8f4e-a1b64033ea66,C. Webb,1963-07-23,Other,et,0791488b-e0db-48b2-bd62-f4ce0c640f49
3bc43d4e-58ca-4c08-9112-49a04a959459,Susan Williams,1986-03-21,Male,et,872296c7-87c2-415d-8c35-6c8374003a2e
23bd9bfa-cb17-4b0d-a345-147a2a9aff90,Cdoy Stephenson,1977-05-15,Female,nl,26d6ec32-3848-4348-afa4-5063b191aeca
4679f885-baa4-409d-975b-c7d784568f3c,Brown Sabrina,1959-12-12,Other,de,199d9679-fbb3-486e-abed-cda1972f5943
0cf624c7-9725-4178-842f-c858dcfca02c,Shari Ramirez,1987-06-28,Female,Dutch,f3bf298c-ae30-4cef-849c-550d3e3f979c
215ca5e1-6cf3-4ccf-afda-fa631ff2c29f,Patricia Mitchell,1961-07-29,Male,de,f6e68035-3612-42fe-80da-c72e4365c89a
e7e32c9f-9652-4205-933c-a0067d96c3a1,M. Garcia,1982-09-08,Female,de,960ad3a1-e1bd-44e6-8771-6ddfe7a4d2f7
97ab52a4-9232-449c-80d5-4d77479ed2c4,West Barbara,1984-10-12,Male,de,99880164-8b01-4cc5-85a1-350b996ac4d8
806ad906-ca08-4bf2-8201-878940abb3d5,Sandra Hall,1960-13-03,Other,et,24344145-7f9b-4492-a977-d9fcea2464d9
a502607e-b396-4e7f-9343-b8e8e00bde51,Cheryl Schmitt,1982-11-24,Male,Estonian,2256a104-6b8d-491c-b6d0-bbd9e5ce89f8
1ead3bc8-b974-4e8a-9bb0-154b7256bd23,Allison Lee,1980-10-10,Other,et,0ac1f2aa-9453-48a3-9d38-bed2c7c854e1
0453daa6-b6f2-4e80-94aa-14e6a81674f6,Janket Herring,1988-08-30,Other,et,01d4c080-c6d4-41f2-b5da-4791f99ccbfe
da4b0469-a2c3-44f3-8987-58d3f2856a91,Victor Wilson,1998-06-07,Male,Estonian,e1432e73-04ef-4ca7-a196-1f7a1d67829c
f92de2e7-a125-4585-a79a-af6687244942,David Hill,1971-11-05,Male,nl,111004d0-3dd0-463c-bbbd-cd207c9814b7
7fd115ad-721e-451f-a1ff-f1b3e7fe23d9,John Hughes,1987-08-02,Male,Estonian,9415e92f-1d72-4ac3-9c76-4a47b3ac1729
09441ecb-6dcd-4b9f-bd7e-e9a780c6d9ab,A. Shelton,1998-11-06,Male,de,cca6216f-9350-466e-8cd6-5e9848ece305
fd715c26-3895-4dff-86c5-83ff68751bc6,J. Cole,1964-08-20,Female,et,4aa7a7fb-f399-480e-9451-80ee6a7d6b1c
93e74be1-e3c7-40e5-bc03-3990708b0613,Allen Amber Dr.,1989-07-07,Other,et,bba7f3ab-601f-4788-8384-a61b9dc7ee45
591224e9-81ac-4848-9749-7e0ff433b389,Heidi Benson,1984-01-10,Female,et,b1d8c383-1272-492c-b64c-dfba05915bf5
e83569b6-a0f8-4b3e-9fe0-36a3868545ab,James Hampton,1982-05-07,Male,Estonian,19f4ea14-d540-4af7-b1b3-8ddb10c70842
beccde2c-9c8b-4703-a932-b860eccd37ad,Kelsey Smtih,1983-06-16,Male,et,e5816dfc-d0eb-4f91-a716-d7150ce384e3
84767ae4-f156-4814-8edf-f4052bb9620f,D. Ruiz,1984-08-17,Male,de,e2c4af37-e756-4ebf-81e4-cfd0564522bb
2ad306e4-38ee-4aa0-adf1-f1592de7e90e,Michelle Meyers,1994-30-10,Other,de,197841d4-e706-45d2-aa96-e79f1140b40c
81ffbafe-aee6-43df-a55e-eef0f8e0e3ec,Stephen Mathis,1964-05-09,Male,Estonian,84eaee51-311d-4bd3-b066-787f71c0f077
71677a55-fad4-4ee8-a75d-564737ae5c8e,Kevin Kaufman,1998-18-10,Female,de,8889daf9-6c06-4266-bfe0-826c42f123e6
855fb3d7-38ae-4954-81da-1979a6c6fbf2,Erin Woods,1961-13-06,Female,nl,8c227625-efd8-4200-bf98-b2fdc452e610
4ff5d485-d449-449c-9aff-c0d542087c0d,M. Warren,1969-08-01,Female,et,fa84d79e-88b8-4b81-9f05-785370696824
f83dbcca-61b2-4a23-a8ab-f58ac2c7e7f4,Tdresa Rodriguez,1977-01-30,Other,de,851a811a-6601-4459-87b8-a4b6fc164e12
2ba39f01-429c-4b3b-93d8-1950e0acde9c,Lisa Edwards,1992-07-30,Other,de,f8027f47-3679-43c0-8f0b-f061bd4d330d
5ea55fc5-1ec3-4793-95a1-a49e2ddc666c,Jose Clark,1997-08-30,Male,et,d9dfe7be-1ddb-4a6c-b7a2-7fb32a9570b8
57cef126-f863-4158-8361-8d44aba7f30a,George Boyd,1985-16-03,Female,nl,5646bd7d-aee2-493c-9f01-8c743df7fe6a
279c69bb-0b5d-4859-a81b-cc55d219d7f6,Cynthia Morales,1959-06-16,Other,German,59d66239-0166-4796-a975-d06b0043af98
f7371072-129a-4cf9-8342-f865a9e89079,Flynn Joshua,1961-03-17,Other,nl,3e98b054-2b71-4653-b3ad-e4d96ed66248
3f4af2ec-cb90-4a9c-a4a5-645581b09b6e,Dana Williams,1974-19-08,Female,et,9355ac4c-61fd-4e44-9d58-e098a14a3bf0
96b2cf5d-58bf-49e7-95ec-8916422a9ea5,Alexander Anderson,1979-04-09,Other,nl,67ddb936-3e0f-4a71-9f7c-4f1a1e94d967
ec911d06-6f72-42da-b50b-b0fbdda7e095,Michele Jones,1960-09-30,Other,Dutch,1d09f845-0757-4743-bf5f-eba8f2f4d6c1
de4b9c3f-47d5-4bbf-bea9-245794ae75d8,R. Rice,1997-08-05,Other,de,dc4dc502-a5ef-40cd-8ac1-f2c897f31293
6a939e3d-9e7c-4b7f-9345-930009129a04,David Stone,1974-24-06,Female,nl,23984285-e82d-4545-8584-7c7b35672a2e
4a2ba030-06c4-4e1f-82fa-cc26ccc05591,Gary Carter,1959-09-20,Female,Dutch,6333d1ec-8c85-4a14-9ef0-2a9098407d45
72173a65-0d85-401f-ab0b-d447bb9d168b,Le Ashley,1972-02-09,Other,et,280a063f-9e83-4a1f-a12a-7e7234fceff5
5163f221-6388-42f3-b836-19b845a984e7,D. Jackson,1981-08-30,Other,nl,e6e5b8a4-3a43-4c61-89b5-026b4757cb16
0235764a-84eb-4311-a1cd-ed4b2ca06fce,Meyers Lisa,1989-09-11,Female,de,12fd3550-ff88-43ce-a49c-c66396cd2a09
1d843f51-52d4-43f3-9c95-d25240941916,C. Lyons,1970-01-18,Male,de,27e13b47-fa11-4dc5-a8e3-cb0ac3c8ad84
cb3164eb-66eb-4a80-aa20-88b5b238ce6a,Marshall Patrick,1979-01-13,Female,nl,7d6a840f-e5b7-4b77-a9a4-3d8d0a76ef0d
2f0c5945-e38f-4ca9-911c-f2627666bf37,Vickie Hill,1995-03-18,Female,et,b5eb125d-d828-45f0-8e36-9e2150357bc4
1890036d-dbb5-407e-88d8-aac836e8d683,Rodriguez Katherine,1980-05-21,Other,de,9fc7e9a9-4e62-430b-a800-c6f73776b599
bc309436-5212-4b92-837b-b5dc4596b92a,Tara Mason,1977-06-09,Female,Dutch,e34ea0c6-e83b-4e1f-992f-7f93098b55a7
2efabc79-c8f7-4f22-b272-4579e78f5a8a,William Lutz,2000-24-01,Male,nl,bd84ac7c-068c-4375-9fac-a4a1d8fa61f9
189a6a00-45dd-45b6-82e2-40f8c0cc6aa6,Dr. Ashley Park DDS,1965-06-02,Male,de,d9955c24-bbde-4b2b-96ec-c5a77dac37ea
3fdb3259-fe42-46a8-a24e-b6a6ae1e7b78,William Torres,1964-02-15,Female,nl,44049ac4-f112-4897-8f2e-a9d01efb7ecb
d857abd9-b059-4850-b616-d097f70705f9,Dvid Buckley,1968-07-31,Female,nl,c951ab85-3f65-4cfe-8878-228cd15e5685
53b9e637-2483-4148-981c-55f95d917faf,Lisa Johnson,1975-28-04,Male,et,7c1691b4-3bbf-4d08-bca0-9ca1733c2b58
d61c31ba-3294-4736-aa67-932b6a6d9dd6,Marlha Jimenez,1960-12-29,Female,de,0307b970-02ce-465d-b52c-08a482b2a2ae
83395735-df4d-430f-81f1-172114cf4d7e,Sandra Brown,1990-04-01,Male,de,486d4a98-c6c2-4d08-b4b6-7809e2d21f8b
e59eb961-e99c-48e0-9c2a-6fe854ee2cba,Nicholas Wood,1989-05-10,Other,nl,bcbf9090-e461-4a49-a214-8ddf4f7a6286
4c488c71-669b-4129-ad8c-3f75e94d6aa3,Steven Hunt,1959-06-29,Male,Estonian,d94a5b7d-6666-49ff-ac5e-d6c63b0c6e22
87aed504-260c-407e-a111-409d3fb3081a,Linda Knight,1980-05-17,Male,et,2a835718-0d49-4483-8a44-7865a5ee8e69
4a4e103a-2667-4fae-8b01-845dd77cdea9,Morgan Jones,1988-08-02,Female,nl,8d76d5d7-a707-4610-96f8-5401f4c33994
8845c1e2-0852-491b-9b50-73403b1a99a0,Moore Jamie,1969-09-20,Female,et,bb790b4a-393f-4a83-be0d-a720e17bcec5
6675ddc3-79a9-4e29-b567-4fd86ec725c0,Kyle Manning,1985-06-12,Male,nl,0de1eedb-6036-4ec4-be05-4bf517ae33ff
edeffc4e-3ca2-4462-9b15-7109fa762b20,Justin Jones,1966-10-07,Other,Estonian,41c52128-0555-4221-8aac-f91caa798d9b
85fdc02b-6f69-454e-a250-566060bdebff,James Ball,1966-02-05,Female,et,d46ff5d4-0917-4692-abc8-c0e3af9c64ef
c71dfbc6-a4ad-4c3d-9baf-fe7140dd3958,Carol Miller,1962-04-06,Other,de,dd5a4625-7539-4c29-9f4f-f6d711c275d6
41cff7e4-40cf-41ec-9726-80d2fc18987d,Jenntifer Brooks,1969-05-15,Other,et,3199cf3d-4024-45a7-a4d6-7ef20c3b21f3
2a7d0ac9-8895-4d7e-a25d-a88090cb28c8,Robert Robertson,1962-12-06,Female,et,02f6ef8e-f8a8-470e-80fc-4c999150b640
c3b64249-f861-421b-8fe8-7f9884ea889d,Andre Price,1998-10-14,Other,de,6481c434-6fd0-438e-bfbf-f0ff704530ad
b62be828-74b5-44ad-a0d7-ad76044153ac,Erika Hill,1994-06-22,Other,et,4694572e-4aab-4296-a866-365afb4d9ca6
3befe841-85f8-4e0d-91b1-48e4162b590e,Joshua Harris,1975-01-23,Male,Estonian,1db98691-1c7e-4395-840b-e549f7ebf8cd
e054da7a-dc0a-498e-b91e-40028c27e27c,Courtney Johnson,1985-16-11,Other,et,0e1bebee-5052-4fb0-b33a-463cd3e01f89
c846115f-7eb6-4efc-a034-1a35ebae3c38,R. Campbell,1970-11-27,Male,de,3145bb7c-933d-4798-bb0f-b9990777a678
0b3a23eb-8e1b-42e2-aa47-2cc2803064bc,April Colemban,1985-02-06,Male,et,525ce2ea-854b-414e-b147-d5c07c7e845d
3e086cb6-d63f-46d5-8ff7-4617f571161c,Mann Savannah,1994-04-12,Male,et,d3d6bff2-ec12-4349-b86f-a276b7834f3d
5b1176a2-b8db-4e26-b451-126b1b42086c,Thomas Fishre,1961-12-17,Other,de,2687d2f9-fa49-495e-8886-6fc636b92227
5ac4edce-ba3e-4b1b-899a-b25f20306d01,Justin Nelson,1980-02-13,Male,de,67744de2-2c6e-44f3-b3ca-e1f93b2d8bb2
843cf1ac-ba02-4da9-96c3-9253c8c07f1f,Pamela Gordon,1970-10-26,Female,et,75a09dcb-9366-4b23-831d-604b24ef7197
faae62e9-0025-4d90-bfad-3c59d01cb8cb,C. Bullock,1987-11-17,Male,et,928cd65a-fb80-4f4f-9a70-94dc6a29abfc
76b34db1-2804-4e56-9098-a152504a3c70,Carl Fisier,1973-06-08,Male,nl,10de99f3-c3c6-4930-af97-d437f1831c1a
e457ef97-0733-4d6e-ad3c-1d5e2b9f18b9,Tnacy Brown,1986-11-20,Male,de,511f69b8-8822-4f9e-ab3c-45fb6b94a0c5
5120345b-c86f-482e-84dd-4856363dc078,K. Walker,1970-04-29,Female,et,71e50582-535b-4d81-8250-457fc4d91d9e
e0285e8e-96bc-42c3-bdf3-2022013a051b,C. Owens,1998-06-27,Other,de,36aeb559-b28b-4985-9865-d61161891f61
c4c675fb-a680-4d74-8e95-7beba7c93592,Janet Byrd,1981-13-07,Male,et,c2a79b57-6c81-4f39-aead-a2e29350a953
d6f92e93-f597-434a-a814-91088c46898b,Ashley Raoy,1986-01-14,Male,et,00da5e70-027d-48dd-98bb-b0a9dfcff5af
70198758-7f2a-4af2-a22a-342065228ea5,Hamilton Bill,1995-07-09,Other,et,377c33f5-c35a-4e65-8d4a-d056a9f0fccf
89f4617b-2542-45ec-9a49-2bb4376482ee,Melissa Gomez,1985-18-10,Male,et,7442d9eb-d81c-4d72-bb18-4fa6740a1cd1
865c3a53-2032-4011-b5ba-0753a67da4c9,Mr. Seth Cook,1971-01-01,Male,Dutch,c18a71cb-16e0-4001-bf8e-08b7a0ceb53c
78c8cad3-627e-422d-b0fb-79642ce82e33,John Johnson,1993-05-12,Female,German,4417d108-e256-4d3a-a90c-85a21ac2a40f
358ed4c0-e6fa-426f-b3a2-e2ab1a422778,Michael Frank,1963-05-16,Male,et,4881918a-376a-43ae-a245-cf08dec1244e
c7de5551-25fd-4c25-893a-2c8fd504fd4d,Gregory Rowe,1966-10-04,Other,de,92355e65-7255-40d2-9922-cb0f29055c9a
23ff61ce-5617-4176-bad3-f9920f9f955e,Harrison Donald,1962-01-30,Female,nl,99ecd0c4-8422-4dc4-a19e-8e35e6a600ff
1c0bb091-c8b7-4049-b07d-0374a1067484,Brenda Parks,1991-12-09,Other,et,d9a9ed18-49ef-4314-9826-8ba21af01a6b
56c4e1b3-91a3-4340-b4cc-ebd9b3749d56,Stephanie Price,1972-12-22,Male,de,60c50be5-3980-41ec-b286-5561dffe77d3
6ef30f98-8038-49da-952f-30e9f5ae16fe,Richardson Anne Mrs.,1997-04-19,Other,et,afa05c08-ecff-46d5-b3d3-4a6139eb331f
fb360c73-ff1f-4315-8d11-d3056e7e3fc3,Glenda Scott,1973-12-03,Other,et,dc61e992-8cca-445b-a623-ebd0a278cffa
a7d21943-c1f5-4444-85ab-cf8eaa331988,Richard Butler,1966-09-08,Female,nl,fc3856f9-2f1d-4b37-a747-07ac086e6da6
67e81409-4416-40a8-b858-b1283289d984,Jennifer Barkre,1993-04-05,Male,de,65c8d5a4-52f6-4978-ab94-7864bfca3d56
f0a754cd-6ffa-4a7f-895e-b4871cea6f77,Diane Strickland,1972-07-06,Male,et,7855d5eb-85d8-4d58-99ad-17ad8c0f36bb
0c2e3b74-0a35-4f0a-bf4d-21e99a42cddd,Micheal Perez,1975-04-26,Other,et,c90b4a64-e657-4eba-8f19-347b4607c009
9075b3e3-6a42-41e5-a2e6-ed6691d73f6e,A. Daniels,1959-08-20,Female,et,c33fd7f7-59cb-4836-9c36-8f6dbfb1b73b
171f7980-a53a-40b2-994e-921346f8a2d1,Msr. Lindsay Shaffer,1973-06-18,Male,et,2c15d6bd-45ce-4d3c-a75e-e5a9dddc046d
08cb84f0-a919-42c9-a5df-8ec09bae9ba2,Michael Grant,1977-11-18,Male,et,49935154-1061-4764-9835-bbe1c038bf33
2c2f6e18-29a9-47e2-ab1d-e9988613012d,Olivwia Hanson,1998-12-07,Other,de,01fadd66-313c-4238-9361-7ed49699bfdc
feb2c06a-3f39-42fb-bd39-7164e908ad5a,R. Robertson,1986-03-15,Female,et,64ffc93f-c687-4f35-9e27-df45d46a985d
c8647431-6556-4628-918d-6b5834777b38,Washington Susan,1960-12-29,Male,et,0ed4218a-e1bc-43e3-99f4-5e5495a5e6ac
525cf408-6cd4-4a90-8f11-5ef35853aac2,Timothy Huerta,1959-08-22,Other,Dutch,87d11c29-4767-42cf-b145-8ebb9f01cf8c
bcc6f059-b13d-4a88-b514-6c2ce076d4f9,Cannon Jasmine,1989-11-25,Female,de,22d29ad7-becb-4985-8468-19a2036d10dd
d7ca4c92-0e89-4d92-b4b0-e0061e8c0212,Donna Boyd,1967-08-14,Female,German,a426c7d6-f035-4a2e-917c-d8debf27270d
5d0d6020-20b9-401b-bd93-7030dbb5cd75,Joshua Bryant,1983-07-01,Male,nl,e773f183-43b3-4eff-846d-ca8d7a9055d7
846fb1df-f247-4ccb-bdb5-40dbb4f7790f,A. Kelly,1975-05-23,Other,nl,4712c4a1-8288-4123-8fd8-bca07e2b4180
ca46e8d0-928c-4692-9f3a-94112e32dbac,C. King,1961-06-24,Female,et,7a4928ed-2ee8-45df-9f61-a8a2997655ee
55e82545-f80d-4fa2-96b3-2edf637b9801,Donald Guzman,1982-12-13,Male,German,133f10a2-163c-4e1d-b72f-3bde631453f4
68309d1d-c7b6-4e1b-bebd-8dc70d991da7,Katherine Evnas,1972-09-25,Male,de,ff6bec97-8ad0-4b51-861c-c922740ef505
f3cf2f0d-ceda-4263-b656-66d7e2d2b95e,Vicki Dofnaldson,1981-09-04,Other,et,36036e5a-2ec9-496a-80af-4c2483528106
ea4b2375-1edd-47f2-af00-091961418390,Roger Wolf,1966-11-01,Female,et,f749f051-ce39-4625-a5e0-d3c40f290b18
872e7739-0401-4f68-8d46-ad8c3c6f6b35,Owens Michelle,1999-02-06,Other,de,70dff046-ffb9-428e-bb65-7767a5da33e3
02b8ea9f-20d9-4dc7-9423-c88f1b165cb0,M. Norris,1978-07-07,Male,de,3d7ac4a5-c7f5-47ec-bf8b-50512f3dd453
b1da679f-6b15-400a-94d2-1524aa4d596d,Jesse Carter,1969-01-01,Other,Dutch,1654fe52-641b-48a8-9853-ffbcbeb81fde
fa87ff84-f2b6-4be9-88b8-99bb0045ee21,Brandon Thompson,1962-10-25,Male,German,da3cf272-96c5-4115-949e-d29a7e5e5f22
e2b299e3-9394-4b50-8036-5c026af41984,Emily Freean,1995-12-15,Female,nl,88a22644-d2d8-40ac-9c4c-2d13fc904ddb
5789877f-d07e-43b7-9c74-d4975d773617,Roger Meyers,1984-06-01,Male,de,5e356814-9b4c-40a4-9c2a-062e3584c3a4
bdf5125f-4072-47c7-b130-85517f5ced6b,Connor Young,1995-09-26,Other,Dutch,91f0a00b-aa56-49c1-8706-5664a4af2273
f772e6be-ace6-441c-93d9-4fe8f55a60db,Harmon Kenneth,1962-09-21,Female,et,f351608f-edf4-4529-a57a-9c82aeae8da7
20b32f6f-011e-4e9e-8b77-b4508eb78d9d,Mays Karen,1981-10-04,Male,de,2f8f1d68-acd1-48cf-83f4-89dcb17d3b86
1e5d472f-e815-464c-a536-513e014a0fb5,Randy Carzer,1965-12-12,Female,et,d424fccf-f66a-40a3-92f7-c54c6771cd8d
3afdd95d-2cd5-4d84-897c-1f13ad57175d,Lynn Weaver,1970-01-22,Female,nl,8e20caca-e360-4eda-a21e-d037f544cb4f
e41a26e1-4e74-406c-91fc-f7d67575f871,Shelley Bunrs,1999-05-06,Other,et,88985a53-4969-4b80-81a8-dbff1d48809d
217ea042-e80a-4bf2-b010-4610219ee5ed,Kely Morgan,1976-04-14,Female,de,2899e90f-314f-47e3-b0d5-717de58d16fa
8bd9d81d-39be-4239-b91d-6a4ada295369,Rose Rivera,1997-05-05,Male,Dutch,55e95db1-7920-44b0-8211-eba1151aa67b
41032818-0d18-40e0-a6c6-5f5693b72601,Harrell Sophia,1971-04-04,Male,de,53b99ece-e5bf-4b86-af4d-d329b472f925
05156d2c-f931-4e82-a562-defa72a8b3fd,David Miller,1968-07-05,Male,Dutch,b4f49f86-6f13-43f3-a7ca-e51fe8f638f7
c67a03d5-4557-43fa-a1b6-5a18e756c563,Sarah Mcdanel,1994-06-04,Other,de,f5b72da3-77d7-424e-8188-4cd3e03454e4
04b48946-7f96-465d-9a75-6133ac8776ad,Cody Lloyd,1967-11-18,Female,et,607c87df-8db5-45ed-a383-8aabc54deeda
08699f90-232d-4d6f-b464-a8362eddd553,Kristin Nichols,1981-04-25,Female,et,df15f365-74ad-4a83-972a-0c0e88d74b49
e84773c0-d65a-405a-a926-36df9dbafeb0,Sonya Sawyer,1997-07-09,Other,German,2a2e19d9-235b-4555-80c2-dc08f6f46b02
47558df4-eb7d-4966-93bc-d46c57ca876e,Benjamin Ayers,1976-08-15,Male,de,5a07ec9a-72d8-4c63-9214-5715f7794e50
bcdf2a8f-e286-4b45-b0c8-1e9dce238c08,Anne Sampson,1977-12-09,Other,Dutch,e215dba8-10d3-4228-9712-dd213cd5f568
6d30e351-b4e2-459f-8535-eb23f1200d5a,Linda Pittman,1975-10-15,Female,Estonian,b25c3303-b8c7-4897-968a-22d75eb60291
fbb11c85-13b7-4a6f-8ee0-060d8a4b6c04,Angela Wood,1973-05-31,Male,nl,d7c98ced-7495-4496-b937-4e659f9a40e6
654dce9e-9a97-42ee-8400-6c7f6ca3aeb1,Harris Caroline,1972-05-14,Male,et,943b2d70-bc26-4f3a-87ed-b957d44d2642
9951f996-f74d-47f6-a78d-d6d5bb21a55c,Hernandez Cassandra,1974-04-13,Male,nl,ab77cb87-8c4f-4370-b3dd-c13a7113b9d3
06370725-98e3-4389-b3f8-1d8c29cd9995,G. Holmes,1987-07-20,Male,de,2d9e3366-4262-4e48-8a17-e18ea41df089
83f8f513-31b9-4969-b813-6fcb307fc65f,George Morrow,1998-12-24,Male,German,4994fc58-1037-4004-94c8-814ec6e3ac57
a0e9ae89-c3ac-44a7-8139-ed7382a7dd4f,Ashley Kemp,1959-09-17,Female,Dutch,5459a109-eda9-4ce3-bd77-13449d68155a
a4cb0e4a-a484-47de-ab54-8ae3496a8d63,Alyssa Williams,1996-10-26,Female,Dutch,afc1a39c-e302-4319-8975-29260df9d636
f9882be3-b26c-4010-a8eb-d5f529d1f5bd,F. Aguirre,1976-09-11,Male,nl,34714604-1114-4112-ab8e-8e886e2d5785
2b34fe3e-e0b9-4bc8-8e37-b19424c137af,Elizabeth Chn,1996-01-26,Male,de,262dab33-8a42-4595-b6e5-729692cce859
19830ae7-9df2-4d2f-b5fe-01f7f4a1a068,M. Knight,1960-01-04,Female,et,1ea0f50f-fa57-4379-aaf4-f4d0ac08af2d
2cf49169-286b-4a3a-9fe3-f432061129ea,William Bailey,1973-12-28,Other,et,ab5d4dfe-9eda-487c-80b4-1fee54776ae4
b21aace6-648d-4b29-90b6-0039a69eedd8,Chritopher Harris,1961-09-21,Male,et,9ae2ec0e-d809-43a0-bdd3-73117869157d
6aebb544-f5a0-4665-addf-569249615d6c,Mr. James Mccann,1996-07-03,Female,de,f771141a-172d-48d3-a6b9-506ffcce5ea5
3540eeba-c4ec-4a6c-bd6c-dcc398a73c9a,Smith Dawn,1991-06-21,Other,et,8140116a-0e15-43b9-aad0-cd646db491ef
60f996fd-7ca1-411f-bad8-9360bbb6585e,J. Flores,1968-09-05,Other,de,17415390-0383-478c-ae09-b65178e0882b
2222b273-5d53-4ae7-ad7d-b2ef061c1232,Krista Maddox,1992-03-04,Female,Estonian,36d3d862-dc8d-4843-9e3f-9eb026bcf48a
4be79807-3551-4637-b075-a321b58811be,Steven Smith,1989-07-04,Other,Dutch,f6919caf-c8de-4d03-9b70-a8f662f0a848
996c82ad-48a9-419a-8e9b-db9b83b0eebc,J. Gonzalez,1975-02-21,Female,nl,ae51643e-9444-4514-9bac-c235634db5c2
12f4a710-c5ca-4846-a2b8-405a4de5c6b8,G. Martin,1970-03-27,Other,et,fe9f1c81-1658-4c4c-aea5-24120b7cbe8b
d1dab9c3-4fb9-4799-af02-5e54b7760bcb,Miss Karen Stokes,1979-09-24,Other,et,c9c8e1f4-8f98-47e7-8f5b-54b69b240792
85d32aea-9c5a-4559-8de1-d91c91c9d3b7,Jennifer Velazquez,1980-24-06,Female,de,fd4ff9d0-7b03-4250-8844-da6fe655c3c3
84b0812f-e53f-4d0a-9f2a-93df6e378f20,Jennifer Pal,1991-04-23,Male,et,d5e6b68c-68bc-4dc5-b058-07a70a3028a6
d379e8e6-72ce-4af6-a100-09914bf9e241,Wagner Amanda,1974-09-27,Female,de,2dba7639-1f74-42a8-93b5-2c66dfeed49f
8151b3cb-bda1-4c44-9084-7c0f5088ba59,Mo. Nathan Jacobs MD,1970-04-08,Female,et,b5f6ac58-2f7a-414d-8133-8086d5fad65d
416fe6ce-34d3-42d6-a272-a7219be0e3a6,Watkins Claudia,1991-01-18,Other,de,8f4dc7fd-ca33-4ee7-b318-76add2fb0c0e
aecc7160-38a8-4f50-911f-78f04cfb8294,Tara Copeland,1992-14-10,Female,et,00474d3b-3836-4d35-a033-8ba54f756eff
730d3b43-d8ea-4c29-83ab-441baf26b4c7,D. Anderson,1964-06-08,Female,de,b7071e52-2cbc-4d49-ab06-5d64234a5c47
e36fe0d6-2701-4484-b914-7a7899abbf1f,Tyler Shroeder,1997-11-26,Other,de,ba03b424-eaa9-40e4-a0ed-54e4022ea6d9
f444ff91-eee5-42f3-9ae2-1b13231211ff,A. Dunn,1974-04-17,Other,de,3cc61e47-607a-4f4b-be48-320c22d1db52
f78d8067-1287-42b6-bd3c-85fa223d614c,Andrea Miller,1985-05-06,Other,de,883db756-be83-447b-b9fd-87571ad257f6
a9f3d24d-5ce4-41f7-9165-b51a89026120,Deborah Miller,1993-11-24,Male,et,be1b885c-4528-4081-a516-1a13757bfaf6
cc8415d3-6740-4ad1-87cd-87d237c60336,D. Arnold,1973-07-05,Other,nl,78150b10-51e7-4811-9323-cb9208356ac7
153e7f43-2199-4b6c-b6fe-f7c2d27bc605,Carlo Webster,1976-10-25,Male,de,deda5cd0-31ce-496d-b441-81ec78d9c68b
9d5b47eb-91de-4ac6-ab4c-cd703ecab362,Steven Jones,1973-01-11,Male,et,620db629-33be-433e-81a0-fb2b2d3ef01f
18249178-dc47-45c6-9480-7b84daadd0d9,Michelle Marinez,1968-12-19,Male,nl,b1c519ff-64b2-407c-8d15-e4a488fa964a
4a84603b-39fb-4bcb-8c16-2782f618977d,Megan Osborne,1983-14-01,Female,et,c28d7434-a541-4a4f-8b35-37155a7af57b
f99e710f-14a9-46b7-bfbc-3504d346292f,Smith Joshua,1962-09-15,Male,et,6262f02c-2f46-4003-92cc-42b1d35e651d
3ff91f8c-58ea-4493-97da-dbb87c92deb0,Willima Garcia,1972-09-19,Female,nl,5d46cee5-1f28-4730-a65e-c08e5277b1d5
066d9254-d392-45bd-9b30-75a8d3a5a848,Madeline Moran,1979-08-28,Other,nl,17ea3224-df78-44e8-b8e4-03f41cef2ed7
b6daa98c-01ef-47fb-94ad-b64aaad08553,Smith Meredith,1959-09-13,Other,nl,3d00a942-59ff-42d2-bc62-e5d4a24d1ff4
db2b123e-2251-4df0-b630-7f4e0208d189,Daniel Camacho,1991-05-03,Male,et,58136911-2f6d-4c6f-bb52-950b593b05d6
9da945a1-0aff-4861-9fcd-32b66d72e71b,Amy Coffey,1987-12-21,Other,German,15cd5b3f-2ee6-4632-91a6-5f7e593c769d
faaaffee-aa54-4ffe-b30a-11df843bbe98,Stephanie Hutchinson,1981-02-23,Male,Estonian,3c2eb529-533f-410e-a925-1a6bd5e7fd13
b7969556-9e20-4a30-b79d-041dd6d7aa9c,Alicria Wagner,1961-06-28,Female,nl,50463dca-4b7d-41e9-8eb0-0e647b3deac0
2df6b7b0-3048-4cbf-99ba-6db1b86325d5,L. Arnold,1980-08-09,Other,et,45237c7f-ccbb-4ccf-b0f6-927645dd034e
34760259-6725-4f6e-8c41-03d731557ff2,Shaun Jones,1981-08-16,Female,de,014de060-ab94-4665-b3b4-aa33f3247312
d0ebcb3b-d427-47e1-b16f-4cec0f08772a,K. Gomez,1973-03-28,Female,nl,7d18cd7a-a45d-4f73-928b-dddb6f0b0ffc
a8b4565a-6cc6-41f8-ac31-6af4acc2e0ed,Jones Victoria,1968-08-30,Other,et,a9c8f157-44c6-4558-b6ad-5ce78f6eac32
739f34b4-ad5a-41ba-9141-97387ec6fb4c,Jennifer Miller,1991-13-03,Female,et,442f4f75-7f76-4e05-abd3-3f5acd13b341
60c085fe-8bc3-46e6-beb0-1fb34778b64e,Jason Davis,1993-11-12,Other,Dutch,24d1ef23-d773-4e03-bdbb-abed09be3ba0
33b7fcd9-069f-418f-84ec-24349a8e2a51,Mr. Robnrt Holmes,1980-03-10,Female,nl,386c4a4d-65d9-4352-81a4-32c730fe697f
d9cc401f-0767-4c9c-8bfc-cac98a0b5f8c,Cook Michele,1970-06-30,Female,nl,e8d22880-f829-4d12-a16e-7eef03a4b12b
089f13b1-b482-4efc-a69f-adecaa5aeea3,Mark Nichols,1964-11-05,Other,Estonian,e49703e6-dd2c-4644-a4d4-c712afb87efb
322cf0c0-df15-4d0b-951b-4dff1af42cdc,Kenneth Miller,1976-07-10,Other,et,deff3219-7455-4364-ba80-8acb074b68af
b4ead10d-f705-4d91-a2a0-44f57ee65505,Frost Rachel,1974-12-18,Female,de,e56d6c41-0f55-4626-ac86-08cf6dc0b90e
328b0909-04df-4f1e-bacc-e054e05c6d6d,J. Clark,1962-05-03,Other,et,be4d34e7-ddeb-4b79-8c36-94774a589e5a
bfffe800-ee9e-4f2c-927a-399c1ad1c12d,H. Munoz,1977-10-04,Male,et,c8f37321-336e-4a9c-9ffb-1b7c2b484f0c
2a6c515b-5974-4238-a424-a4b214d96a62,Noah Mcdaniel,1996-17-01,Female,de,2dbc7cf8-47a4-4bbc-a93d-4c2db9183c04
5b7bcd35-e71b-4e9f-8639-46db0d64e123,Jones Peter,1972-08-01,Male,de,b6c59c89-eac3-4b2f-b37c-28df5bb9b95b
3a1816e6-8d7d-42a4-9dca-21686704d5bc,Jones Kimberly,1982-08-30,Male,de,32d61c3c-9548-4a8a-9a76-2794bf392fa4
dad9224c-6b2a-431e-be29-7373ba466179,Kimerly Hill,1961-07-14,Female,de,0392e2fc-5e69-4185-b51f-5feb146c3606
c2b3a513-4593-4e2a-ba0c-72513056060f,Cindy Molina,1966-05-27,Other,nl,a31d73f7-379e-47f0-aa11-73a7809548f5
eae838b8-5aba-454c-ad10-6862ec818c2f,Joe Miller,1978-12-18,Other,nl,9bf0d2a9-70a6-4ece-9e67-27cc394a9978
dc3bb010-eb85-4a03-9e82-510b0dee0a5a,G. York,1990-11-25,Other,nl,9cecafd1-fd36-4bf4-85ab-2a309c6f23c7
2504e34b-15f0-4d77-9d53-097a23db7822,Justin Francis,1995-04-01,Female,German,1be7c27f-194f-4f0c-b1ca-b1541cc5fab2
d399cc41-70fb-4f60-9027-d8661093028b,G. Ellison,1989-08-27,Female,et,0f815b32-2a3a-49cf-887b-6c7c9213599e
bbc11a23-936a-4c09-b79b-08f75c3c4ccf,Noble Matthew,1964-12-25,Other,de,d06b476e-5355-4109-a8b3-405d59d99701
54cff946-e1df-4d49-9548-93747161a220,Diana Phillips,1998-04-26,Other,de,df4475a7-544f-4b97-bcf2-262293728acd
d6934f2f-dd1b-4dfc-ade4-361aa7c0c88d,Sherry Cowan,1972-03-18,Female,Estonian,58b243c0-bae3-4e7f-8239-77c67e0e538e
123d5b69-1bed-4e12-a63f-3a1e12d0ce42,Rivas Sharon,1980-11-29,Other,et,d2f43484-14cb-4468-b119-84f8da7e6ba4
2b930dbb-4867-4b5c-b616-8838a00e24db,Christine Cole,1999-01-19,Other,nl,17a8fb6f-87a2-4475-8094-e73cfae78eb7
891b8315-8e31-4063-88cd-dd79ca241669,Miller Wyatt,1972-09-17,Female,de,4f04714c-714e-47f6-8ea7-4f83efaac2b6
0ef37f4f-35a6-4d85-8ae8-33492807e6a1,Adam Bell,1995-01-03,Other,de,b697407d-ea81-4c62-a8d0-d328bfb8acbe
05659389-2f07-4602-9ee2-9bb523904136,Z. Oconnell,1960-01-22,Female,et,9c2b4d4c-ca7f-40cf-b485-16db0376fedf
206f49a2-a842-4f65-b53e-e67c2b64f615,William Brown,1966-25-10,Other,de,7234a9f6-17ed-45e1-a687-24f4a7e2a1fc
6acd1797-3535-4cd8-98f3-87c6773b5ab1,Kenceth Robbins,1998-06-05,Female,et,53d69a8c-b794-443f-944e-d56374bf8b3e
9c08f8fc-90dc-4a35-9d0f-bfc343231039,Keiqh Livingston,1995-04-15,Other,nl,f01ccbe2-3287-496f-aef6-d8c389d0dee9
5d5b91c8-5ac3-4173-9294-383179642a33,T. Garcia,1993-06-08,Female,et,19dc80b2-ebee-411c-aa36-05199fea5aa9
149383aa-4b59-4aa5-b56a-301166aff274,Karen Cohen,1996-26-08,Other,et,abeb1920-d922-4870-86e4-09d3a814b534
b18910ce-d4a1-4bf6-b6dd-de5a3e9c723f,S. Smith,1989-10-03,Other,de,46176c53-6b01-4aa9-a239-3a81c47e6b29
36259076-5003-4945-bb85-f5a12bb8656f,Kimberly Mills,1987-04-28,Other,Estonian,24dd9fd3-305a-43fc-bdac-32a7cc12c55c
6759b042-5c3b-4178-acd7-d3d412ea7c34,A. Ibarra,1989-10-22,Female,et,eff967f7-46ed-4862-ba0e-7eaeaa629c3e
c8c1570a-1b68-4949-9bab-d09b530eb0b9,Jessica Jacobson,1979-20-05,Female,nl,d6195266-9087-4788-bec9-b2a1f628f690
61afeeaa-14a0-41ea-b4c7-ff447a5bb163,Chermyl Rodgers,1965-01-15,Male,et,06c300a7-f2a3-42dd-a619-f49c76044118
08a40601-158b-4d8d-8235-16a4394f9fa5,C. Stewart,1967-07-24,Other,nl,5b78f97b-3568-49e6-ad59-df0693e9e9bd
b738c053-a2a9-4f31-ab28-9808da4c2d89,Judy Williams,1965-02-27,Male,Estonian,90b41df3-29d8-401d-b658-111a1e8a1bf6
83b4eccf-b6cf-4f2f-96cf-cf647aa72e7d,Estrada Willie,1980-09-23,Female,nl,cec23762-bf7c-4d9a-8f12-52ea93a108f1
b2e76acd-2ec0-4c5c-97d1-3d0a51970362,T. Nelson,1977-11-12,Female,nl,ffe1a041-a396-499a-83cf-a29f3a5e991b
3a40eba2-7ecf-41b6-89e6-ef3e01c1b033,Lee Laura,1966-10-05,Male,de,4cadc65b-a3b2-47d1-b64b-9c77261d0229
406977db-bb4b-41b0-83c9-d259e4e8f65b,Joshua Roberts,1986-03-06,Male,et,bf0bb058-541c-43ec-b34b-8336a27ba644
d5171697-cec0-4f96-a862-751b83b358a6,Lee Melinda,1973-10-18,Female,nl,bc36fa0d-cc96-4951-806c-499c1d0a6bd3
0199558a-393d-45a4-939c-c31d8b939e35,Sutton Lisa,1982-02-19,Other,de,e2d61ef1-dfb3-4c63-9105-41a8ccab09da
44c08a41-7155-477c-8dad-0f9f7cf6348c,K. Taylor,1999-06-10,Male,et,9d46ac90-fb8b-4961-b5a0-6841371f2417
80267b83-490c-481d-9c8c-de3da2528b6a,Mawy Kennedy,1965-11-12,Female,et,514d9162-f1b4-4d5d-b8c2-043e31ab6131
a4b0c2eb-7ab7-4e4e-9cec-b90f0ae49a8f,Teresa Clayton,1985-04-05,Female,de,aef4b136-a4a0-43d9-a1a3-270b1c0d0d4b
1337a79b-1977-4e7a-9011-ca98ed054035,Wright Brian,1973-05-08,Male,et,631da244-a76f-418b-b3cf-2334f57c7baa
9d026ae4-e291-4499-a427-ac2b76ccb168,Mary Butler,1982-02-12,Other,de,27c9cad0-a497-47fa-ad92-25273f776c1f
66ac8b9e-fec8-4087-a82a-79bf19258e8a,Brooke Salazar,1981-07-27,Male,German,bb8922a8-18f6-49be-a17f-8abb5f351b27
92a4199c-01f2-4337-86c8-e67f693e1eb3,Warrcn Mcfarland,1978-07-06,Male,et,71dbdf32-3dfc-4406-b0ae-dede82ecd659
da313f95-7e00-49cf-9b13-c119133cebfd,Robert Logan,1996-01-21,Other,Dutch,792589f5-5cb0-4802-828c-2557fc6c8f1e
cf019c89-8d15-4913-bffa-286595135450,N. Hays,1963-02-05,Female,de,faf509af-d334-4b74-a5d0-ed96cae2053e
be454e80-8e0e-4ed1-8150-2e2ec48b6e3b,Timothy Phillips,1998-11-29,Female,German,8ddfd266-f9af-4c5a-940d-a75165599e5f
1e5a8c6c-1c82-4502-b71c-d5fca9a6047b,Jennifer Weaver,1985-11-08,Female,de,3f410b3a-2493-4829-ae7d-609ac7a9ccac
43934812-cfdf-49bc-aa9e-7e58e708be66,Whitney Evcns,1992-01-18,Male,et,dde046d2-e4eb-46eb-a936-8bb745ea198c
97a2b3d1-7936-4b91-aa50-21139a73473a,Hunter Stanton,1993-12-09,Female,Dutch,8960b388-5154-469f-86f5-c3e0c3b82238
69e9d51e-2f7c-44f5-a20c-56fffa779e91,Heather Cannon,1963-04-04,Female,nl,65a4c117-14a5-46ae-862d-6826337a190f
dba08a55-664a-4504-9318-6978368b6a5c,Laura Stephens,1992-02-06,Male,German,a09a5ae5-c286-4396-9023-9b414c7ad4c1
5940ac42-0db1-488b-9aba-95e2c34ccfb5,Davis Jermaine,1984-09-24,Male,nl,9c1315b9-4246-4ad8-96cf-e7d7265b0e2f
8af50ce3-5c22-4cf5-adb8-68922afb9dd2,Sara Walker,1966-05-01,Female,Estonian,4f861a7c-0958-49f7-a10a-22d984a01681
1399e3cb-3c56-418a-8368-4b34df6481ae,J. Davis,1965-08-22,Female,et,9358df7f-4576-4838-8d53-b26a4f3455db
8601eeff-a8a9-49a9-b44c-9c49533d3783,Joshua Meyers,1961-05-24,Other,de,b6d815c8-d385-48f4-b596-a3d91e385e0d
7d719841-2d8d-410f-8a26-53334b585193,Mike French,1997-19-02,Male,et,e0144dc6-7007-479c-a529-f8d2bbefa7b7
a541364b-6b72-4ee1-b396-7025faf3c572,Matthew Gmable,1967-05-28,Other,nl,b91e88a3-a5c0-4bd1-ac6f-4eb7702cd372
fbecf2bc-9864-4134-9e58-8d41d12cd73b,Samantha Jackson,1980-07-30,Male,German,225b3160-930b-4206-bdb9-8fa5529f9830
bb051c94-32f6-4d44-89d6-af868867adbd,Amanda Jenkins,1985-10-23,Female,Dutch,f9964ce4-e96b-470d-af6f-19dc28067701
341910d4-2583-4ff9-86d9-7b2689023a7d,R. Perez,1960-07-12,Female,et,f47b6801-82b6-4743-bec3-549bdc9fc789
b9e45d95-39d0-47eb-8ebb-c01f552ab8cd,Heather Sullivan,1992-08-25,Male,Estonian,f8d8aa35-0662-4d25-b1dc-69d9f266ca38
24532379-f8be-4caa-9723-29afc918b4d9,M. Washington,1970-03-09,Other,de,b0472333-e1eb-485f-b837-ae57fc942434
44e488d2-99f7-4c21-b381-6250739cc75c,Nancy Wiggins,1999-08-26,Other,Dutch,8666745b-019f-4768-b836-71c32258e52c
114f9566-a055-49f6-bcf2-6410c4ad215f,Lori Perry,1970-26-11,Female,de,9718249b-5130-4d58-bac3-8a289d9bc00f
b0735344-4d77-4743-9353-faf28dfe24f2,Nelson Mikayla,1975-10-23,Other,et,f3a52128-803a-4a5a-be0a-7b9897f9d551
c721a535-7d9e-4b0e-b543-7e8163027432,Nancy Collins,1980-10-31,Male,Dutch,948cec0e-791c-4c09-be5a-c65c1d3a3a2d
4b5577b7-8f2c-4531-8778-a53701a73f5b,Ricky Diaz,1995-31-08,Male,nl,812e0392-94a4-4efa-a8dc-ebfb1f3ab3c2
69463e12-3425-491c-beb6-73a5e554e71f,B. Graham,1997-10-16,Male,nl,2c0848d2-5614-4ee9-8b2e-0c0ca632b041
dbaa990f-271e-4206-a828-f597c75d2a4c,Mills Heidi,1960-09-15,Other,et,e933dd92-4545-41c9-a782-bbced51eed76
920c77b9-dee4-4982-afee-6f105951d86b,Justin Mendez,1977-11-30,Male,de,8db3b86e-2c55-4b06-b7f8-0b4da1328a13
43366fc5-316c-4585-8aae-fb18f3f6008f,A. Murphy,1960-09-16,Female,nl,0fab2ba6-c8d7-4195-a8c3-bb899d3141ba
cd857791-243d-4732-8527-89e844a35ece,Colleen Sutton,1968-04-22,Other,German,cd38c0a8-719e-4fe9-bc4f-18cb93bb031e
6ae0f6fe-5c05-4e7b-a8ec-99c5d69deec2,Amanda Suarez,1992-12-04,Male,nl,36283e54-8deb-46a9-a8a9-92bf5c170c5a
06e10203-b95a-477a-bc80-975c2c67d393,Bradley Miles,1989-08-04,Other,de,14ac5940-8e7a-4a66-8bb4-85bdb7d794a6
71d5d8cc-2dde-4b26-b22b-03320594745c,Lucas Larson,1972-07-25,Female,et,b07c6e71-e9cf-40bf-8a88-3099fe8f5069
d6161a53-b175-499b-973d-0859eccf8d21,Stephen Murphy,1990-01-23,Female,et,c3f884cf-c97f-4ea9-b835-83a6f243cf16
6b5274fb-b00b-4415-b15a-cca1725fa041,Olivia Cameron,1972-04-12,Female,et,cd8b061c-3c68-4a3e-b26d-a92178c632f4
ea681e8a-ecec-4675-b851-b26b1c2bcda4,Daniel Lewine,1979-01-27,Female,et,a3ce98bf-1834-4d46-a9df-9d9756d90e08
43ec3f5b-8329-4f0c-9e34-8bbfedc95dac,Ramirez Amanda,1997-12-28,Other,de,2d9030e3-001c-4f71-8561-fb1e9e3e653a
f280ba20-b0cc-4709-9527-acd41518f14c,K. Fernandez,1961-09-06,Male,de,86615a3e-a11d-4922-83cb-7a8d4bb10dc9
aede29ea-85fc-4148-9263-a0e4f31102ea,Brian Vazquez,1973-25-11,Male,et,2462c92f-6a8a-42aa-b431-2fbdcb9693e3
720e7161-5c1a-4ed7-9d79-8dc84255dc12,Danielle Miller,1974-29-09,Other,de,47bceec1-ccae-4252-96cf-f1908e84f56e
74a5ed0d-5b90-437e-82a4-c50b50adc58f,Ariana Gardner,1983-16-01,Female,de,5f6ce363-6b90-4633-88a5-74df67e4598f
b44ded60-2e79-48b5-ae22-267fc70cce7c,J. Barry,1978-06-15,Other,de,21cd5ced-aa47-4ba5-8bd8-07506ab43621
0c2d9cac-77e4-4e09-8cdf-f46e517c1625,Abrgail Thornton,1983-03-04,Female,et,2885e5b9-7c46-48f4-b910-2226a8a84175
330249e9-c6b2-43ac-a60d-070919982700,C. Roberts,1961-07-19,Male,nl,520c15d1-20f9-45af-8c0e-38f5d6b4d4a4
738eb233-6a3a-4b4f-83a1-81172b75b8e6,Austin Bray,1993-02-09,Female,de,7c6446c3-147c-41ad-a66e-1653b6d773ab
ff8b463a-e18a-4731-810e-a08e49729f2d,Smith April,1982-02-26,Other,et,6ec8c616-29ee-48d8-80e9-55afc154784b
3ac4a8b7-8596-446b-8071-d701d7a8e9c9,M. Smith Jr.,1962-10-14,Male,nl,3f5447e8-4ec0-4d8f-9185-8c3935d9c56c
e98c1f33-c9df-4342-98d9-a9829e6e079f,Thomas Murphy,1969-11-16,Other,German,395e7c05-c23c-4076-9173-4909edf53388
aa4e3fe6-d7d7-4781-97ec-547b33d1a850,Tonya Warner,1981-04-27,Other,de,0e75601d-3e14-472e-85c6-554712c8431d
57b08b56-8b8f-4c54-8882-1b1cbe6faf62,Melissa Campos,1995-12-27,Other,Dutch,848489e1-af06-4b31-930b-1781df27fbf8
af0586e2-d419-4e9e-bc73-e859f1e5c8d2,Alexis Permins,1990-08-27,Other,de,1f9363c5-478f-41db-9a86-78f491799fef
13ba68d6-3625-4f1d-b3b0-da1bf064e1de,Robert Morgan,1986-06-03,Other,de,ebebf71c-20b0-4284-a386-35ace66e4df3
39169548-8d0e-443c-9749-975049d7393c,T. Vargas,1982-10-19,Female,de,6c38ad39-9309-471e-9430-067d7eddaec1
8d17415e-fe41-4f5b-b8bf-30579aa79bca,Aalexandra Miller,1967-09-01,Other,et,d43e28e4-d973-4723-938d-495cd862f72a
9ab4e638-9da2-4496-9fc3-44317675c0ca,Jessica Scott,1975-08-06,Male,nl,4f228557-d4cc-425d-a314-1aecb7701f17
c5ae0668-140d-4bbe-97a4-810146a1f40b,R. Martinez,1962-04-02,Female,nl,d337f163-69dd-404c-81a6-e36156777b91
3dea578f-1a7f-4a76-9e9d-0529abb8b485,Donna Hill,1969-03-09,Female,nl,c46ec789-dad1-4e60-a03b-82fdc5cc4d26
bd6197e8-781b-4a7d-8c50-fdcce1bec65c,Toni King,1960-09-20,Other,nl,5d35d152-8aa2-4f5c-85ec-93e0efdbe745
daced92b-de66-42bd-bd31-b6c20ad14fba,Thomas Curz,1983-10-02,Other,nl,3c1a8da6-07fa-415f-818f-5596ce4732c9
ae04d452-3f29-4f6c-b439-b8f4afbd6f0b,Brandon Page,1987-10-12,Female,nl,036ab80c-acfb-42e2-b673-f323aecdbc19
52118ae5-f330-47f5-8514-9d0cf27e5db7,Lisa Mordles,1992-04-07,Female,nl,21f8a1d9-ca87-48d1-abec-9b71abdfffb8
75856fe5-7566-48be-92d8-5d458a3b43c5,Angela Patterson,1979-01-06,Other,nl,5edda134-3b64-4f36-a6d8-1f21e474c3d6
bbe3c82d-43e9-4ef3-9bf5-1abcb56e9083,Jessica Morales,1987-26-02,Female,de,47bcd6d4-c67c-46e6-8b4a-be42b6313f8a
54e343a1-ff05-4328-82d1-864e72eba4e3,Shannon Figueroa,1990-07-31,Female,nl,ec93a554-965c-4155-9378-f200db24eae1
d471fd46-b69f-4836-9cce-6fef945cf3b9,Justin Lopez,1982-09-24,Male,Estonian,e6870a9c-332b-4dc5-bdd9-39f2858b6ccf
9d4b42bb-134c-42ee-a626-1b9a77b6ee74,D. Holmes,1961-07-24,Other,et,4ff3323d-b566-43cc-97a2-65af9b2de157
4116ccc0-4f8e-4f48-b10b-c29feb8a81ab,Lisa Nunez,1974-19-09,Other,de,005a8bd8-c6d7-4a3f-a772-34e47ba9c774
64b0f7a5-a940-46c4-ada2-ec354a62a269,Gregory Johnson,1962-03-01,Other,et,c3bc9a0e-a3e6-415a-aeea-871e12071245
a40880f8-9dc4-4876-845c-8ad1b351ce5f,V. Moon,1986-11-10,Other,de,43b4f0dd-ae07-4d22-a3c5-6f1b0b10c800
0affab60-93ac-43a4-98af-e42d7b9aa8b6,Jacqueline Hamilton,1962-22-02,Male,et,04f42d78-5248-47ce-aae8-23583b851725
ded198aa-d04c-4c38-b94e-e8f9ee7a8d96,Moon Cynthia,1966-01-16,Female,de,92a01650-675c-462e-952c-b7cbeb0e6b67
430bc42b-cca1-4546-9ff4-36e2f1246545,Elizabeth Martinez,1976-03-19,Female,nl,4a732fb4-fee2-4dee-ae21-ddf2bab2fa1b
be4ce4ad-44da-4ad0-bd53-eaa25efc634a,Agela Gardner,1969-04-19,Other,de,22bc0872-c321-4841-aa0f-fa365fbed958
85f1122f-0645-4730-b391-9f04a3e1f89a,E. Lamb,1983-11-29,Other,et,2dee524f-4f2e-4e18-a853-dcc9c1d65ccc
f15337b2-62aa-48ce-acfe-6d9e23cce8fd,Yolanda Taylor,1996-06-01,Female,Dutch,87359c4c-cd99-41c9-b755-0ce680c69732
ae65c2ef-b607-4196-9d0f-764d3351363b,R. Moreno,1975-08-01,Female,et,d882ba71-c670-48b5-9df9-194b24a2d638
89753a24-fdb7-48df-b3ec-bfe44d503649,Gregory Fernandez,1962-12-12,Other,Estonian,e6a2b2ad-12cc-4c6b-afd4-db686a8e892e
46cf7e2c-8f86-4190-8ae1-5256f632c9bf,Wells Rose,1977-08-27,Other,et,c2190d6f-92be-4f7f-b6de-e339b27a09bd
ea6cfe00-8fc6-47c2-ab99-83e2bf39a0d0,Donald Morris,1960-28-07,Female,nl,da14fddb-356b-4a96-aedf-22ddc83e002a
a5346569-04c4-4be1-96de-8782cee47f9c,Christophre Olsen,1990-05-24,Female,de,d7e3ba57-ca07-4a67-9ca5-7c822df850c8
ef9d6f28-eaab-4c4b-9f48-91d9fde73000,Colleen Coobper,1975-05-30,Female,de,4d85ed13-aed5-4e40-9319-39ee33ba8d06
fd46037d-142f-492f-b6fd-c3d34ef64f8a,Paul Dana,1985-04-14,Male,nl,1d1e455a-2fea-4ebb-abce-a2fc663841cb
42f8ab70-2cfb-443e-bf09-c1efe10076d6,Jack Bishop,1969-03-12,Other,de,40acf803-fee7-4daf-a2ad-329b9e9c6ccd
97be309e-56ba-43e2-9e06-987dd2cf9dfc,Patricia Bautista,1966-04-04,Male,de,c665fd1e-294c-40de-9027-d27b57b5fe7e
d294b92d-6e25-4e3a-9df0-9dc7a08ff2f0,Lisa Moore,1988-08-01,Other,et,411b97ae-a2f7-4445-a1e5-a0f8c6c3a411
37f42246-0db5-446a-b350-0fe132b61709,Jenny Baily,1973-03-14,Female,nl,ce5831b7-e3da-40b6-9328-ece006d5abd9
df66ddd4-e6a7-4c19-a225-429124bcf79b,Matthew Jackson,1993-01-07,Female,nl,67f95cb4-6044-4a2c-9fef-bfd1eda2e63e
967684a7-a93d-49cb-b414-47fdbce20995,John Lewis,1978-06-08,Male,de,727cc9e6-3904-4182-9a43-b266601e40bf
1694663f-2321-4e62-9971-0597294a324f,Luke Faulkner,1998-01-02,Female,nl,e34b824a-5d71-488d-a2a0-da088ba116d3
60b986f8-3c7c-4116-bc5e-46862cf5efd5,Shelly Bugrgess,1985-06-22,Female,nl,6eb8f2f2-6968-4ce4-8645-11ec8f14e2f9
143b06f9-7f8d-497a-96e1-617b9d7297fd,D. Murray,1992-09-30,Male,nl,9a8cfedc-bb54-4a1a-bcfa-6aedabd73d6f
26012c97-c0dd-464f-ac72-9013eb331463,Peter West,1993-03-22,Female,de,601e6607-6590-489d-b44c-c4c8db86b5ab
fa14c4af-f7d9-4b57-b9bd-5ac3d932b461,Sean Evans,1973-04-16,Male,Dutch,58a550c1-e4b4-45e0-9fec-ace9aace7a2d
a9d37848-145d-4233-81ee-fd6eefd6ac44,Jill Castro,1972-04-18,Female,German,d163d082-ea1e-4ed8-9eb6-a42599f58f7a
114aeaff-4942-4e2d-91a5-03ddef0472a0,Howard Hamilton,1976-28-11,Female,de,22c26ddd-f02b-4439-a06b-aca993558bca
c51aee98-93f1-4751-98b6-9247917dde84,Debra Brown,1996-18-05,Female,de,354049d6-82ba-4396-bf6d-cd1aa8b2eb7f
a28ef734-a7ee-4977-aef0-bbc80af8e09a,Michael Bentely,1962-04-20,Other,de,948551a6-5402-48ed-bb56-1d1973418c71
89ff00cc-06bb-4a5e-a2cf-b6e9d555844e,Curl Anderson,1959-06-25,Male,nl,12e00905-d492-4f25-aedb-c324bdff359f
5ab98e7e-35fa-473e-a9ff-cfaf8dcde22c,Steven Boone,1973-03-30,Other,Dutch,555f146f-fd04-4de8-a5a0-afdde24c52d5
ec5ab03b-4181-4e62-8dd3-e5229c2023b3,Eugene Fernandez,1973-03-03,Other,et,4f1f2303-a90c-4d0b-9c1f-809b86f716eb
4f33d36a-f4e6-49b2-a3e8-288f911f6103,Christine Gomez,1974-05-25,Male,et,47f8ae3a-41ed-4aa7-bfe3-2033cb833fc9
7de046af-c81c-4907-9534-5e50c51940c4,Jason Holmes,1982-06-17,Female,et,fad27d88-8d89-4690-9df3-ff42fa5587f7
88e4db40-2afb-4c40-8c38-f80217b33047,Anthony Hernandez,1986-31-08,Male,de,71813db7-6c20-4fe0-a6e5-c4f92268315e
2055ff2c-9c74-47b9-bb5d-294a30a79fde,Hawkins Derek,1971-04-26,Female,de,30c86488-eb3c-4c6e-acc0-2325322ba1ee
1f2793c3-56c4-4a68-93db-79fecf04eca7,B. Clayton,1971-09-27,Male,nl,7ee132a3-cfbd-4b03-91e4-7df05a9910f1
6b06204f-a85b-4c98-a01e-9f5770477c24,Kenneth Stewart,1960-08-10,Female,de,efba6ac5-f0ac-45ff-9bf2-158f31a1139f
be4decf0-6ea1-45fb-a72e-ce43659d7ca6,Ashley Cunningham,1972-26-01,Female,de,f23d3d44-b93f-4bf9-bdda-07f4522b4d3c
27ddeec9-0ba1-45e5-b9a2-9732b6e13a7b,Crrla Church,1963-09-13,Female,de,92d84f6a-ff86-45ba-88e2-9629bf0780d2
ca9e33a0-d5dc-4c55-b5c2-77f0ad97a6d5,Larry Harvey,1961-12-10,Female,de,1475161e-0cd7-4ea5-87b0-08f8c24005ce
8d27d170-ed7e-472d-8499-44f218c0ed29,Joseph Villanueva,1981-12-30,Male,Estonian,c5c32fa9-f1b7-4d13-94ba-9c0e19e020cb
5382318e-0032-4a15-a70a-60ae7d970eb1,K. Clark,1970-10-12,Other,de,9d6f40ae-88e9-448f-a993-3d8a0f6849ad
16ea3d0e-d6c0-4bc0-b54b-e24b436f364f,Nicole Moran,1987-08-15,Male,et,89efe203-4389-4c73-993e-499cf5411e71
89551f4a-eca3-4ab9-a88b-c0b710f3b3ba,Eic Fox,1980-11-02,Male,de,1a5ba8a3-4631-42ca-8ac5-fe85f69bc353
615594a3-9547-47b1-b53d-63bb71a85857,Gabriella Hicks,1987-22-12,Other,et,c570e7d0-af1d-413e-8a9a-018b3b6b7446
65aab6ce-22dc-4b71-81a4-7697daaf8e72,Jessica Brooks,1964-14-11,Male,nl,07cb488b-7a25-4687-b3a4-322b0865ccf5
17ecf9eb-8d45-4460-b1fd-1229a4f26fe6,Jennifer Goodman,1975-30-12,Female,et,4dd2f9e1-f9e4-47d4-a34d-b2033de94ef1
5cdb2d60-b963-44be-8597-9b66f9bfa836,K. Bailey,1986-11-26,Male,et,2f34b0c7-94d2-430e-8d26-b4044d622793
d225df7f-7a80-41b8-ad55-7918a8a264a5,Danil Mercado,1990-10-29,Male,nl,e4b2db65-5dc2-48d2-8cce-baca5950a488
3e83b3f5-5195-401c-a974-ce50156513df,Williamson Bonnie,1961-07-03,Male,de,eb193fd2-5bbd-4887-8978-95eb36e08d73
d145e306-a977-4b97-ad6c-8e3c089d048f,Brown Samuel,1986-09-21,Female,et,124bfc73-93ae-432d-8820-ff3a9dca382c
d8ae591c-0d40-4101-802f-00da2208c66b,Regina Nelson,1985-09-02,Other,et,3ea559a7-8b1a-443a-bce8-93f5d030ba0d
f0fe42cc-5b89-48b7-bcaa-af03347f6e56,M. Lewis,1982-04-25,Male,et,3adda5db-f5e6-48f0-8809-e301bbff023b
34223cd6-2c2c-4e2e-a741-4e61fa44a215,Elizabeth Fdx,1975-07-05,Other,et,105ecec4-3b3e-45c2-a74b-06470279582a
4856ff04-d916-4a1a-a2b1-cd618ef33296,Tmmmy Thomas,1995-08-22,Female,et,1bc7e1ca-dddc-41aa-b519-436750dcea11
1dcf26c4-87ab-4483-b923-32754a6cce47,Russell Jenkins,1972-29-08,Male,et,51adc898-b018-4051-aa68-e59627b69e7c
0d57b8fb-f657-4a5c-b569-b80bc40e351f,G. Dawson,1962-01-28,Male,nl,efd68d63-ab20-4487-8612-bc723af6e23c
04c23a8a-d1d3-4567-b3cf-0261c490501a,Trais Young,1968-08-20,Other,de,00afecfa-6ea0-41cc-9ec7-d2715034e9ff
bc9d4447-3da4-4604-8a80-5ebfbbf53ddf,Davis Jennifer,1977-10-27,Female,nl,ef8d6a23-77fa-4939-8ff5-fa080b3cdb8a
d241bf5c-8380-472f-aabe-6c6a527a321f,Michael Martin,2000-01-11,Other,Dutch,2be622bb-8f3d-4b39-9573-e216946d558f
f9683068-a4aa-4334-a4bb-faff544f7fc0,Katherine Berry,1988-12-31,Female,Dutch,88046218-219c-45dc-a934-b325375a8bc0
9d6a973d-117e-45b5-a8a8-50b44e1e1917,Alvarado William,1990-11-23,Other,nl,aa8ff9eb-862c-4b1a-8cdf-1cbae4fa786e
0f77a31d-faf5-4833-ab44-09dd47a3ed46,Stevens Kimberly,1960-12-05,Male,de,cf7976e2-b13a-4272-8a0c-60881a9bc4f2
f39712ce-f279-4c3d-8283-134d1376548a,Erin Stafford,1989-07-31,Other,Dutch,4c9455c3-e9d1-49ed-994a-b08d54f41e7c
8f0f4bc8-0c18-44ed-8418-133e1a4939f0,Darren Wang,1968-10-29,Male,German,4158fd4c-0f20-4c42-b2eb-d73d5210917f
a95472b7-6084-45c1-8d92-e69432fc9811,T. Rodriguez,1983-07-10,Other,nl,90e23e20-4326-4b19-b288-49bfa037c88b
a6f310ff-4514-4311-a2e8-e2e114ec9f75,Kelly Vanessa,1988-02-26,Female,nl,aeb7abd8-eb6f-4bf8-8d5a-a4e444900cf7
c98767d4-803b-4ba4-9299-dbc6a0260910,Gjina Rodriguez,1971-06-18,Other,et,ee9cca17-63bf-4b99-b6bd-e95c3308c2fe
8e87dd5f-a962-49c1-80b4-9c238ca8c0de,Abicgail Elliott,1977-03-04,Other,nl,9ba1a0e1-ed50-414e-b721-e6ec045f8dbd
8e09a59a-a38c-42b9-93b5-f72b2f9aad63,Hall Robert,1974-11-17,Male,et,926f7656-61eb-4c5e-8379-249e02b479e1
39ace999-e2d4-47f8-8c03-e2bb35f00761,Joseph Trevino,1974-01-08,Male,German,c28450d8-763a-406c-bc92-6a11d52b7425
fa2d6ee2-a015-4620-b848-835731e091b5,Crystal Anthony,1964-04-28,Other,nl,462fe9e0-2c37-4027-a444-3472c716b4b8
43c4be2e-a3db-4e5e-9282-b6bb803e4ece,Ashly Carter,1983-09-09,Female,nl,6aa6897a-213a-4a4a-9d36-ac5f6f5ebd0b
badc990e-b5a6-48c6-a32c-5f3284cd441b,Alec Graevs,1975-05-04,Male,et,c14909d4-9065-4adc-8516-e79783d2d01e
ee9b6528-d272-4856-8697-f3189d76e1ed,Jason Molina,1976-24-04,Female,de,186ed0c7-b3e0-4be3-87e5-9251fea180d4
18cf0124-3b41-4432-aedf-9c7d01ac9238,Tony Powell,1960-08-02,Female,et,2573473c-cc1f-499b-ad93-525f13b76328
3a650290-b8ed-46d2-9770-598008714d61,Stacy Johnson,1961-05-24,Male,German,68d73dc4-26f7-4cca-a85d-13193fb964a7
fcb34534-af72-4e5a-b707-50c3ccd9908d,Joseph Thompson,1974-12-03,Female,German,8325c1d7-7eb9-4719-80ea-beb970a63517
46a746ea-7ca8-4a34-83da-495ef6ca4dad,Stacey Maxwell,1966-11-30,Other,Dutch,a2e90190-a193-49ae-ae37-649b7ad728d6
b7eab0b6-05e9-444d-a0ce-71d84f1e2ac0,Wendy Davis,1988-04-11,Male,nl,35baaefe-712f-43f9-a8bc-dadfff3ae831
390bc06b-2b6e-464e-b08a-b2ff8ea0b530,Afmy Lane,1976-07-10,Other,de,b4c6e023-9e1c-4121-a64a-b4f57beef784
1ff862e0-0a12-4409-b742-8a699d07512e,Elizabeth Andersen,1966-08-10,Other,nl,ff3b4880-c97b-4122-ba7e-eb983b4d2653
c2688bda-f2bb-4f46-9c3c-a6945a0bfd70,Valerie Kramr,1972-03-18,Male,nl,36b372c1-d4aa-422d-b041-ee2b15e6f209
74f2caeb-8c86-4d95-af5a-c8caa0e7c649,Sharon Thompson,1983-05-26,Other,et,af7f1e6d-3ec6-4031-8853-2b75924c38e5
ab75d96b-4cf0-4880-9909-66548aff6885,Andrew Phillips,1977-07-01,Female,German,df9aa645-111e-4b67-8e9f-b733acb951db
278ac955-64d5-4454-a1d4-80db71342006,Julie Snachez,1991-08-19,Male,nl,46cd1316-6b3b-4268-ad72-6c30141acd50
cc95dda9-d645-4c52-9f2e-62187b5fa79d,Mark Powell,1992-12-11,Female,nl,dddc21c8-3bc4-48e9-875e-e59710f3f405
5868bd0e-0f1f-4b30-b888-2145693103f5,Matthew Kaufman,1983-06-11,Other,Estonian,5c5bf958-ecee-4bc4-964a-98f41419dcce
b305a0c9-803d-4065-b828-ad2f81fc86a4,Miller Courtney,1964-06-05,Female,et,2148bbd5-c5c7-44e5-b5c3-9c58d7d83b05
4770efbb-7e52-41a7-b666-037b51b2cd35,Cameron Roberts,1994-08-10,Other,Estonian,54b492f2-4790-4a66-bcca-6ec476e08038
d02d613c-7cca-4283-bf85-fe7f14dec586,Nicholson Donna,1990-09-14,Female,de,8dd2922e-303f-47b9-971f-379b4fd16914
b6060d7c-ff39-44c3-84e5-d80cdfbd58af,Barrera Michelle,1961-08-21,Female,nl,6ade45e3-d804-46cf-be3f-4bb27895be4d
83979983-b501-48b1-847e-0e6ace69492d,Sean Fisher,1989-08-09,Other,et,53b9bf8c-bd03-487f-9717-ab6722a4a660
7e987e28-5dfc-4fe4-86da-ed9f5c5dc444,Lee Dawn,1988-03-28,Other,de,ca8abcf8-0d9f-474e-a0e9-238517a5f05b
34de01c2-e78a-4433-8c7d-225955a83595,D. Clark,1991-03-13,Other,de,3a2b4beb-ac77-4482-a6c0-4fda3448fd57
6e42b013-6e9d-4ace-9bf4-a772f041f615,Johnston Michael,1962-05-01,Female,nl,00f276c9-41cf-41a1-bdc5-515ab78331b9
8c8b8fc4-ff50-475a-8ec0-c3e89536476b,Tyrone Garica,1977-08-23,Female,nl,a7f9c197-22fb-47fd-a61a-bf8e92bffcda
c5584679-1f1a-4750-9f4f-de5603f7dc9e,Brandi Duncan,1970-09-17,Other,de,544501d8-b07f-4939-92f0-d71499adabab
08f8e40c-1df8-4d8f-99d6-3ee38e42cbc2,Mark Bishop,1978-11-18,Female,et,5ed8cf72-9c0b-4bdf-94ce-af9b47817cc6
1b56e1b1-ad85-49aa-a2e4-5fc8279e0f9a,Susan Bush,1982-02-01,Female,de,e4b49605-1fd4-472c-b944-834a87e60bb3
44850c32-c4d8-4ae7-85d1-899a75eb76fb,Sandra Martin,1960-03-17,Female,et,85048d9b-89a2-4954-8791-4603d47b3f01
c10da522-393c-4cbd-ad53-f6ea44544981,Dana Johnson,1967-09-22,Female,nl,e49fb89a-0c07-4c83-af54-1f8d255f97dc
f8c50370-6ca8-4624-9cf7-be2dc3c736a4,Elizabeth Martinez,1972-24-06,Other,et,b9641b2b-3e51-4fc9-ae59-eb3da0d887f4
bfa198ef-f5e4-484a-8205-fe45d5d0011b,Douglas Jensen,1971-03-27,Other,et,672ee6d8-fe2f-4a90-8e4c-62064e2cb497
876bad1d-b9a9-4e55-aa16-df6f2342ded2,Sabrina Reed,1992-11-22,Male,nl,4dddc0a4-2496-4423-9c00-2b08585a2f78
20ac5822-7afe-45bf-8e07-3596009ccff2,Luke Martinez MD,1964-12-07,Male,et,ccc4b853-261a-40f4-ac51-3f50b821c896
6a92e858-84a6-4443-b643-89ebc73e7231,R. Bishop,1996-08-03,Female,de,e21e4b7f-b36e-4329-bfe1-145e392ef516
c9536987-de75-44ff-b803-d7e45f8a01dd,Anderson Keith,1981-10-13,Female,et,16c7f379-4132-42ac-8fb4-4a78c9193878
6abeee29-a5bc-4382-92ad-c38270cd6074,L. Hernandez,1986-03-12,Other,nl,5ef15442-7012-4df5-bf50-48acf2533686
4e2b85f7-8859-4749-9548-59c19af85804,Melissa Oliver,1993-01-31,Male,et,6dcfb027-4faa-408e-acef-2b9ca419e3e9
1e7910e4-c8b7-44cd-bcd4-752dbfcb60a2,Andrade Douglas,1990-07-29,Male,nl,5cffc1d5-f0fc-4adb-8435-cd68cfe5b6aa
f7bc9e96-b03b-4e67-be63-09733c9a6d96,G. King,1968-12-26,Male,et,c558cc74-6240-432f-b231-5900e9aabd16
04c6cc20-38b4-4d7b-a21b-87eccf75c4ad,Henry Gonzalez,1993-10-22,Male,et,4ec28e2b-cceb-46b2-89a7-2e86779e195b
16c07b18-ab9e-4ab2-b3dd-43d71bf5746b,William Shepherd,1984-30-07,Other,nl,4ea6f747-9d76-49ad-b948-e2a3d3177258
10c815a9-b990-40c3-9760-325f4e57e2fb,Travis Salazar,1965-09-02,Other,Estonian,a6daf3da-3700-4f21-8dba-1e5bf4a507b1
dbc0ce02-dc03-46ad-a2e2-e5f3919e8d28,George Castanewa,1979-10-27,Male,de,94882dec-df24-4168-8a73-ab95f4a2e800
452aef6b-8730-4131-88b9-17bf48306d90,K. Odonnell,1967-07-22,Other,de,f803abb6-cd8e-4696-934e-c0ebc660f13b
31701f40-0d63-4ac9-9171-b3369098f388,Danielle Jackson,1978-10-26,Female,German,9c43a7a2-ba21-41b9-91b5-a8fd04eef3ab
01fa7f45-85e9-4949-ad48-e72ea050cefd,T. Davis,1970-09-07,Female,de,f40d0f12-d441-4869-9202-de49bbf9a566
806a7a8d-1d1e-4cd2-a99e-f881a6e7c969,Curtis Anderson,1967-08-31,Female,German,f6f94606-36d0-46fa-bc43-a9344ed90a87
9b262709-ea63-46d8-899a-59a6d362dc7e,Aaron Roberts,1971-10-11,Female,German,ba438516-e711-4ff9-8e6a-d8a8a17dacb6
782a4673-4afa-412b-83f2-1edcdef79577,M. Melton,1979-07-10,Other,et,5a37955a-83e5-4f91-bb14-bfbf3c8d5aa5
33651078-7ef3-441f-abb9-2829b552ee12,Megan Fernandez,1979-24-09,Male,de,972c6ae2-7ccb-48c7-a747-c24dc7da38ba
37da566a-11a0-47b2-a9cb-9645310b51c9,Andrea Clark,1992-08-03,Female,de,8f76781e-2215-44aa-9e5c-fe61f1e5023e
83f480d7-1e40-442c-b12b-76fdd51abee1,Scott Kent,1968-05-28,Other,Dutch,bf9a0701-25c8-4ccf-8c05-a4c404b6b8bb
dee376be-4575-4bcd-a0d9-f6746ebfadd6,Tracy Fischer,1989-10-11,Male,German,3d2e1f14-3ac3-4d0a-b050-2fd9033300c0
40384e88-53e4-4c90-96a0-fa13c0c9ce76,Stephen Grross,1989-06-19,Female,nl,222e3622-a1a0-4c41-b143-1f31ee5c7a9e
41ae6af0-9acf-4053-9eef-5bf214860b82,Zachary Ellis,1992-02-07,Other,nl,d64b2c59-aa3c-4492-8aa6-769956fa2c9f
4853b421-af6f-474b-8c59-8c668a2139bf,Jsaon Armstrong,1971-09-06,Male,nl,a683c786-bef2-407e-9119-0fc7fa0ae81d
6840360b-c90e-4fc6-a125-631972492165,Monroe Shannon,1988-11-25,Female,de,7f15a0c4-2556-4cae-9458-7aed733acdea
52b827c3-ae42-43b4-9c77-0bb28d58fb6a,Vaerie Chavez,1966-05-23,Other,de,f2ad7be7-4e8c-4beb-9ba6-8ab3464e36e6
a23c556d-07c2-4c16-85d7-4d1ffa026102,S. Peters,1969-02-24,Female,nl,a5b520e3-c920-442a-8a0e-7c65c722e7b2
34c7049d-45a4-4e92-b042-4d9b74d9cbda,Stephanie Pugh,1983-05-13,Female,nl,bdbd0190-48c6-49d2-97ae-a1be119a7034
a2f84f4e-40f9-4bfd-8edf-3859b265ce0b,Love Hannah,1998-01-30,Male,nl,bf4124dd-dea9-446b-991f-9bde2e66214d
25338201-2d71-47ec-ac18-935a6ae30829,D. Anderson,1968-02-18,Female,nl,c087f07d-df06-489c-8efd-f25fabf67a29
a03a187c-6a1d-4a3e-b471-2171570c2cab,David Collins,1969-08-09,Other,German,4cf7bf47-fa07-4600-b2a0-9d833236d814
90959561-8a64-4c08-b64e-4f76d697d099,Stephen Cummings,1968-09-22,Male,German,1847b3f9-1c58-4588-bc73-44bb7e1f8d5c
db6e7f97-00f3-4044-a76c-6c82a8121e3b,P. Gross,1986-01-18,Female,et,0dc513b6-27cc-4237-8352-976d2b99c4ac
71edc724-3224-46c2-b282-b32e68c7cb33,Alfred Smith,1998-03-03,Other,Dutch,55c194ba-8096-40fb-8389-ac8f7a583f75
4d465b50-b958-49d0-ac76-23c3d3c07caa,Douglas Boyd,1969-31-10,Other,nl,a54d0586-b74b-49ef-a481-0b99ca8fb164
e33d3cd7-522a-43d9-8279-13c6481ca76e,M. Hahn,1967-09-09,Male,et,b82febc6-f666-4db5-90c6-d79950a80ee1
38348857-e132-4ef0-975b-ff5c90cf60cc,Tanner John,1988-09-01,Female,de,5a27a23b-88f0-4439-9a46-b65a8dd14deb
64f9d781-961a-4b39-9973-3c6a248116b3,Mlvin Greene,1984-03-05,Other,et,21debb8e-627e-43d6-9820-d56117fe3da5
01084a22-cbdf-4d41-8cc0-8cc7b0863c7c,Dougtas Rasmussen,1971-03-07,Other,de,e0efdcb2-b254-4bc7-b06b-4ef130ee39ea
20cf49ef-f359-42d3-9e41-94d3f631a4ce,Charlene Duncan,1962-12-03,Female,Dutch,7d26fea8-d463-4658-b3f7-8143cb0d1551
31d29b16-997b-4cd3-b808-98b314e33b5a,Joe Parker,1976-09-01,Other,Estonian,1a030d4e-315f-4158-9af1-f9409c83f469
ffee5297-cab3-42ab-9f18-d56fcdb966b8,Brandy Baird,1992-11-16,Female,et,74a89419-fac1-4ae9-acee-f8e2be9c1b80
53f76e91-f01f-4e40-a94c-7e3e9035a3f7,Glenn Cordoa,1970-04-06,Other,nl,ab0df02a-8fd3-412a-a77a-31d9059e4e73
0ddf8665-fd72-42aa-8ec4-dec6daf787b1,Catherine Mcmahon,1988-04-09,Other,et,3eec887e-2079-47ba-ac39-bca5ba59affb
c901dc36-7664-479c-b650-226869095e1e,M. Bowen,1961-08-07,Other,et,3bc81168-bb53-41db-ba37-5adc2918431e
09c76059-bbca-4539-83eb-a31c86e6126d,S. James,1977-12-08,Other,et,c46a36cd-dc69-4533-bda4-8b50f17ca74d
e70ece4a-1098-487e-9f51-c48de52acc2b,Taylor Lee,1965-05-10,Female,Dutch,bb6a1441-9698-4408-8176-a0846177bd37
80496fd0-afc0-4f8e-af1e-0cf033ac75e4,David Le,1973-08-09,Female,Dutch,818277e2-1f72-4c8d-af1e-7d87604e799e
9edd6aa5-d40c-43ae-a5da-d224864deeac,Joe Dean,2000-05-03,Male,de,12aa822e-faf1-4768-856f-7348aba2cf6b
f42df195-c18d-4501-a80a-849700ac0a09,Seth Walter,1965-09-06,Other,Dutch,c77ee9bb-4c7c-4ee1-88f4-6b1f2552cfea
d8ff7f6a-28aa-4465-97f6-b406ed3ccaf3,J. Ray,1985-01-15,Other,nl,933b2df8-51a0-431d-af65-b114a0819201
65e9fcb6-fbee-48b0-b6bd-604adf42b822,Brandi Acevedo,1988-07-12,Other,Estonian,3628fee2-da1f-4186-8d15-be9adcbdfa5c
354aed09-d58a-4a7e-990b-1c0febbed1d4,Calvin Barr,1998-09-21,Other,nl,b94cff8a-e336-403c-8fbd-d3f73d675430
c713c5e2-2b10-4d91-922d-34cebcfc97ce,Claudia Perez,1974-06-10,Female,et,975f9d69-e7ca-4851-a94e-68757ad2f1c6
b6c73c26-8094-457b-9fa1-bbdc9c9b094d,Ms. Lori King,1974-12-13,Other,nl,982ca596-3a1c-480d-b77e-82d89d5c713e
c64a435e-cd05-492f-8351-8bbe194a8c2f,Joanne Coleman,1993-06-13,Male,Estonian,57665bcd-e35e-4a3e-88fd-32072bfacfbe
5d5f5c35-2ea6-4e54-8a7d-d39231461fe2,Martinez Kara,1966-05-05,Male,nl,9ecc67c8-9419-4567-bce1-63adb69235f1
9e831390-57e9-4cc8-a522-1983b459c206,R. Coleman,1994-02-17,Other,et,c007a33e-7001-44c9-82d9-81f6c99a8cdd
40e08597-8fa9-4423-ad2e-84315dc0af44,Brian Rogers,1983-09-29,Female,et,2194309c-5f9d-4c1b-8858-327c902eb773
75a9366b-93cb-4d2e-ac9d-7874ec124317,M. Mcgee,1995-09-16,Other,et,3e0dfd28-17ef-4ccc-8af7-6da17b7035e3
811684e4-f14b-4b10-bbab-bade34d5b2d7,Kaherine Hunt,1991-10-13,Other,de,091eca72-0278-4963-b9be-384524584b39
4239716b-f435-412b-acaa-1254af9a132f,Darren Myers,1973-11-12,Other,et,81af9a76-126f-44dc-9e78-b27af0696899
e3b18cce-e1c6-44ac-bb5a-4b06e608085f,Jdose Stout,1979-06-06,Male,nl,010bd4fe-5789-4404-b84b-f63b4f3ef6b2
fc92ca9f-109c-4048-8a30-a2beac26c3d4,Douglas Liu,1997-01-12,Female,German,627ee75d-c2ef-48a1-9e2f-32153ffac0d9
3ffe0d47-bf7e-4be0-9d4b-c384c7bc68d3,Pmela Tucker,2000-02-11,Male,et,4d7c110a-0275-48f1-9964-a2d3c5a34e28
2e59d618-0e1c-4e9e-8962-082b47417c0e,Martha Yang,1969-12-04,Other,German,81d3ff9d-fc61-4488-8440-15b55e0131d2
7c76d280-4890-457b-a1fe-80c131de626d,T. Houston,1965-02-27,Male,et,a73641da-0b90-413e-b296-950344803ee4
5661385e-ed54-48ba-990f-c0e40f5f9246,Clifford Brair,1977-08-06,Other,et,4713f704-eaf9-4d32-acba-3be7ed522764
bbdf3606-5da5-4847-bf40-c4bcda2a7f5e,S. Smith,1970-08-13,Male,de,156cb7fa-fa7d-40b7-809b-282805e72a36
54f51fd3-bc38-4546-8243-748a4e55bd83,H. Morris,1993-07-16,Male,nl,c92073bd-b911-4e37-86f2-a59bef191444
26952301-1e4b-48ad-b996-d8ca9807c611,Keith Harper,1966-11-15,Male,nl,baa9e1bd-c631-478c-8e03-1945cce730c3
efc4560e-ab61-4aa4-a0a5-69b1cb07b0af,Teresa Smlith,1983-09-19,Male,nl,6b4df986-e6fd-4451-9946-6dbd2174ef99
4b12fbd0-abd6-470e-91b9-8f22420504a9,Antonio Moore,1971-07-09,Male,de,0e633410-bab5-45e1-8553-96f6fc5ba1f3
64e56760-3be8-4481-8e0f-fa63d1a7c347,Michelle Torres,1996-10-01,Male,German,beb49094-1141-4853-9209-afeec45c8646
5ff398a6-6d82-471d-ab90-8f1eedd147ac,Amanda Smith,1994-08-12,Female,de,700982ed-64b8-4640-bc21-47e219c8e6a7
5c9ac071-de39-4d45-8c28-df0bd70c5f77,J. Williams DDS,1999-02-26,Male,de,6c5dcf08-77ba-4c3b-99f7-04d8a778bf93
355f5283-53c2-4acc-94e1-08b3725b6db2,Ronald Price,1978-05-03,Other,et,613f1e69-ad26-4ad8-afdd-eee464a5d3ba
73134fdb-16a9-4ec3-8123-c7070a6ab66d,Justin Nguyen,1968-01-12,Male,de,fb366f4c-6e51-4e45-8552-17da04f1bf72
4258a278-8d3f-428b-8aaa-cb85216a4792,Derrick Coleman,1979-04-29,Other,nl,6b08c072-d9d0-4c3f-bc1c-99e295a75e2f
20aa8672-342a-4f41-be3c-f0979c66b0fd,M. Holly Fernandez,1982-06-01,Female,nl,c4b2d266-3764-47b6-90a6-8172f9449054
a93d1925-fe19-41db-a438-d8be472a0052,Mullins Richard,1994-10-27,Male,de,d7385185-0d76-4a16-a605-8ad21e4b45b5
7a4e350d-d041-4194-9c13-904939a64edb,Willie Scott Jr.,1998-05-01,Other,de,b0834b58-91d3-4e14-8f26-6902f574855f
4a794014-4d77-4caa-b456-cafdb19625b0,David Baird,1971-08-31,Female,Estonian,fff9ae30-1bf9-4bcb-b535-7b2c8e1936f2
86e02541-25bb-4da7-b359-91f95c4a3bb6,Kayla Foster,1991-09-20,Other,et,f8596fdb-2458-4070-9ea4-df837f0ad20b
91fb52d7-ed04-4758-912c-7d4f38fab67a,Williams Maria,1993-08-31,Female,nl,a7ced951-d923-4205-864f-94bf0ef8e629
0f85f20a-5cfe-4713-93ca-ee6367cb39db,Ashley Hubbard,1997-01-04,Other,Estonian,dbed6167-84d9-4357-9123-52053b9f3f0d
62a2bc9a-a840-4bd8-b125-535567674701,J. Robinson,1981-06-12,Male,de,698b3a44-d995-4086-8ccc-bce0e01dad41
07610644-4a4a-4e27-bbc9-a48c29d221b1,Henry Daniel,1975-08-04,Female,de,39a7c94b-6226-4a5f-9fc5-4dbc70405b27
679523b2-66db-4183-b862-7b60bdc68b19,Tammy Harris,1967-01-12,Female,et,376acba9-139c-47c9-91bf-d715febe8ad0
0a9a797c-d86a-4400-8ab5-655a4bc4a2cc,Kristen Peterson,1960-10-03,Female,de,59f748fb-04bf-40f7-bb23-bf3fff9d948e
4b199e19-0dec-4c2e-aaa0-94f2c95665d2,Walker Tonya,1973-12-10,Female,de,f4633bf8-137c-4ab1-8e97-9d86637aca1d
b5fdb0b5-2bee-42ef-8d31-9e731e8015dd,S. Moyer,1979-08-17,Other,nl,c64dbc43-672a-472d-b5bb-a6f59f03c06d
b8c5dc84-e93d-4560-86bd-bfb0bdf8bcd9,D. Meyers,1973-11-26,Other,et,37a49641-c50e-450b-bee9-050ff4d545fe
c6219458-4069-4253-937c-e95b71cf987c,J. Garcia,1961-01-27,Female,nl,f5943dda-1b67-4e6a-9da8-c911a87f9715
61c0d23a-a393-485d-98c7-f4065c363078,Heather Frazier,1985-20-11,Female,de,a19ba579-33cb-4771-af57-aa50e74d326c
367f89b8-c362-440a-8cec-3dfd5c710291,Christopher Goodwin,1971-02-01,Male,de,b24a85c0-e68f-4449-b8f4-e8d860c347f0
19762fd2-af81-44ee-9b76-a0bb6a697a6f,Annette Meadows,1963-09-09,Female,nl,ae7f1201-293f-4355-9522-d82dc46b3233
05457ea2-3412-406e-b6dd-98e272b910b4,Adam Fernandez,1987-11-13,Female,et,b2272afd-8e6f-4ea2-8116-933ea39bca8b
fa404a25-824c-4554-b776-54605b2919a2,David Martinez,1968-11-19,Male,Estonian,405cef06-5000-4b54-83cc-8bf96862e03f
93343f02-5aa2-44bf-87d6-1d777defc370,Matthew Barnett,1978-04-02,Female,German,1d0f4614-4d90-438e-ad69-a131d20c131f
03e83abb-5729-4bb2-b303-4a03d65f8ba6,Ernest Sims,1969-24-09,Male,et,3480604b-abfe-4497-b807-3bcaf78477c7
256790f0-8cce-432e-9237-6eed1d9713ea,Anthony Turner,1989-14-12,Male,et,5c31345f-31cf-4731-8c27-3afa399852a0
199532e0-9b5f-4ea4-a75e-47741e50105a,Lisa Ewdards,1983-12-04,Female,nl,c5781724-6dd7-4797-b86f-cb8240cf1dc9
3602ce84-cf87-47d1-a45b-57247e2b71ce,Kevin Reeves,1963-07-07,Other,de,bd132d80-a915-490f-9ac8-595c1589043b
0e6bd9f9-113a-43aa-b668-577f7e150263,Rachel Chan,1996-03-19,Other,et,04346272-f0e9-478d-8e22-aab6f4c179b0
000a8407-6ac7-4022-ad60-561a779b5d12,Kyle Howell,1984-03-05,Female,Estonian,e2ff5ee7-9857-4c2b-b190-0919345787d6
4bb6e45f-6bb0-4e20-9f7f-8500500c01c8,A. Thompson,1987-12-27,Male,et,d232fe1c-7852-4cf2-b67c-ba723b613fd0
045ff3fa-4910-4a0f-8b96-82475576224e,Carly Dickerson,1999-01-11,Female,Dutch,0cce0637-c7ff-40a1-8239-4ef28c184ba0
fd93c007-37e1-4c20-b1e3-ee7a913b1f2b,Arellano John,1997-04-19,Female,nl,9404af75-ed55-4e87-8d8f-d72008e2745c
a5f657c5-a581-41c2-ba5b-c47c88043383,Allison Johnson,1982-03-29,Other,et,3e785337-0b44-4616-99bf-6a4d109af842
624a9750-78b7-4ba4-8d81-7e1262c312d7,Jeffrey Green,1972-09-22,Male,nl,e7ccccb8-2469-416d-89cf-0ce59bbd13c8
6afbb18b-193d-4c41-a2b1-90346f603a44,Larry Holmes,1985-09-08,Female,Estonian,5807b2ec-7a9b-4ff9-8d74-719def6be95b
5e5cd3f3-de06-44be-af62-61c3bb62b57d,Darlene Miller,1968-03-03,Female,nl,a7300fed-38b1-4612-8b90-e338aa1d9c69
7427eff2-1f74-4cdf-8d9d-5c5d95417192,Leonard Conley,1986-08-18,Other,de,e13dbf7c-4220-409e-9c6a-bf0c7be25bf5
63a667ec-6c9a-40c3-8612-dd6eddcae70f,C. Morales,1974-10-14,Male,nl,758467b7-65d4-4a6c-a258-1cec772004e6
77350609-58a5-4743-a6f5-bd410c2e816d,Susan Kramer,1982-10-04,Other,Estonian,b662db22-eb1f-4589-b6dd-d60b1e1ea1c8
a7c0cab5-83f6-4a44-87a3-eec4f44785f3,Ms. Victoria Sanders,1994-15-06,Other,et,a0369a76-4f28-47e9-bf7c-bbe257f2e9f3
af8ab2ae-5f22-4a41-94c4-56595c2e279b,Rboert Smith,1965-04-20,Other,nl,2194402f-c96f-48d1-abf2-bae3571e3b15
f8c6d65f-8547-472e-9ac2-bfc3a4435297,Hannh Walsh,1983-03-09,Male,de,a727f52d-6d9e-4ad6-828b-4601c928eb58
e56a8385-a735-4f10-b07c-60078af4eda3,Mercedes Robles,1981-07-31,Other,de,efc1dcf5-8f98-4cfc-aa53-bc6300a594c2
f1c4904a-fab2-4c1b-ac93-43af7034c915,Brown Aaron,1991-04-04,Other,de,32896e5a-2082-4e07-8d20-2c191b182713
75b26f14-3efb-4736-9ba0-d9789c9e47ec,Christina Barnes,1990-09-23,Female,Dutch,88245966-07d8-497f-8bd2-9564b3627aa9
c9e4ae0a-33d8-4445-9605-6eca36eadd62,Ashley Schceider,1982-03-12,Male,et,44bbdf16-a646-4efc-9b5a-80a869d10c63
5bbea8a3-9edb-4884-80dd-8c3c1bdc06cd,Mark Harris,1976-11-07,Other,de,946f3114-afe2-498f-b00b-b2bc40dc21ee
c11536c9-9994-4976-8d66-fba10aadabb0,DDS Fox Jodi,1997-09-16,Other,de,1b499929-88fd-48f0-ace1-6255bc7c5ff9
ff68396c-c879-4428-86f1-8d3e1c961057,Melinda Wilson,1988-04-29,Other,de,c235aac2-4400-4147-925c-8e5c6f18b96e
0aa7ed0e-ed4f-47f6-927d-8e6fdbf4f182,Jennifer Johnson,1978-14-12,Male,et,c62b2086-7d9f-43ba-9d7b-cf83e442107d
3cb0c516-902a-4da3-8b17-61ced031c18d,Michael Meadows,1995-04-30,Female,de,74013792-5680-4847-9512-4e04647a0ae6
f6a5344e-f794-4c5f-8631-dab33b635408,Braley Harrell,1981-10-25,Male,de,b1ce9a72-a417-49a6-bd5c-54ba2753e96a
1ef38dd1-2d16-4c79-becf-bd471269264b,Ashley Schneider,1995-11-02,Female,German,1a64c95a-4ab7-4791-b58e-c763aabf6b9f
0502c79d-03bb-4111-8d49-9e728b92a731,Johns Ryan,1960-06-30,Other,nl,c26074bb-e423-4ba5-a079-abffb2ba64cc
f3d101fe-53dc-44f9-a2aa-cfdddbc50c6c,Stephanie Joseph,1978-07-11,Male,nl,0e1d0ad4-2fe4-45cc-beb5-31cce23e4a50
3c98f77b-40a4-4538-84b1-41e1e6920770,Jessica Walker,1974-06-11,Male,German,0a5d8c19-6255-4d3a-a962-d297977977cf
5ea74866-a541-4b24-a190-9ae526bb0028,Johnson Daniel,1977-12-31,Other,nl,5a5f1e8b-32aa-4158-b718-205b8a92847e
27cbefa7-0b20-4ab5-885d-532485ac37e3,Erin Flynn,1990-11-29,Female,et,4ab4fe44-4a7b-4a70-a786-760ab936a47e
67a6a0e8-2ca7-4d9c-a7ff-1dac1a7b4a3a,M. King,1998-07-18,Female,et,46314a85-af27-4a81-b817-998d299f6520
4b6f8f66-f5ba-4ead-9edd-3e459f1a5040,Pacul Barr,1998-08-15,Other,de,93e08b7d-a309-4c01-8b9e-d3e3fa450fed
858f7404-c67c-44b3-b551-9728ac5b848f,Grace Meyer,1989-01-17,Other,Dutch,8f7edf7d-61eb-4eb5-a9a9-b75b816528c0
cbbba9df-ef55-40c1-a98e-cb15a90ce37d,Beck Richard,1999-07-11,Male,nl,e05428f1-2640-4022-b170-9f2548e79f40
883d1647-e846-4bd6-8d29-b40810e4364a,Amy Hurley,1993-19-03,Other,et,b77c993f-829d-471c-8b05-5b9e5ac1ea8e
1b9607f0-daac-41e8-afe3-89a1f60f7214,J. Johnson,1963-06-06,Male,de,6260ecfa-cc10-4d0e-96a6-6bc9077d275f
809032e4-723f-4834-bccf-a9b29834070f,Rodriguez Elizabeth,2000-04-06,Female,nl,2a337b45-6649-4b59-bfa2-ec7fb10c22ff
5924f80a-c02b-4cdf-8779-1d34c908bc40,Troy Winters,1966-08-13,Male,Estonian,78c60e26-e92c-4fcc-985b-44935379db38
2890bc88-3915-4a0d-8aec-8dcb7b12fe6b,Melanie Brandt DDS,1971-06-07,Female,German,5a31024e-e051-4157-a70e-490d84c75c4f
4477b8ca-add3-48e6-a1fa-5446e0912147,Melissa Mosley,1998-06-07,Female,et,5c768a81-58b1-4456-8494-8a27d446c176
4c50b222-b755-4cb8-8c3f-94db91826d72,Adam Smth,1974-01-18,Other,et,83312093-ee83-407a-934e-079ce957946d
d81c5913-5079-4ac5-a5bb-16c9dd9184dd,Kathleen Espinoza,1989-02-03,Female,et,81e814e4-0602-4470-9c58-1f715f2f7375
29061b84-dc8f-440f-9eb0-9077506b2b25,Melissa Robrets,1991-02-18,Female,de,6a8fb025-e2b7-4c7d-99fa-da69fa6580d0
b927dd47-fc10-4099-9411-9592360d1d3e,Taylor Wagner,1995-08-31,Other,de,b2a968d9-e58b-43a9-b4c0-6ffeaf58eace
d60a5aba-c85a-4a73-b0ff-5a2874367f90,Mercer Jason,1971-12-24,Male,nl,27b01097-f497-475e-b7b2-7723138a3038
9d79f5ab-12a4-4e82-86e3-a2548702a3bc,C. Scott,1965-04-22,Male,de,cb64fc9d-450d-44a0-ad11-9eeaecce3a43
50ebddb4-a7dc-49f4-aaf9-d3af22e3c231,Mark Hunt,1986-07-05,Male,et,b11461e1-48cb-4414-81e2-c9465253d8ce
5417c39a-0356-434b-b03f-c86d30157cd5,Kerry Rodriguez,1961-12-12,Other,nl,c107521f-fecd-4ba1-b8f6-08dd1d8e5850
49003dad-6d91-4942-8901-ef002da30586,Elizabeth Baker,1983-08-19,Female,et,224c4d42-ee21-47c6-9bf5-7caff7600c05
76efac1b-0a73-4265-bf9c-fcd497d476c2,Christopher Mullins,1974-23-04,Male,nl,82e679c6-24bb-4e8a-b6e3-01001eee405e
ef290022-b63e-4e99-b76a-d08b5e2a810b,Rebecca Schmidt,1968-08-17,Male,de,64f152f7-c5a8-466c-9cab-ac3762b4d7ff
a1ba1f69-6df5-4dbf-997f-e1c8999f4967,M. Stephens,1972-02-21,Male,nl,0bd38bda-dbd3-44dc-beec-7a626a05e5d1
8d18c45f-4bb3-499a-ab8a-4eaf13de94c9,Jade Burgess,1999-08-06,Male,German,7484ba26-d169-48c0-a79a-c22854c05fd1
dce27a5c-b838-4e8e-b61b-31e3ebbdf57d,B. Shepard,1972-10-27,Female,nl,f597eb69-868c-4b28-a8a5-370dd93addda
91ae8cbb-db94-4cea-be0d-be8f0abf2a91,Jeffrey Pham,1986-06-13,Other,et,cc1dfe93-533a-4456-b9db-c245fb87d8e0
8c6ecd55-e63d-49bc-b0de-576879815adb,Justin Campbesll,1962-02-26,Female,nl,3584b620-7ce8-4032-b1ce-5ae795d851f2
19ed8e9e-8284-48b6-8c7e-cac22d1c68ae,N. Smith,1981-05-17,Other,et,97a922a2-6978-4d27-ac3b-f3bf30fa6589
aa154dbf-6777-456d-97e5-8b57252e12f5,Wvyne Williams,1981-11-10,Female,et,d495410f-a416-4925-a4b5-091e0e32bb53
45e9baa2-91ec-4548-98a7-b6ce980fcea0,Singh Stephanie,1982-03-04,Male,et,9ee273a2-436e-4cc6-b4b6-7f012a634640
ec7e7404-e98a-4a92-b7cd-e59b1062732a,Stephen Hammond,1976-10-11,Male,Estonian,caffeb66-c4a6-405b-9cb8-728d4ab4f878
a3301c29-2804-4c26-94c5-97332ead66e3,Kyle Whitaker,1973-04-21,Female,nl,f63ab426-dc0d-4f3c-84bf-7ef1dfd92a97
6ef44b14-e1cf-437b-a819-5b32535f0511,Lindsey Michael,1978-12-22,Other,de,af0ce8d5-f33a-4bfc-9f36-b30397d7c604
fefac93c-1f75-4f4f-b232-f43b11f19f86,Robrt Harris,1996-03-07,Male,de,db426f9d-bb3c-49f4-82fb-70a41d50ad8c
86cd046b-7dd1-4d86-a432-c38a43f6d619,John Vargas,1998-13-07,Female,nl,f5ccb675-0dbe-4695-9bcf-8ce1d6f0e060
95beb5c5-ccf8-414e-b913-20eb1df90e5b,Michelle Carter,1998-04-18,Female,Dutch,f786c02b-64f9-4283-897b-f25725768565
95277dae-67e5-4389-9deb-41bb2404e381,Lisa Perez,1977-06-03,Male,et,59092e09-0dbc-4fc5-b278-30c1bade494e
27856a62-e912-40e8-9431-18c9e375b9d7,Vicoria Barker,1962-07-30,Female,de,516c7ae3-8535-4458-97b0-d1e203d820d3
788843aa-97a6-4e51-abc2-da59f6869e4d,T. Allen,1974-02-02,Male,de,e8ca9f92-e799-40d0-8875-b9798baebf55
dec63c6d-be58-4ac3-9d45-58f9041e6e88,Tacy Johnson,1984-05-07,Female,nl,af7d2aec-8aa9-48cc-9a54-a2a56412fc6b
4192b2b9-f857-4ade-9439-40a323496d28,Edward Contreras,1967-07-07,Female,German,d82c3bad-07ee-46f5-bcc8-0f67536fe36e
8388ddc9-99c3-43c2-b76a-b77bdf3ff36e,Amy Oodm,1998-12-14,Other,nl,4af589fd-3b3f-4f53-b226-61fdd79520aa
116b3f60-9055-4a80-ad16-69992562aae1,Jones Mary,1974-05-27,Female,de,96897c13-6a1f-4b46-9c19-40e2c2e99432
7ea8a5b9-94b3-47d4-a6fd-9235dd02819f,Perez Keith,1979-12-27,Female,nl,bdd85c97-bd9e-401c-b6ac-5d3182a85b78
10a534aa-2404-47bd-bc2c-54f3a3c29c4d,Steven Dyer,1993-08-08,Other,de,4f699d5e-aa41-4416-bfc7-d512c78dc24d
c797f2e4-3170-4e75-9a6e-a929ef0fcb30,Eric Newton,1971-07-05,Other,et,44a3ed06-9968-48b2-84db-2b3b80aaa24b
8c3eeb0a-0b57-4b1d-a858-4fef3ace9e59,Hill Julia,1991-06-23,Female,et,1d92e616-e52c-46d5-8307-c03cd77cfd90
867d79ac-75cf-4e40-9536-f74caabe45c0,Hess Mary,1959-12-02,Other,de,5d637363-f92e-4675-a1ae-a2e22ebdb2dc
fe992aaf-881c-42c0-94fc-213347c823c5,Sarah Hardy,1984-06-24,Other,Estonian,999582b0-1609-4f12-8837-b93303bfd4bd
524f34db-8de8-4442-9854-34c4c53b3ef2,Maria Greer,1994-04-07,Male,et,17acb389-0e72-45c8-ac86-d60d97e7f99a
b4292f9b-1be0-433a-9b14-fa4d731c46f2,M. Williams,1989-11-04,Male,nl,09818f5c-a50b-40c3-a9ca-e38312f671b0
2072bb30-8887-4f20-9085-528aa88d4d7b,Destiny Bradley,1968-12-02,Male,et,f9850730-c5df-490b-97ec-3395c904d78b
dc640d52-ce2a-4d5e-823c-4baf2a73fa57,Michael Wagner,1978-01-05,Male,nl,6912a927-c527-47bf-894f-9fce17186d17
fe86e7aa-ea69-45e5-9e97-1d525f407f8b,Donald Garcia,1996-05-24,Other,German,f7e042ea-d325-46a7-a529-d2db26f733b4
cf967079-75f5-45d1-aea6-3ad27310955f,Robert Sanchez,1978-07-24,Other,Estonian,a602ebbc-90fe-40e7-afb3-39b6c67baf0d
850d1868-5596-401e-94cc-35c7ef236542,Matthew Archer,1994-04-21,Male,nl,d0cc4371-99b6-472d-9e22-665ea0727777
f90ddf76-0611-4f42-9db4-4f5a24c34717,Nichole Carey,1963-02-11,Female,et,73de75de-64b3-450a-8692-46019e5e41e5
76763bcf-5259-44cf-b25e-5ecae2f2496a,Michael Taylor,1999-02-01,Other,de,3394c196-b17f-457f-9d85-84c98cb90bc7
c6a3586e-b1d8-42da-b53c-98ed060f2d5c,Elizabeth Oliver,1993-14-04,Other,et,56d3a243-6f1d-4d3c-8dd0-31c9bd54770c
021a4738-2b4c-4df1-8edf-0fa227a3a881,Holly Garcia,1980-10-09,Male,de,2bb10b5d-36bf-4aad-a790-8a1b8fff1be0
87e1a1ae-668e-44bd-a9c3-a84e5a7e96d8,Russell Johnston,1959-23-08,Other,et,469e5ab2-714f-43f9-b41b-41bfc863e9a6
0f5fb615-e379-4601-bb5d-26c872de5ca0,Brandon Martin,1984-11-02,Male,Estonian,234bbe59-7ec8-452d-9e2d-2fb4fdfd610a
002945bf-56ab-479a-b240-d951a729c190,Diaan Ellis,1988-04-29,Male,nl,2be6a796-3dad-4bb0-ba39-0f961915a2ea
96e56e8f-01fa-4edd-85bb-c2a7897fd912,P. Miller,1984-01-24,Other,et,0cdaca47-cea5-484e-ba87-7e460e3967b7
a445ebdc-2cf0-4dca-b75e-7cc6e668ac6d,G. Levine,1997-11-24,Other,et,3d544b98-75f1-4940-9bad-2844377bd151
56834221-d4b0-482f-b5ea-4f9d7ae3dc60,J. Hughes,1991-11-25,Other,de,a3c9a21e-badb-4d25-890d-126aaf7ed1c1
0657741c-a3f0-41a2-ac83-7e634f64331e,Benjamin Williaas,1984-10-25,Male,nl,f8028884-0163-43b0-b08c-0d5ce2cd8635
6f208563-709b-49ac-98d4-f8828cded77c,Kaben Underwood,1978-03-15,Male,et,09727c3a-6b57-466c-b908-36e29fd7ce64
fd0cd1bd-d74f-4f61-97b8-bbe68ab32894,Jason Vincent,1991-09-11,Other,et,f739535e-246a-4a25-bc11-07a6f5abeba8
0eb56384-9dcd-4a4f-a66b-f5b745768de8,Crystal Hunter,1959-11-22,Male,German,435659a8-db5c-4cd0-b8b6-39dbaa3e37fd
c886fa44-0236-4341-a4a0-58120da3959a,Margaret Lewis,1962-05-13,Other,et,2059cd20-266e-43ee-b37f-54c57a66886d
5032b606-8276-405c-a7ae-744741041f94,Michelle Ramirez,1997-31-08,Female,de,6bd59947-b34e-48ff-a2aa-0969366519a1
fbe252b4-286d-4180-86ec-0f394957bd36,Rodriguez Matthew,1963-05-01,Other,nl,c80bc530-9908-4b8b-9de6-a85050e8d2b5
6cdac8e2-d88c-4730-a993-63aa0b118bd3,Dr. Danny Byrd MD,1970-18-10,Female,nl,d0059684-ecfe-4806-8541-3a07326955a1
2e6d3b73-8faa-4e89-9329-d30eeae77fce,Laryy Martin,1974-02-13,Male,nl,8abbebc1-f229-4a80-8685-f2e2a4eb4c75
233ca9d4-6b67-4fd5-9e4c-67aea0af8862,T. Miller,1963-12-24,Female,de,f3137a72-eafe-48ae-9ac6-a4d6833b4b8d
7b51e0d4-4d11-44eb-859e-5c6e5d61f44b,Jessica Hudson,1977-05-02,Other,de,8124f70c-c897-4233-8e03-e94c9b105403
1bf2002d-806b-49dc-8f35-62ca045e5f11,Elijah King,1970-12-28,Male,et,0d11a0e8-9e5c-491b-a5a0-d78046b6970d
6e85c729-2d54-4d8c-95e0-89d0b47d5188,John Miller,1974-09-21,Female,Dutch,2be3edac-6267-4089-8eea-27a560bd1b70
e619f8a2-647f-4800-ab7f-5c04f606cab3,Juarez Jennifer,1999-10-19,Male,nl,014340b1-9683-4c6c-975c-6c8d2f75d823
0072d747-72b6-4dea-b16f-2c89a864b020,Mark Roberts,1968-05-29,Male,nl,83afb6a5-8fdb-4e1c-b70d-e075634165c6
4e104982-cd2c-4bef-abdd-3ed00f8e0fa6,Laugra Cook,1996-01-17,Other,nl,a0a03e20-8a2b-483c-9c24-ef8fa2e7bdb4
c071adca-cead-416b-b37e-80b8ef757dcb,Elizabeth Ryo,1992-11-07,Other,nl,56192246-19b7-46c1-9aeb-1fbc196b3c22
2d35250a-8d43-44ac-b8e3-94d170d3f31d,Christina Foster,1966-07-16,Male,nl,3a390eb8-91e5-4204-9391-179863126ff3
8e358c54-6055-4261-b1e8-97432977b568,Hannah Gallegos,1964-06-04,Other,Dutch,d8de99a0-8cd0-4c82-a09b-5169072bdcfb
74594162-ff88-4ec5-97d7-fffbf499f711,Maddox Ronald,1979-08-09,Female,de,f7750af1-a922-4f50-b43d-1075edff9703
7f3a7eda-58aa-40ae-928e-324f0acf45bf,Stanley Mary,1966-12-22,Male,de,a62d7ff6-4c7d-4e1e-b470-a4421b60b9ef
3b945020-f586-4874-9da2-0d547e3d1357,Adam Yu,1992-12-20,Male,de,437a83a1-662f-4cb0-892b-984c6530ab46
cdeb7b7d-2e9c-4ccc-9386-e9e0317a12ca,Pzamela Jackson,1969-08-27,Male,et,a0be6ac0-010e-4920-97da-03ce95a9248a
914bee42-5a28-4409-8bb3-049a214f93f4,Bmrandy Sanders MD,1964-06-14,Male,nl,ffee86ae-333a-470a-b557-9b2eef6a91a9
babb3ac1-afb3-4d56-b26b-d7562da1c769,Eddie Green,1959-08-07,Female,de,e8932907-767a-4bdb-8826-2933ca7cafb9
8a46dfbc-995b-4a30-8568-bbc5d650b4d6,S. Kelly,1961-08-13,Female,et,a69e49b2-1802-4988-974c-40b314e97406
8b6e10ec-dcc7-4bc9-91a5-110fa5017578,Chrstopher Clark,1976-02-07,Male,nl,50f8768f-b8f6-44a9-8bb8-a3971705b698
c6773283-13b2-4734-9de7-e57e7f0a6086,Brian Young,1985-07-29,Other,et,4742adef-d0f2-48f8-afda-6b3a5e75e267
66a40852-0724-4689-832f-e85ac0515c3e,Ana Miller,1961-12-21,Male,German,c7742f6f-73cf-4561-8dac-d5335bf42cae
184736bb-7563-4ef5-b08b-e32e284f464a,Ricky Bruce,1973-09-09,Male,et,593297f5-0559-400b-8d5d-fd0c5b89860d
06e07c18-4fd1-4b05-8a2e-04a0474e854f,Angel Graham MD,1960-09-23,Male,German,3cd7fd44-c8f9-4585-9805-c3f566aa5ddf
b61ccdfd-6bad-4314-bbb6-7aca4f0f382e,Danna Smith,1968-12-31,Female,de,5f755ba1-5aa1-48f8-846e-d6d5ade6ef76
9e0516ca-991f-44cf-b29d-3b0b3f785b7a,Meissa Green,1989-07-27,Other,et,5304395e-6678-40c1-96a7-66c7d8d71728
49822612-23b8-4ad2-a503-422100f93dcc,Liu Michelle,1990-01-26,Female,nl,e311da73-fce3-4e29-8a78-b854421183e8
00608657-1cd5-4dd1-9f22-c19b7d43b18d,Patterson Edward,1966-09-28,Female,nl,deae11e3-0aaa-4f95-af2c-eb958c803657
01b94918-f6c1-4b56-815e-72472e939e99,Mark Grant,1995-06-05,Other,et,61c2de42-8eeb-4e64-bb8e-b03848ac7add
5d6e5e21-b541-4f64-947b-cd59f0e14a1b,J. Little,1990-08-21,Male,nl,3cd5bf28-f85c-42f4-9a47-f697e37f0848
324de71f-a671-449f-9176-d657bf77358b,Scott Terrell,1960-10-08,Female,Estonian,784c39fd-9087-405a-bc0b-430d11139fa2
1ac1de9c-3629-4c7c-b393-55ec319de592,Jessica Steele,1968-04-10,Male,de,f86a42d6-db50-4184-9b61-398553fa10a2
8ce561a7-4e5a-4dea-8569-e3b90dbc457d,Baldwin Courtney,1976-07-07,Male,de,07bc5630-293d-4b14-8254-d151bf9a75dc
5d61f539-ff95-49f0-aa4c-97e7b44e8f09,Jenna Raymond,1978-14-10,Other,de,0fde45c5-ddf5-452d-9ad0-53de6fd6f23f
bc0f067e-57b3-4748-85b1-10f1a56f8cdb,Dwayne Rodriguez,1972-11-14,Other,German,c7074b28-0b87-4a66-a884-71547a6828fa
5b39a2a7-ddcf-4ac6-a18f-c58647974889,Joshua Estrada,1983-11-29,Other,et,accfe5b6-393e-40da-af6f-fe8dc240e268
ad94dc43-3ce1-43bd-a8a0-afe685b782f2,Cannon Jon,1970-10-28,Female,de,9200567f-5fc8-44ed-9eaf-d724c59432e6
48cfeef6-c91b-42a6-bc04-1c6d97ad9ce9,Hannah Jennings,1983-13-06,Other,nl,e8973c55-b86b-46b7-a0cf-e9f5d88009f8
82e6c179-ac3d-41fe-be9b-97ceca89ede2,Christian Hernandez,1960-12-04,Male,Estonian,2580d2a2-3f96-4bd9-b93a-0f7be5810335
9e098892-c651-4e59-8df8-11a6556d934b,Tara Sanchez,1964-25-01,Female,nl,ae128959-bf4e-4039-b191-59a27e481e2b
e0d09cb8-b436-4714-9779-8a12b553e63c,Matthew Jenkins,1977-05-19,Male,Dutch,9b9fe63f-aedb-44c9-8a46-ab7f11cbb930
ec19f41e-0f96-44e4-978c-abedf277840f,Mariah Scott,1962-12-24,Male,Dutch,6ba7fa7e-2282-40c0-b7dd-eba814318eb0
56ba0f74-6938-4029-96ec-4a73741e5a2e,Joseph Stevenson,1966-07-01,Other,Estonian,c29d6457-e69f-4844-a6bf-1f3d7da0d24e
e9f0a4f4-3a88-4cb9-b719-96f80959da98,Tanya Maloen,1976-06-08,Male,et,4ca5db45-a745-4a9c-b980-4e26e0ab32a1
ab4812b6-892f-49ce-91db-8f81b3596d42,Janice Fuller,1972-01-21,Female,German,1bf9a01f-db8c-456e-a976-9bbb405a081e
60a4a7b7-6a0f-4a46-b075-498c71989383,Angelica Thompson,1999-14-05,Other,nl,1acc2106-eafb-41d5-816d-758de359e6a8
767eec2f-b4f5-4bb1-80c7-297d56134faf,Suzanne Hernandez,1988-12-06,Male,de,fd6c1701-0faf-4cff-ac68-686700a89d2b
63e29683-cb6f-4bbe-891a-9a8f4bb798ba,B. Richardson,1975-01-16,Other,et,c39f5d89-1b04-4dea-a075-547de5a10523
73e5f830-2c23-40ab-a3d3-27808cd889af,E. Scott,1962-03-18,Male,de,7ae2a4d5-bb03-4a5b-8301-bbf723b6bedd
934e8f93-7cf2-4094-97ad-c69d689bdb60,C. Long,1992-06-03,Other,et,29f4862d-a0fc-49c7-93e4-a54f9a4a9ab9
6c8f950f-b166-4d44-ab12-bed4459d3c5d,Tammy Delgado,1980-26-01,Male,de,bfe95dfe-7822-47dd-a3de-42bbd777a742
5ca26e7b-3ccb-4a9b-977d-85e51781e4c6,Lee Walsh,1996-30-11,Male,nl,0d36850f-d081-4458-ae49-12a53a540dc4
c2075b47-52b4-4ad1-a738-7564ea4b1f03,Matthew Beasley,1986-12-09,Other,Dutch,3f6c0115-4187-40e6-b891-6566acf9797e
4254ce54-bcfd-4fae-8d4e-89d4406cc004,Travis Brady,1997-21-10,Other,nl,e5789099-2fa2-475c-834d-a02f224fe185
d16261a8-f0ad-4245-b593-3f215d4a0849,Kim Hines,1990-10-08,Male,et,c4d8ce94-8d0c-426d-895f-f8b1305a152b
1a30d6a6-00ba-40b4-8038-86e0164b69d8,Louis Rivas,1965-02-11,Male,Estonian,6488666f-820d-4cda-9161-a86b4d8d2c6b
641774e0-15cb-4c41-88b7-4d538c689800,M. Hall,1969-08-28,Other,et,a98a3a44-c409-40a1-b2b6-25e3fbeee42b
6302e0bf-23f1-4c59-b858-8be9c70d4cc5,Kevin Dixon,1966-10-12,Female,de,db443cb0-a505-44a4-9bc4-bf1e537178fc
b08ae5d1-99a7-4094-9828-6fb86c51e46c,Christopher Mccormick,1964-11-30,Other,et,c5dcb543-98ba-415a-9477-a3293f591601
41ec86a6-475c-42e4-a1b4-b7e57f45409c,Tracy Reed,1982-25-12,Male,nl,ecbfc278-995a-4815-9468-014d89530710
b864748d-4f04-4052-ba53-60f580d88573,Sherri Farley,1964-26-07,Male,de,ee22b796-2f06-4857-8b7b-cab8eea10231
24bdef59-4372-4876-b322-2418ecdd8eb4,Allen Matthews,1962-04-17,Male,de,28fccf42-fba4-4a1e-9459-3a40d5a4d471
914e861f-9642-4ca5-9a84-f579d4efbfc7,Woods Matthew,1962-11-11,Female,de,c656ab28-3ad0-449a-aefd-24b79095e1e8
a79aeb6c-a949-45b4-9126-5cad02bc2881,Jeremy Paul,1963-11-24,Other,et,17d9d1f3-d6ab-4ef8-908e-3802ffee6114
0be83f07-05d3-4acd-b4ac-e459c200ef2c,Sandra Moses,1966-03-03,Other,Dutch,28e0e024-7878-4ea9-897b-49a68d4ebd1c
a0418707-7dd9-4592-9541-e4e8682065f0,Anthony Bates,1967-04-24,Female,Dutch,be0aff9b-9c03-4975-b752-169b2012f95d
1d01146a-8180-4559-a921-1345c99b02fc,Murphy David,1969-10-06,Male,de,aca773ae-175f-46df-acc9-ff36e3d33625
cf7aaee4-12a5-4759-971d-fcc4fceb40e3,Martin Lopez,1967-03-23,Other,German,1b6d74b6-9e23-4886-b2b9-4f926a6ec94e
38bfea94-fe4f-48e5-b3f2-c8a6e8c08305,Mikayla Sollis,1988-04-01,Female,de,21e8cdc7-b6dc-46e0-af1d-9a830ed04474
86784637-2f52-4834-9c3c-52b3fffb843c,Michele Sawnson,1971-03-15,Male,nl,69de6c8c-bb7d-4b40-a8ed-1d62b4ddc480
3ecc5f07-d677-41b5-adca-b4fbb25821b2,Christine Lopze,1970-09-06,Female,de,53466992-bd6a-45bc-9a9a-2be269c819c1
504fd353-3b8f-4796-ad24-4ec563e2e7a1,Nathan Pope,1983-29-09,Female,et,301a533c-ccf7-42ab-9621-338f1f5947a5
c96f19b1-1f08-44aa-9617-a9f7b20dd20e,T. Johnson,1990-07-05,Other,nl,f80f5349-2997-450f-ab07-781e9a986251
48268931-5f67-4ac6-a884-4bebe0119b47,Jones Vincent,1978-12-28,Male,et,979467fc-437e-4dae-9bf7-b1a84a03010b
57cf8ace-037a-4a6a-a575-6c3528deca73,Chapman Jay,1983-07-09,Male,de,d0637fde-e4c8-4c60-9817-a3494a623a6f
6701ff78-5b51-40a3-b367-bfad92d78a1b,Richard Nielsen,1994-11-20,Male,German,bf320b63-6f7d-48e7-bf7e-a5005d1fd074
81821305-7bdf-4014-8cf7-be18d27135f6,S. Kelly,1967-07-06,Female,de,37323580-ab3e-4a43-95e8-52df26b800f9
b3d610be-79d9-4512-a29b-926ae0906a7c,Kaitlin Webb,1968-12-30,Female,Estonian,a5f47427-f99e-4981-909f-186a3befa239
17035e33-49f9-4aba-a91a-8398f7d5291e,Bates Kelly,1986-04-29,Male,de,732a47f8-819e-473a-a4f4-eddc0f0a6ad7
278b0570-9153-42d0-9343-ca42010d59df,Eboyny Lee,1967-11-14,Other,nl,24d4603c-76de-44f6-a4bb-8ce881b031e8
29f10bfb-414a-43f7-9ef1-5b839b09ebdb,Kavtie Booth,1962-05-26,Male,nl,aac49ad9-bd6e-43f2-969a-8b69e3aaa11f
9fd69612-3e77-4689-886c-f0655edfeab6,Mary Mcgee,1967-05-08,Other,et,7e7a5de8-0ac6-4aa7-9140-85c9eb4b3e84
6880d9df-603a-422b-bb3d-ad349a5d703b,A. Juarez,1968-02-10,Female,nl,a552a789-a734-45e3-9c7a-0b85d354af53
9b4ad214-1ec2-45a8-a017-4b476a699da2,Flynn Angela,1962-08-26,Other,de,6a472bb0-9a95-477c-9fe7-9d1ea72f8e26
f36826ed-1909-4ccd-972b-7134db094e78,Susan Cox,1997-11-18,Female,German,615d8384-20c8-4438-9f8a-3c3f2f8414d7
8e42c63f-4189-4a8a-aacc-9d7436d95296,S. Carson,1964-04-26,Female,nl,599b4ba8-1a70-48d2-8431-157c6bc00e3e
a211ce84-5af7-49fd-84d1-dddf10f42c44,Jonathan Macias,1961-09-16,Other,de,643f4961-19d7-47d3-8d00-7d952ccc9e95
6eb3d7a0-3226-46dd-addc-8efe7644e2a0,Dr. Daniel Sharp,1961-12-09,Other,nl,f3ae1168-21c5-44f2-8f54-440c45c67a50
acd35a64-9adf-44bf-856c-54c7376ff7f2,Destiny Jacobson,1987-06-12,Male,et,96b48852-557c-4443-afc1-ab8f4c94d5f9
d11cc65c-d824-4414-b4eb-1d6ecd2414c6,Swanson Julia,1983-09-17,Male,et,d54b0447-f58c-4dd0-9283-2e777483211c
f816094d-b98e-402b-8876-fa95cd34b870,Stephne Ortiz,1998-04-22,Other,et,09f7e90a-4612-452f-b003-548ce65cd862
f1cf1c88-00f7-4ea1-8aae-8e6c32e04e99,Randall Anderson,1995-11-09,Male,nl,dc6d2f05-340b-4749-9ad3-042769c37da5
d8ad61c5-acff-4849-9775-124cf8dfc06a,Lida Nguyen,1999-10-12,Male,et,1f3a402f-fc28-463e-847f-7e5e376f7272
922d28c9-ad60-4d55-8cd4-4af99ecb8860,S. Gordon,1960-02-11,Female,et,afa2c8dc-30ef-4d06-a884-753eb13959d5
df457d0d-2815-4e92-a4a8-b03cbb11660b,Ramirez Nathan,1988-03-28,Female,et,27d608b0-9051-415c-83e2-38ea2ecc022d
3b18afc0-6c68-4d19-947f-bc436d3a907c,Curtis Hannah,1981-10-22,Male,de,80545833-4478-4cd3-a288-0283cd1bff4e
be7861e8-f12b-4af8-9087-e37af3ec110e,Jamie Sanders,1979-02-04,Other,de,daba7dcc-766a-4878-a161-b4989ec93c86
c6d9bd2a-c2b2-4c27-92b6-697391b3bb22,Pamela Summers,1982-19-07,Male,de,391be65f-42c7-435e-a897-760d39572df7
ba3a3599-c715-4008-9aaf-e191a63e114a,Zachary Willis,1977-04-03,Other,nl,0bd293e3-ee6e-4267-a278-aafc9c62e74b
08ba3fe4-3a84-4508-b120-23fa360ccabd,Gabriela Welch MD,1982-12-12,Other,de,98ab13fb-7bec-46d3-8e53-51744b37ccf4
54e80d8f-49d9-4cf0-b23e-2e5533d4ca4a,Seth Morse,1998-26-05,Other,de,98a4fb80-94ac-44aa-89fd-0914dddf51ef
bdb21e7e-4196-468e-b249-7358f23c75c9,Blevins Lucas,1986-03-26,Other,de,b604acba-44be-4bae-9786-3b9ad3179fc8
3eb411dd-8890-4645-9886-4677dd50292c,Kaitlyn Hebert,1976-08-02,Male,nl,fced33bc-8a40-419d-a111-2cd263e80dcc
f422fc5f-2291-49c4-84f7-f6c4f2f2ede0,Robert Mccall MD,1961-04-30,Male,de,41213df3-3d9c-4f48-ac9f-297d1ba05618
00128854-a24c-431c-bd95-b20b4b9e558f,Steven Rivera,1995-03-31,Other,nl,522458cd-8b62-4c03-a11d-a92d86f8a551
4b064351-7576-469e-8399-b8a42826563f,Liura Chambers,1959-11-11,Male,de,c0e6f035-2ed1-4181-b218-dbaa7701097b
540dbb70-9279-4d5b-8253-f24e857e2c06,Kara Ramirez,1998-12-12,Other,de,fb96f056-34b3-41d2-9982-792a1142c10a
6386b511-ad6d-4ac5-9dcd-2367ff8c1c81,Henry Williams,1960-30-07,Other,et,f2eed8dc-4dba-4e98-adce-448bf9ddc2fc
57f79ef1-c0e3-4903-9e72-6ef2e85a03aa,Kerri Cochran,1984-04-15,Other,nl,2924b555-2ef0-4586-bb3b-a73531d8d43e
72daa51d-47cb-4c93-8051-d7f8c00fd98f,Anegla Turner,1985-07-13,Other,de,06414474-72f5-4b1e-89c1-2ef1297ba112
3e2270cc-86a9-4259-a9d0-132efee6a490,Jessica Smith,1985-01-22,Female,de,1c034061-ce54-4f49-9e61-4becfd018864
68015f92-f834-44e0-a727-00b607a50832,Hill Victor,1960-03-29,Other,et,7d46fe19-0c24-4d2b-b3db-7aec7239df0e
101a1d4c-a245-4c1e-b710-5107d5a25235,Charles Owens,1963-18-01,Other,et,2dd38964-4eff-45fc-b829-d4e0b0b5de28
1dd6499e-cd79-48bf-8f2d-bbc9f46b9650,J. Thompson,1968-06-07,Male,de,8b50deed-ef03-4dbb-bf9a-429977548eab
e8073c1a-e2bb-43e3-9225-bfb6d7c5bcc6,L. Olson,1982-04-16,Female,nl,104303bb-a128-403a-936a-44cf0000f623
e37403a4-a95f-46f9-82fa-43c77431a124,Amy Schroeder,1965-25-08,Other,de,4b5ad1f0-5bf9-4168-99df-ff88bb1ee5ab
faaac19d-e251-4588-a637-473e6fed18a1,Rebecca Palmer,1998-15-12,Other,et,3dd6aca6-f0d9-4c77-b6ae-726c3cb1a7d2
edadb673-9f36-4bb5-b398-3a8c218132c2,V. Johnson,1965-07-08,Male,nl,df7aa713-518e-40ee-867c-e3a514e68969
8ee7fc05-422d-4361-9185-74baedd7707b,Leh Short,1974-01-07,Male,et,84c79fc2-7262-4046-a989-c8441ce5cb7f
7df1621e-69b9-48d8-ab86-c2ec5a5ebb26,Timothy Robinson,1988-03-22,Male,nl,df367afb-3443-4711-842a-ce47bcb85b8f
f5451f42-1d20-44c3-9943-ede0168277af,Sarah Barber,1992-03-21,Female,nl,22eb463b-ff66-4871-bcb1-1037923b6b02
3b4bd264-978e-46da-bbb6-4c88e84a6e3d,Duncan Mary,1986-03-05,Other,nl,86314954-9a41-462c-86d2-944263d65317
af53d533-da02-4c30-82f8-2db0fe56f4b0,King Douglas,1975-11-06,Female,nl,f7f733f1-a1ab-4d11-bdf0-8684b7786f2b
16e49070-6a4d-4d97-8bdc-0022a80cf098,Eric Munoz,2000-02-18,Female,nl,6ad29a04-87b9-412a-bfa4-e76284ed2864
ad625ab8-f0d4-475a-a2a8-85030b2abed9,K. Hayes,1968-09-18,Other,nl,ee7bb7ea-ab81-42c7-bbe3-ea00b751ad98
44bfe442-ccc4-4697-b462-08645d4b322f,Samanntha Hamilton,1998-10-12,Female,et,496460cc-27df-46fc-b4a5-fa0c41c3a962
16ab8ad9-365a-43f6-8a08-d957188f2b93,Jamie Cochran,1968-18-05,Female,nl,e5c5c920-deb3-475d-98f4-782056c8703c
55b10e8c-69fe-424a-9362-12aeb4f2fb49,R. Saunders,1997-11-28,Male,de,5ffc2ce3-ff27-4934-9b46-dd8818d9c29f
e1bab616-f8bb-4de7-ac3f-eb2e305ab78a,Harris Christopher,1961-04-15,Male,nl,e45a8c8a-dbe5-46b9-b584-9a177a547834
848dcc17-9dd3-49dc-9f96-ed20cb901563,D. Mcintyre,1960-10-02,Female,nl,d50938f1-1912-4750-9842-d6973cef5ed1
136ff044-71c9-42da-9c74-3f5b8328dd09,Chrisine Fischer,1960-03-14,Other,de,9e51d72e-f057-41a2-8b0a-8898a332b358
46fd55cf-f704-4d71-880d-3914cb9581c2,Christina Mcgrath,1969-05-06,Other,de,de9a6188-6d9e-46ed-9a8d-fbb149349404
fbf03fcc-a631-4a59-820e-6421eafe49aa,Thomas Kelly,1979-09-19,Female,de,302e3962-b0f5-4bb4-a72c-1d30bcd3e1e2
44caa4c6-8bb2-4481-9a77-aa1fe477e27c,Candice Hernandez,1982-04-07,Female,Estonian,872e6179-67ef-4c19-92e2-1faeec232adb
0bab2bed-20d1-41a0-9720-a06cc4a10071,Horn Pamela,1984-11-13,Other,de,0255b97f-2b68-47ce-9980-ea86c8cfd8f6
567c99a7-d4fc-4660-b77b-577088893b25,Corey Mcdaniel,1972-05-04,Other,et,65f22c33-a240-41aa-b339-a20437e55636
ea5822cb-0b2a-429d-b4b7-649ff870957c,Lisa Foster,1996-09-05,Female,Estonian,bdd907a3-4305-4816-8716-329796ec068d
ebac482f-1208-4482-9204-ff3b51e9c971,Simpson Barbara,1973-10-14,Male,nl,0b749d4f-2ac8-4509-b568-ca65c8821ff1
f560306e-f602-4832-8cd7-6915a937f549,Walters Ronald,1981-06-27,Male,de,478d73fe-cf14-4994-9f0b-c4dda51b6e47
eff5f1ae-11b4-4f01-ba61-d25e4fa091c8,Andrew Norris,1959-11-22,Other,German,344626b2-94ab-4799-abe4-3e4d7a6ebbc1
737e3283-8922-446e-b6e2-5bccf3bd63c3,Colin Wilson,1990-05-25,Other,German,6218a07b-d9a2-495a-b4a3-e7d61904c278
b82f0c96-31d2-4320-a771-184cc47282fa,Colleen Hubbard,1989-11-05,Other,Dutch,f104ee32-8eee-468c-9a3a-74e6535bf82f
e2326116-5235-4a34-81e8-5ccac3a3d12c,Ethan Jones DDS,1976-03-03,Male,et,83c6aabb-fb9e-46cd-b494-1bfbcedaf20b
ceeec941-0513-47a6-b8c0-bf365542f86d,Bell George,1984-11-10,Female,et,504f46e2-2fe5-42e9-8f62-b2febb7a3f33
4a12dd49-c8c4-445c-9fe5-cf025fb2d6e3,Thomas Stephens,1962-13-05,Female,et,6c96ea64-5321-4766-ab42-01056fd302c6
56a76b89-8efa-4d74-ad36-8c5d32c38ec5,Lee Moore,1982-06-19,Other,et,9850bd5a-faed-4627-9310-a9bcaa26909e
acd2627b-fa31-448c-8523-ecc451a68599,Kaylee Brown,1961-22-01,Other,nl,a1171df5-da68-4daa-9e17-75c9ebb9d6ef
501d834a-ccb2-410b-ada3-53db3455b955,J. Herrera,1971-06-22,Other,de,7cf6fd99-5802-4b4d-b2e2-1332a2f3febc
649b3391-783e-4574-81d5-60a8fa355fb0,Sandra Garza,1973-12-28,Male,Dutch,f05f04cf-3089-40f8-9b66-7c713d512bba
984cc324-9ba1-4ecb-8760-3381e36b3863,Debbie Brooks,1959-10-05,Female,nl,0cf48296-a0e5-47a5-9fd5-4ec3872f21e8
0459158c-4f68-4d44-8c72-321dd2e12fef,Antonio Herring,1974-04-10,Female,nl,cd873b6d-01fa-4ef3-b2a8-35dcb55a0796
cd0efb6b-a284-4882-b9f3-3e7b55c91629,Crystal Wills,1976-01-09,Female,de,01033fb3-9b02-483f-b680-e5e51e3f38c0
11760b18-18d5-4a2e-8999-affb9576861e,Ramyond Mcgrath Jr.,1996-08-29,Male,de,181de8cd-214f-4b80-aece-ce3aa278cbf9
358115cd-c498-4222-ac2e-10169b839da6,Brett Talyor,1989-11-22,Other,de,32289fa0-7aac-4a1c-9424-0798574d9123
0af84043-6728-44d3-babe-df4d2eca21ba,Angela Rowe,1982-11-27,Male,nl,9dc000e8-9063-4e06-8b9e-c84c4343372b
54fb734b-8750-4de5-ae55-ab5561342dff,Kibmerly Jones,1999-08-20,Other,de,33f683e0-d7a9-4cc3-b49d-6413fd8c2efb
2f6a121e-4452-4034-9b11-846def0af917,Diana Ross,1964-10-16,Male,nl,397fc52e-f32e-403f-a5db-e71d03b0a104
9e445bfa-c5e6-49b8-a3fe-d808a13c753e,Holly Priyce,1992-02-19,Female,et,8883a51a-f0ae-4ea2-a113-a45dbd502fe8
d98cbd52-fecf-4fa5-b633-fda851627ecc,Dennis Reilly,1978-11-28,Male,nl,5b4eac99-7c1e-47ca-bcb6-bfd936b86146
300ef3dc-4c2e-427b-9371-c2aacdc315e2,Pamela Torres,1968-15-10,Other,de,c2e0c556-779f-4043-9c4f-6b704b9f0612
4bdfee14-89e0-414e-b9e0-0732a6b3c25f,Michelle Davis,1994-10-05,Other,Estonian,0620531d-2cd7-4057-bebd-bc97e6456ed6
ecd95019-705a-4a02-9065-fdf303e0168b,Jennifer Lopez DVM,1974-01-21,Other,Dutch,9fb04801-389c-4557-8092-076a91475202
3ce5b675-4c3b-4b0c-bfb4-e161fa4ddc35,Leonard Elizabeth,1975-11-08,Male,de,e3c7d4f3-5dac-46ef-8e85-eff5442b2098
f6d029b4-7dd0-4e6a-b264-f976fd106177,Richard Frazier,1990-12-16,Other,et,5f73e15a-6a8f-42d9-b3a8-50e11102b4a6
e62a73f4-ed42-4f6a-91e8-80b6db7aa119,A. Alexander,1971-12-19,Female,de,df5af133-26ec-4488-a474-e4a656fa3407
285ba907-a00f-4d2d-982a-2318c7a9ea3e,Forbes Rebecca,1965-10-01,Female,et,7a0537bf-e815-4835-a8db-006835a20deb
ee7dc725-241b-464e-a8d7-c9aaf2a22670,Anhtony Bentley,1993-10-04,Male,de,505b7b87-25e0-45a1-a1c7-ec9308e54d65
ae86eaa1-f4a1-4489-bc9c-acee7f8dc22c,D. Deleon,1968-05-20,Female,nl,a9e86653-6058-44f9-b8fe-6f144a5599cf
4cc343a2-5b32-4064-8b2e-3c3c0d3fdeb7,Tina Johnson,1983-11-06,Male,de,c22d3d86-b962-423e-b629-a46644eacd04
d2432db6-d71a-4906-a61e-2a03de718c60,Andrea Ruiz,1970-06-24,Female,German,182dd202-e197-4193-8bc3-e42978062b5c
f6504ba0-70b0-49ac-acb0-7a4ed1e4592c,M. Robert Aguilar,1975-11-21,Female,et,1eeec0d8-2c2d-47b9-a239-4190e27484d0
425528ae-33a6-4a78-a532-443d0d4c96ac,David Madden,1988-08-04,Other,de,b2113c57-6787-404d-a6db-3a3c09cb54f7
ec17fe1f-6a67-40e8-8a3b-0fa125e6ccbb,J. Brown,1967-07-23,Female,et,dcfa20cb-80c6-40b3-92c0-5d8126bd421a
4856eddf-12b9-4d27-86f3-a63475161a59,Shannon Carter,1968-11-29,Other,nl,9836fd74-dbe7-40d3-b9d6-e19673586131
97d619ae-7bb2-416b-9a40-155bf763433d,Courtney Watspon,1978-02-26,Other,de,779d8987-4b52-402a-be59-b168a2b8dfb4
eedf2ded-568d-4ec4-9767-0906d616ae6d,Norman Tucker,1973-09-03,Male,de,6b6dfc9f-bc7b-4afd-9571-5b335f158daf
bcf8e3a4-1298-4882-ab43-50c3649411eb,Samantha Torres,1982-08-27,Female,German,2d1d89cd-aea1-468f-92ac-1a638ea3e5df
4b7c01d5-7873-4832-b39a-3ccd6ad5e444,Melissa Castillo,1972-03-10,Other,Dutch,b0737772-4cc1-443c-9fa8-98b6d377734e
db6c92b0-bf98-4385-b409-73e409df3bdd,Bailey Jordan,1965-03-30,Male,et,9df8e874-3ff4-4058-a82e-9968cf208c42
80bfe34b-6f9e-4699-b2ec-d633f9a0ddfa,H. Gonzalez,1977-06-15,Female,nl,9bf4cd60-472e-4065-a7c6-e828eefef11a
c6bf8eee-db96-4f91-827b-5becf959fa19,Peter Richardson,1978-09-06,Male,Dutch,ed169673-716c-4626-9b79-e962f8a56e12
42d602f8-faa7-4265-8e4c-b4f15140b666,Cody Hill,1961-03-20,Male,de,6e92871d-b11d-45e2-8e49-9a08968181c0
e0a9d7b4-22ba-4b7a-961d-1c3f3f69ff56,Kye Harmon,1963-02-09,Female,et,317978c9-9d55-41b2-a376-9d1da0979add
3e91ab46-4be2-4f6c-9aa4-09f243ea518f,Michael Garrett,1991-07-09,Female,German,607e6e1d-50a3-4685-8670-add6abedcc2a
84620955-50a5-43bb-92cf-1e75c4c6f706,Joshua Bradley DDS,1960-02-15,Other,Estonian,3bec5e3f-c3c4-4f18-957c-01e89b0d2404
0cecbc17-24d3-4f71-8c81-f9bafd76c7d6,Hall Kimberly,1964-03-31,Other,et,7921c326-b74c-4795-a1b4-603d7b795674
c36eb1eb-1c3f-4bb4-9d3e-7aefaf424dd9,Cynthia Fvoster,1993-10-23,Male,et,5a46b5f7-37e6-4042-a61f-115c03731f7d
5c1f83a9-5a3c-4706-b80f-b09905b820e5,Evans Stephanie,1982-10-14,Male,de,6b3bca6a-190d-4f0d-806f-8bff2d584043
92aad77b-d6e2-4507-9896-e4ab4a7e3d70,Nbicole Brown MD,1993-09-26,Female,de,55270ae6-b9e0-4139-8b0c-296fa9929cf5
d9505ff5-d368-4c9a-b469-ddcceb0f4ddb,D. Blake,1995-06-30,Male,de,fe8295f3-94b5-41e0-a821-ce4ba1667902
e46e28bd-795a-425c-846d-ba6d838249ec,Emily Cooper,1961-03-28,Male,Estonian,6f3bf8cb-c3a3-44d4-b069-54181eba1b4d
f09fb12f-db90-48de-b0a9-6e2459e3d927,Tammy Skinner,1983-01-02,Male,German,95442998-6d39-40c6-ab48-757eda325c6e
e153da7c-7dcf-4158-999f-6a3aa4ed85bb,Terry Fuetnes,1993-02-07,Male,de,c03c9f0f-0d77-4cd6-860a-fb5d6e54a530
b3089b20-1aac-41d4-9390-018a6cbc1a2b,Lawrence Jennifer,1996-02-20,Female,de,3660ac01-4346-474e-a5ad-475e2cbaa04a
a83ae74b-9f5f-45f3-a0af-f45adb74c41a,Lisa Horton,1993-08-24,Male,Estonian,3cb9aa16-1817-4885-8ed5-09c672d2b5d8
fbbb017a-69d5-4182-b309-97d6ab175589,Miller Jessica,1960-05-06,Male,nl,caca7631-fca9-4542-a624-4ded3b35d65b
78c76c9d-928c-4db6-8819-d826ad51b43d,Edward Fernandez,1985-04-14,Male,de,0902e136-2681-4e0e-9a55-14fc96c2aed5
70623163-0bd3-4a6d-91ee-b4d488d8d78c,E. Jacobs,1990-09-22,Other,et,28a3d6f4-27c7-40e5-8221-e25412099263
e5d3d01e-cd8c-4813-8e15-c82261babb53,Kristina Wood,1976-04-07,Other,Dutch,28cee2e9-8a23-4741-bcbc-550562629dde
78c336c7-ea4f-4904-beb2-9991269c3841,Stephanie Powell,1964-08-29,Male,nl,eaefa8a4-a8d5-4e2b-9c66-c0dc8dc113a5
e4ea33ce-c849-4dda-95a8-e243b5e22c45,Micheal Allen,1994-12-16,Male,nl,ee2e2fa2-ff2b-4a03-a19a-b9ad96fc18c6
490015e0-0717-4447-ba52-89db867cfaa5,Robert Vazquez,1973-03-23,Other,nl,3b1bc911-0c9d-4e88-bad3-e9cd242ace5c
fe8a5eb9-541c-4fff-9c99-5baa90de5681,Miller Robert,1962-07-23,Male,nl,a1ee0564-996d-45a8-b59b-86f67fd3e44f
7e3ffac3-bf42-482b-91a2-56d3a3b36c0d,J. Hayes,1961-01-31,Female,et,24ae5777-d9c6-42ec-9fad-04008cd41162
b081fc3e-8368-40fa-83c6-0a8eafcd81fa,Aaron Levine,1983-08-09,Male,Estonian,da8d5847-8d47-42f9-bea8-e3ba2c02ea2a
d07c3bf2-5f96-48f2-964a-0474f17ed0b9,Jacob Bell,1983-08-10,Other,et,f1bb0fe0-6eb7-4d75-b6a5-c5315c34eca4
a3508a90-953f-4b27-afb7-5e00564559c0,James Adams,1993-12-24,Male,de,7a3d7c70-bb55-4a41-bfdc-5044af82996b
36d70d2f-9fce-4b00-8e32-a2cf05372198,Rachel Brown,1975-11-05,Male,et,106fc013-d158-4561-96a6-cd7c18fc2b4d
7725f345-08ee-4e70-ac76-8449a4053fd3,Keith Peterson,1998-15-08,Female,de,6e464b20-71ad-4de8-92e1-f4936022bf59
39670b1b-2e46-4bf4-a508-b41827f5e8e3,Lindsey Franklin,1977-10-25,Other,et,0ed939a6-1987-40c2-91d5-f5bb640bb3cc
a33da462-279c-47b2-910a-64b80ae9548c,M. Dustin Santos Jr.,1971-06-22,Male,de,60f9f2b9-9ee2-436f-bb74-660af7f1af5f
5d6e3be4-d698-47ce-801e-2c9ab7645b85,Martinez Shirley,1968-02-27,Other,nl,5d64be6d-dc5c-414e-bfd8-2455a04b22d4
8e48cb0d-3edc-4339-92ec-0d9ae94e85e5,Lawrence Smith,1986-01-05,Male,Estonian,1b23a661-ebf7-45d0-813c-36b19a268370
3522f385-c804-4a3a-bf0c-58b852e77c66,David Copeland,1970-12-18,Other,Dutch,198110e2-db0a-405e-8635-9ddeefb99fe8
7b547fee-d740-44cb-8ba0-4c178c849b8f,Johnson Carlos,1965-03-31,Male,et,91d11d06-b6bd-4a3b-903c-238f0c91a480
bb9e2b97-09e0-422e-ba25-83c63ff3e81c,Thompson Shaun,1960-02-06,Other,et,b71519db-d56d-4b31-a817-ebf1281a8cfe
c30a9479-4684-437d-9ee0-cbc1f34d909c,Jeffrey Moore,1959-10-05,Male,et,aeee6105-8b67-4ff7-8653-ef180596df35
d8970d61-0af4-40e5-9c1c-adadffcf36d1,Wilson Judith,1967-11-09,Female,nl,783c125c-1789-43cf-8cc4-55801ba451fb
48cf384b-4840-4c50-be7b-ed19cfbc32a0,Kyle Gibson,1970-06-19,Female,Estonian,9fcbc2e9-98f2-4434-a9a9-f410b1759e79
7c1b47e3-9677-485d-8d53-a86c1584f69f,Richard Thomas,1979-15-04,Other,de,c2f58956-9775-424f-9ce5-c8d83a127af6
4d4cc768-570b-427c-9397-4c6724d321ab,Timethy Stevenson,1971-03-04,Male,et,ccf575a8-0a4d-4de5-87d3-6c5cd856addf
c60f83d3-73e2-4184-b612-38852e4c0383,C. Baker,1971-07-09,Female,nl,c0ec4d71-38dc-41d5-b362-9bd23381a4b9
fa61cfec-4793-43e0-a95c-4cec44a1e1fc,Harvey Michael,1966-01-17,Other,et,8dd4a4f0-cf5a-4ff7-958c-e070d3b28533
4e4d2acf-792e-40ec-befa-18471b336912,Vargas Cynthia,1994-04-15,Male,nl,010c0571-6f91-4a44-9e46-fc2fd630c7ee
a9878fb1-b80d-419e-92ec-56683e0607ac,S. Stone,1975-12-04,Male,et,9ec39aef-2685-4718-8d5c-f36cd19981ef
725ee8f9-c858-4c59-b813-f95cbd828b00,Destiny Mozre,1959-12-28,Female,et,efb18925-bb4e-415d-a4b5-523dd71448e1
fe2c8c7b-9800-4a7c-802e-2396d079281e,Hughes Alexander,1983-11-06,Female,de,84db3875-1997-437e-9b3f-613d4f08fdc1
67cea743-4f58-430b-99d8-020c429ccf4a,K. Knapp,1982-01-18,Female,et,fa51fc3d-429b-488f-8a6e-ec58f793b0fd
cb01832a-7987-4e66-871a-56e37a404411,Emily Hensley,1991-07-03,Other,Estonian,d7d0e788-8b73-4530-9144-47f32ef22a34
945f8660-9135-4582-86b4-95daa286b8a2,Paul Adams,1960-02-17,Male,nl,7cfcc63a-82fa-4326-a650-5c1e33a59c61
0f4456aa-ec99-437b-a02c-6491aec69bc4,A. Tucker,1996-03-24,Female,et,6aa10fee-c6b9-4b57-83d2-d00a1a0253c2
baf1b828-13c5-42bf-8c67-8a650ac9508a,Brian Burton,1969-10-04,Female,et,2fa67af3-1cd3-4c75-8089-432b1e834e4a
09c03792-3018-4fe7-a7a0-1d3e9b38788a,Kathleen Pham,1975-09-21,Other,de,a88a96ca-4a8c-4f0a-a9e5-7340fdc60cf4
a3c891ff-cc56-4423-9377-844b409d9e52,Dustin Pean,1996-11-13,Female,et,d405b332-14a6-4a95-8267-386c331c1e11
ee76cbf9-9594-421f-a72b-17cf31c00534,Natalie Barr,1995-31-03,Male,nl,2a245e30-f9f3-4b32-b3c7-19e41ac92c71
c402505e-1d57-41f7-a398-e6c718f16e5a,Werner Casey,1981-08-17,Other,de,5e336978-6199-47ed-b959-7fb1caee80ea
8403aec6-8eb9-4480-992d-86ee6f4c8fcd,Silva Russell,1974-02-19,Other,nl,dd996624-85c2-4b40-9f09-eba49aa371ae
8a4f02f3-d602-4ebb-ba0a-667c9ea7f52d,Michael Chajg,1983-07-10,Female,de,e71e83cb-3478-4e3e-8f0d-fa07a5af6883
83ee8aa2-9fcb-4980-8921-5ad60f9611ba,Michael Shepard,1990-03-12,Female,et,c81155af-b25a-4c8e-89b5-df6555c27fc4
a608f82a-fdc5-4b0c-9ef8-7c2f3bced66a,Chelsea Dauvis,1971-05-21,Female,et,c3d74ff3-4d75-46f3-993c-efef8cd4af5a
b8b80f89-ece5-4a49-a5b2-fd36804375fd,John Mcgrath,1966-05-05,Female,de,826c9f2f-e5ec-48b3-b1f3-6b6cc1cf07ee
5a8d131d-020d-4690-b86b-e4fc907fc1b3,Lauren Jensen,1987-26-03,Male,et,70657c81-ab93-40db-85da-2f7ecedcc449
04d9a1ae-05dc-4d5b-a532-38a938b32a03,L. Schultz,1964-09-22,Female,nl,9e163813-8972-4889-bc11-3fc91f1aa326
eb3a1b58-1a13-45fb-a524-50917947bc3c,Kimberly Porter,1996-02-02,Female,de,db6f6def-23fd-43fa-ac46-90eb7dce31a4
108d79cb-5075-4952-ad5c-4693c49ce073,Christopher Black,1971-07-03,Female,et,c12b2682-8ea9-4d5d-906f-c5f1b744ed49
2caa54ec-1edf-4ce2-9842-6fa86ef99153,Erci Alexander,1982-03-06,Other,nl,480b8dfa-18b8-4670-af5f-254f5ae518b9
5cf27760-c3db-42f3-beb2-158191474d8a,Eric Trujillo,1979-05-04,Other,nl,0e2964cb-4614-4c21-9750-82ffa8b2f275
5cbcc757-e4f2-416e-9c19-0c0b03661145,R. Meyers,1972-03-31,Other,de,cfd50a66-e730-4a4e-8954-92f530456619
b4c1f790-0837-483b-8ebd-1ce746a04167,Erin Wilson,1983-08-02,Other,nl,f8cb7328-8451-4469-936d-903af34c5106
c7d0501e-5c90-46e4-a076-bc70f249e860,Lambert Michael,1984-03-08,Female,de,650a55a0-253f-41ad-890c-b5c136ca868d
f49813b1-3d12-4d81-97cb-7d061c34ce21,David Wright,2000-03-05,Other,German,a5b13d08-55f8-48bb-9695-1770eb21d7da
30c638c7-dbd7-4ab3-ab2b-6b2fbb3f7310,C. Mitchell,1974-05-01,Female,et,af20c016-88b8-40af-bf77-c7f244401996
f5f4e97a-2bd0-4fdb-a713-70a3bb31e7fc,C. Cooper,1963-01-24,Female,et,5a261b22-95f6-49dc-9c67-db64bd35f344
b5fb00af-6123-4ce3-9fa0-5531c0ad9164,Mark Duran,1961-11-13,Other,nl,aba55918-992e-4367-aa5f-0dc9ad6d7da5
ccc9be10-cea8-469a-8860-ab272e453423,Stephen Cunningham,1993-11-03,Other,et,4b2e24a2-a5c0-4ab7-ab15-87e0773b0651
15b48f5d-9174-4352-9373-af7105fb8980,Aaron Walters,1985-07-08,Female,et,71c220b0-0d97-496c-9ccb-f1dc1676c93c
0c30a25b-d398-4d0b-a77f-f9c281ce56ea,J. Stewart,1968-06-06,Other,de,71577700-0a78-4cf5-89f1-cfe1bb524056
76d2d5b2-12ff-4242-a05a-b46b0271dd99,Amy Stein,1989-11-20,Other,de,ea68f390-7479-4e76-8b17-538c98eacbad
be85b5f0-e6cb-4863-bbd0-044f65ccbb97,Connie Weber,1974-01-20,Other,et,beb2d716-50a2-4f8e-b7ed-8fd685a46efd
7aec21ee-40e9-4103-bb44-ac9934e91b43,Jack Gibson,1979-17-01,Male,et,f4664b68-2dc6-442d-9b95-4bc31a83c6a3
9796793e-4b07-42ec-951f-a6bb149435e0,Matthew Ross,1998-10-25,Female,German,3600ca8e-66d9-45d0-8adb-021e46ba1c9b
30c84771-0e39-4a11-8121-c549b1f70fea,Marshall Roger,1999-11-10,Male,nl,cc585ed8-1411-4b74-8e7b-fea551018f68
